hr,ra_hours,dec_degrees,vmag,designation,name
2,0.084389,-0.50306,6.29,,
3,0.088917,-5.70750,4.61,33 Psc,
4,0.095000,13.39611,5.51,86 Peg,
5,0.104444,58.43667,5.96,,
6,0.105278,-49.07500,5.70,,
7,0.107361,64.19611,5.59,10 Cas,
8,0.110222,29.02139,6.13,,
9,0.113917,-23.10750,6.18,,
10,0.121722,-17.38639,6.19,,
11,0.128917,-2.54889,6.43,,
12,0.129667,-22.50889,5.94,,
13,0.134306,-33.52944,5.68,,
14,0.136694,-2.44778,6.07,,
15,0.139806,29.09056,2.06,α And,Alpheratz
16,0.138167,-8.82389,5.99,,
17,0.144722,36.62667,6.19,,
18,0.142611,-17.57750,6.06,,
19,0.147833,25.46278,6.23,,
20,0.155611,79.71472,6.01,,
21,0.152972,59.14972,2.27,β Cas,Caph
22,0.150667,18.21194,5.53,87 Peg,
23,0.150667,-54.00194,6.33,,
24,0.155833,-27.98778,5.42,κ¹ Scl,
25,0.156861,-45.74750,3.88,ε Phe,
26,0.167306,11.14556,5.51,34 Psc,
27,0.172028,46.07222,5.03,22 And,
29,0.171889,-5.24861,5.84,,
30,0.167250,-82.22389,5.28,γ³ Oct,
31,0.178556,-12.58000,5.85,,
33,0.187750,-15.46806,4.89,6 Cet,
34,0.192889,-27.79972,5.41,κ² Scl,
35,0.195556,-35.13306,5.25,θ Scl,
36,0.199750,48.15250,6.16,,
37,0.202778,-17.93833,5.25,,
39,0.220611,15.18361,2.83,γ Peg,Algenib
40,0.223333,26.98722,6.30,,
41,0.225222,41.03528,5.72,23 And,
42,0.228361,-26.02194,5.94,,
43,0.228944,-26.28472,6.31,,
44,0.233972,33.20611,6.25,,
45,0.243389,20.20667,4.80,χ Peg,
46,0.241000,-7.78056,5.12,,
47,0.222056,-84.99417,5.77,,
48,0.244000,-18.93278,4.44,7 Cet,
49,0.248917,22.28417,6.24,,
50,0.249667,8.82083,5.79,35 Psc,
51,0.248472,-9.56972,5.75,,
52,0.251944,31.53583,6.45,,
53,0.252944,27.28306,6.35,,
54,0.249500,-34.90444,6.17,,
55,0.270556,76.95083,6.35,,
56,0.272667,43.59472,6.15,,
57,0.269139,-31.44639,5.67,,
58,0.265333,-75.91139,6.49,,
59,0.276139,8.24000,6.11,36 Psc,
60,0.282528,61.53333,5.74,,
61,0.278472,-20.21056,6.47,,
62,0.285861,47.94750,5.89,,
63,0.284861,38.68167,4.61,θ And,
65,0.295278,51.43306,6.14,,
66,0.292389,-19.05111,6.45,,
67,0.296583,1.68889,6.17,,
68,0.305472,36.78528,4.52,σ And,
69,0.304778,11.20583,6.05,,
70,0.311694,43.79111,6.11,26 And,
71,0.310639,31.51722,5.87,,
72,0.311611,-8.05278,6.46,,
73,0.311833,-43.23528,6.33,,
74,0.323806,-8.82389,3.56,ι Cet,
75,0.328222,40.72972,6.33,,
77,0.334528,-64.87472,4.23,ζ Tuc,
78,0.340111,30.93583,5.90,,
79,0.345972,32.91139,5.79,,
80,0.343306,8.19028,5.37,41 Psc,
82,0.352028,37.96861,5.18,ρ And,
83,0.344167,-69.62500,5.51,π Tuc,
84,0.358667,-28.98167,5.18,ι Scl,
85,0.362861,-20.05778,5.12,,
86,0.373750,13.48250,6.23,42 Psc,
87,0.357944,-77.42694,5.97,,
88,0.381056,-12.20944,6.39,9 Cet,
91,0.404333,52.02000,5.57,,
93,0.413194,61.83111,5.40,12 Cas,
94,0.408250,-2.21917,6.07,,
96,0.418444,53.04694,5.74,,
97,0.423389,1.93972,5.77,44 Psc,
98,0.429194,-77.25417,2.80,β Hyi,
99,0.438056,-42.30611,2.39,α Phe,Ankaa
100,0.436722,-43.68000,3.94,κ Phe,
101,0.443722,-0.04972,6.19,10 Cet,
102,0.454083,-25.54722,5.98,,
103,0.467472,17.89306,5.06,47 Psc,
104,0.470472,44.39444,5.17,,
105,0.465472,-33.00722,4.81,η Scl,
106,0.470194,16.44500,6.06,48 Psc,
107,0.472250,10.18972,6.04,,
108,0.472528,-20.33500,6.43,,
109,0.474000,-39.91500,5.43,,
110,0.482389,36.90000,6.26,,
111,0.478639,-50.53278,6.26,,
112,0.515278,77.01944,6.21,,
113,0.505528,59.97722,5.94,,
114,0.502028,29.75167,5.23,28 And,
115,0.497750,-14.86417,6.14,,
117,0.500667,-3.95722,5.72,12 Cet,
118,0.506306,-23.78778,5.19,,
119,0.507722,-40.93944,6.19,,
120,0.507250,-48.21500,5.69,,
121,0.523694,66.51944,6.18,13 Cas,
122,0.523778,33.58167,5.87,,
123,0.529556,54.52222,4.73,λ Cas,
124,0.528111,52.83944,5.60,,
125,0.523611,-48.80361,4.77,λ¹ Phe,
126,0.525750,-62.95806,4.37,β¹ Tuc,
127,0.526000,-62.96583,4.54,β² Tuc,
129,0.555361,70.98167,6.42,,
130,0.550000,62.93167,4.16,κ Cas,
131,0.543194,20.29444,5.38,52 Psc,
132,0.539944,6.95556,5.67,51 Psc,
134,0.546972,28.28028,6.30,,
135,0.552889,54.89500,5.93,,
136,0.545500,-63.03111,5.09,β³ Tuc,
137,0.573583,66.75028,6.48,16 Cas,
138,0.561417,-29.55833,5.55,,
139,0.556472,-71.26611,6.13,θ Tuc,
140,0.574389,-52.37306,5.57,,
141,0.582028,13.37111,6.40,,
142,0.587472,-3.59278,5.20,13 Cet,
143,0.592444,-0.50556,5.93,14 Cet,
144,0.602306,54.16861,5.08,,
145,0.598528,13.20667,6.41,,
146,0.607583,60.32611,5.79,,
147,0.594750,-48.00083,5.51,λ² Phe,
148,0.592611,-54.82194,6.06,,
149,0.605556,27.25472,6.50,,
150,0.600833,-14.97361,6.45,,
151,0.601917,-22.84250,6.06,,
152,0.612944,44.48861,5.13,,
153,0.616194,53.89694,3.66,ζ Cas,Fulu
154,0.614694,33.71944,4.36,π And,
155,0.613139,15.23167,5.89,53 Psc,
156,0.618667,24.01417,6.47,,
157,0.622528,35.39944,5.48,,
158,0.663139,82.49389,6.40,,
159,0.622417,-24.76722,5.57,,
160,0.610389,-65.12472,6.42,,
161,0.625139,3.13528,6.39,,
162,0.621694,-54.39417,6.41,,
163,0.642583,29.31167,4.37,ε And,
164,0.652750,49.35444,5.43,,
165,0.655472,30.86083,3.27,δ And,
166,0.656056,21.25056,5.87,54 Psc,
167,0.665444,21.43833,5.36,55 Psc,
168,0.675139,56.53722,2.23,α Cas,Schedar
171,0.664444,-44.79667,6.01,,
172,0.674611,-16.51694,6.49,,
173,0.675806,-23.80444,6.14,,
174,0.678444,-4.35194,5.91,,
175,0.685333,39.45861,5.33,32 And,
176,0.674000,-59.45444,5.89,,
177,0.700944,66.14750,5.83,,
178,0.693333,24.62917,6.04,,
179,0.701083,50.51250,4.80,ξ Cas,
180,0.688778,-46.08500,4.59,μ Phe,
181,0.708639,58.75333,6.17,,
183,0.696222,-56.50167,5.70,ξ Phe,
184,0.724472,47.02472,4.94,π Cas,
185,0.711917,-38.46333,6.06,λ¹ Scl,
186,0.711611,-60.26250,5.98,,
187,0.707889,-65.46806,5.39,ρ Tuc,
188,0.726500,-17.98667,2.04,β Cet,Diphda
189,0.740667,47.86417,5.67,,
190,0.730611,-12.01167,6.02,,
191,0.722556,-57.46306,4.36,η Phe,
192,0.760833,74.98806,5.66,21 Cas,
193,0.745417,48.28444,4.54,ο Cas,
194,0.736500,-10.60944,4.76,φ¹ Cet,
195,0.736694,-38.42167,5.90,λ² Scl,
196,0.754778,55.22167,5.42,,
197,0.745667,-22.00611,5.24,,
198,0.749194,-42.67667,5.94,,
199,0.742306,-62.49778,6.07,,
200,0.777500,69.32500,6.33,,
201,0.756694,-4.62917,6.15,,
202,0.750000,-53.71500,6.15,,
203,0.757972,-12.88083,6.15,18 Cet,
205,0.769694,44.86139,6.05,,
206,0.761583,-16.42417,6.47,,
207,0.778444,59.57444,6.39,,
208,0.796139,74.84750,5.41,23 Cas,
209,0.762667,-47.55167,5.80,,
210,0.769944,-22.52194,5.50,,
211,0.775833,15.47556,5.38,57 Psc,
212,0.802528,72.67500,5.87,,
213,0.783750,11.97389,5.50,58 Psc,
214,0.787111,19.57889,6.13,59 Psc,
215,0.788972,24.26722,4.06,ζ And,
216,0.789889,6.74083,5.99,60 Psc,
218,0.795361,-18.06139,5.70,,
219,0.818333,57.81583,3.44,η Cas,Achird
220,0.800306,-21.72250,5.57,,
221,0.804833,7.30000,5.93,62 Psc,
222,0.806389,5.28056,5.75,,
223,0.813917,50.96833,4.89,ν Cas,
224,0.811389,7.58500,4.43,δ Psc,
225,0.816306,16.94056,5.07,64 Psc,
226,0.830222,41.07889,4.53,ν And,
227,0.823778,-13.56139,5.59,,
228,0.820528,-24.13639,5.90,,
229,0.815750,-46.69778,6.27,,
232,0.825944,-23.36167,6.28,,
233,0.845444,64.24750,5.39,,
234,0.838417,45.00222,6.15,,
235,0.835444,-10.64444,5.19,φ² Cet,
236,0.809833,-74.92333,5.07,λ Hyi,
237,0.854556,61.80583,6.07,,
238,0.849278,51.50806,6.39,,
239,0.834361,-43.39472,6.48,,
240,0.914750,83.70722,5.62,,
241,0.859361,51.57111,6.21,,
242,0.844778,-50.98694,5.22,ρ Phe,
243,0.855083,3.38500,6.37,,
244,0.884472,61.12417,4.82,,
247,0.877944,-24.00583,5.46,,
248,0.883472,-1.14417,4.77,20 Cet,
249,0.891167,37.41806,6.06,,
250,0.896556,52.68917,6.27,,
251,0.886778,-24.77694,6.46,,
252,0.873417,-69.50444,6.22,λ¹ Tuc,
253,0.916694,58.97278,4.83,υ¹ Cas,
254,0.909778,19.18833,5.74,66 Psc,
255,0.904889,-8.74083,6.16,21 Cet,
256,0.918111,48.67861,6.27,,
257,0.893861,-62.87139,5.70,,
258,0.916111,23.62833,5.47,36 And,
259,0.920750,24.55694,6.20,,
260,0.936917,57.99667,6.21,,
261,0.948778,68.77611,6.37,,
262,0.932917,27.20944,6.09,67 Psc,
263,0.928444,-7.34722,5.85,,
264,0.945139,60.71667,2.47,γ Cas,
265,0.944389,59.18111,4.63,υ² Cas,Castula
266,0.946417,60.36278,5.55,,
267,0.933750,-11.26667,5.31,φ³ Cet,
268,0.932083,-27.77556,6.10,,
269,0.945889,38.49944,3.87,μ And,
270,0.916750,-69.52694,5.45,λ² Tuc,
271,0.953444,23.41750,4.42,η And,
272,0.961028,45.83972,6.12,,
273,0.975306,66.35222,5.97,,
274,0.963944,28.99222,5.42,68 Psc,
275,0.970611,33.95083,5.98,,
276,0.965139,13.69583,6.32,,
277,0.971917,21.40444,6.37,,
278,1.008611,70.98306,6.39,,
279,0.978861,-11.38000,5.61,φ⁴ Cet,
280,0.976778,-29.35750,4.31,α Scl,
281,0.972889,-60.69639,6.23,,
283,1.001000,44.71333,6.04,,
284,0.997139,6.48306,6.11,,
285,1.145750,86.25694,4.25,,
286,1.564000,89.01556,6.46,,
287,1.038444,51.03500,6.47,,
288,1.021750,-38.91667,5.59,ξ Scl,
289,1.050417,47.37611,6.45,,
290,1.048417,41.34500,5.98,39 And,
291,1.046972,31.80444,5.50,σ Psc,
292,1.060278,61.07500,5.92,,
293,1.040667,-31.55194,5.50,σ Scl,
294,1.049056,7.89000,4.28,ε Psc,
295,1.033833,-57.00250,6.11,ω Phe,
296,1.050722,-4.83667,5.43,25 Cet,
297,1.072111,61.58028,5.84,,
298,1.067333,52.50222,5.99,,
299,1.047000,-46.39750,5.36,,
300,1.054889,-29.52583,6.29,,
301,1.063611,1.36667,6.04,26 Cet,
303,1.074333,29.65861,6.19,,
304,1.045250,-65.45611,6.21,,
306,1.270417,87.14528,6.25,,
307,1.081278,5.65639,6.00,73 Psc,
308,1.084833,14.94611,5.68,72 Psc,
310,1.094694,21.47333,5.34,ψ¹ Psc,
311,1.094917,21.46528,5.56,ψ¹ Psc,
312,1.153417,80.01167,6.29,,
313,1.097000,4.90833,6.35,77 Psc,
315,1.093556,-9.97917,6.12,27 Cet,
316,1.116722,56.93500,6.43,,
317,1.101417,-9.83944,5.58,28 Cet,
318,1.119306,53.49833,6.38,,
319,1.109333,12.95611,6.12,75 Psc,
320,1.102139,-23.99250,6.14,,
321,1.137889,54.92028,5.17,μ Cas,
322,1.101389,-46.71861,3.31,β Phe,
324,1.133583,43.94194,5.03,41 And,
325,1.120306,-23.99639,6.37,,
326,1.142583,58.26361,5.79,,
327,1.133694,32.01222,6.25,78 Psc,
328,1.132556,20.73917,5.55,ψ² Psc,
329,1.129500,-9.78556,5.82,30 Cet,
330,1.139500,5.64972,5.52,80 Psc,
331,1.129972,-41.48694,5.21,υ Phe,
332,1.121861,-61.77528,5.37,ι Tuc,
333,1.204639,79.67389,5.64,,
334,1.143167,-10.18222,3.45,η Cet,
335,1.158389,47.24194,4.25,φ And,
336,1.177583,68.77861,5.29,31 Cas,
337,1.162194,35.62056,2.06,β And,Mirach
338,1.139750,-55.24583,3.92,ζ Phe,Wurren
339,1.163667,19.65861,5.55,ψ³ Psc,
340,1.171889,42.08139,5.65,44 And,
341,1.172056,25.45778,5.80,,
342,1.190444,64.20278,5.55,,
343,1.185056,55.14972,4.33,θ Cas,
344,1.169861,15.67417,6.06,,
345,1.194833,65.01889,5.57,32 Cas,
346,1.170000,-8.90611,6.40,32 Cet,
347,1.176000,2.44556,5.95,33 Cet,
348,1.186194,37.72417,5.81,45 And,
349,1.185222,31.42472,5.16,82 Psc,
350,1.168722,-57.69444,6.41,,
351,1.190889,21.03472,4.66,χ Psc,
352,1.194333,30.08972,4.51,τ Psc,
353,1.195417,-2.25111,5.94,34 Cet,
354,1.219417,61.70583,6.41,,
355,1.209444,45.33778,6.11,,
356,1.216528,30.06417,6.19,,
357,1.275194,79.91000,6.26,,
359,1.212611,-37.85639,5.92,,
360,1.229139,24.58361,4.65,φ Psc,
361,1.228861,7.57528,5.24,ζ Psc,Revati
362,1.229250,7.57833,6.30,ζ Psc,
363,1.234722,28.52972,6.43,,
364,1.235444,16.13361,5.98,87 Psc,
366,1.240000,-7.92306,5.13,37 Cet,
367,1.245111,6.99528,6.03,88 Psc,
368,1.247000,-0.97389,5.70,38 Cet,
370,1.253083,-45.53139,4.96,ν Phe,
371,1.271889,33.11472,6.02,,
372,1.284750,44.90194,6.34,,
373,1.276750,-2.50028,5.41,39 Cet,
375,1.338750,77.57056,6.31,,
376,1.302833,47.41972,6.25,,
377,1.262806,-68.87611,4.86,κ Tuc,
378,1.296667,3.61444,5.16,89 Psc,
379,1.313056,37.38611,6.46,,
380,1.284333,-66.39806,6.24,,
381,1.366417,76.23889,6.38,,
382,1.334694,58.23167,4.98,φ Cas,
383,1.324444,27.26417,4.76,υ Psc,
384,1.351444,64.65833,6.34,35 Cas,
385,1.330083,-0.50889,5.87,42 Cet,
386,1.396333,78.72583,6.07,,
387,1.342917,-3.24694,6.23,,
388,1.341056,-11.23889,6.15,,
389,1.352056,28.73806,5.23,91 Psc,
390,1.372333,45.52889,4.88,ξ And,Adhil
391,1.389333,58.14306,6.45,,
392,1.376944,1.72639,6.20,,
393,1.376333,-0.44972,6.49,43 Cet,
394,1.375139,-19.08139,6.35,,
395,1.394611,37.71500,5.58,47 And,
396,1.393750,34.24583,6.29,,
397,1.390250,20.46889,5.97,,
398,1.429583,70.98000,6.49,,
399,1.432222,68.13000,4.74,ψ Cas,
400,1.391944,-30.94556,5.84,,
401,1.400694,-8.00750,6.21,44 Cet,
402,1.400389,-8.18333,3.60,θ Cet,
403,1.430278,60.23528,2.68,δ Cas,Ruchbah
404,1.405722,-6.91472,5.91,,
405,1.411056,-15.66028,6.14,,
406,1.413528,-2.84861,6.15,,
407,1.426583,23.51167,6.18,,
408,1.411333,-41.49250,5.42,,
409,1.438500,43.45778,5.96,,
410,1.435750,34.57972,6.31,,
411,1.411639,-44.52833,6.26,,
412,1.427000,-14.59889,4.90,46 Cet,
413,1.437583,19.17222,5.38,ρ Psc,
414,1.444917,19.24028,5.50,94 Psc,
415,1.451722,34.37750,6.27,,
416,1.440917,-0.39861,6.41,,
417,1.460944,45.40667,4.83,ω And,
418,1.457389,41.10056,6.46,,
420,1.418139,-64.36944,5.93,,
421,1.447667,-13.05667,5.66,47 Cet,
423,1.449472,-32.54306,5.79,,
424,2.530194,89.26417,2.02,α UMi,Polaris
425,1.462944,-10.90167,6.13,,
426,1.473028,7.96139,6.20,,
427,1.520500,70.26472,5.81,38 Cas,
428,1.514528,66.09806,6.14,,
429,1.472750,-43.31833,3.41,γ Phe,
430,1.501722,47.00722,5.27,49 And,
432,1.498028,18.35556,6.02,97 Psc,
433,1.493361,-21.62944,5.12,48 Cet,
434,1.503083,6.14389,4.84,μ Psc,
435,1.491778,-46.75639,6.31,,
436,1.506361,-26.20778,5.93,,
437,1.524722,15.34583,3.62,η Psc,Alpherg
438,1.535444,34.80000,6.39,,
439,1.557167,58.32750,5.70,,
440,1.520861,-49.07278,3.95,δ Phe,
441,1.528694,-30.28333,5.82,,
442,1.565528,59.23194,4.71,χ Cas,
443,1.527528,-45.57556,6.17,,
445,1.548889,-36.86528,5.51,,
446,1.571278,37.23722,5.88,,
447,1.543417,-49.72778,6.28,,
448,1.561917,-7.02528,5.76,,
450,1.580306,18.46056,5.89,,
451,1.577167,-15.67611,5.63,49 Cet,
452,1.597917,41.07639,6.38,,
453,1.580750,-31.89222,6.12,,
454,1.607556,48.72278,5.92,,
455,1.596222,14.66139,6.22,101 Psc,
456,1.641917,73.04000,5.28,40 Cas,
457,1.598556,17.43361,5.80,,
458,1.613278,41.40556,4.09,υ And,Titawin
459,1.599722,-15.40028,5.42,50 Cet,
460,1.587556,-58.13944,6.01,,
461,1.635444,57.97750,5.56,,
462,1.602333,-29.90750,5.69,τ Scl,
463,1.618306,12.14167,5.57,π Psc,
464,1.633222,48.62833,3.57,51 And,Nembus
465,1.642139,45.40000,6.36,,
466,1.627139,-9.40389,6.24,,
467,1.560889,-78.50472,6.11,,
468,1.612444,-58.27083,6.18,,
469,1.655833,44.38611,4.98,χ And,
470,1.670306,53.86833,6.39,,
471,1.640944,-36.52833,5.94,,
472,1.628583,-57.23667,0.46,α Eri,Achernar
473,1.647722,-21.27528,5.58,,
475,1.661333,16.40583,5.97,105 Psc,
476,1.677722,43.29778,5.61,,
477,1.676333,40.57694,4.94,τ And,
478,1.705694,68.04306,5.59,43 Cas,
480,1.715528,70.62250,5.18,42 Cas,
482,1.704944,58.62778,6.37,,
483,1.696444,42.61361,4.95,,
484,1.688444,25.74583,6.17,,
485,1.694222,30.04722,5.99,,
486,1.663167,-56.19806,5.87,,
487,1.663278,-56.19472,5.76,,
488,1.716222,61.42167,6.34,,
489,1.690528,5.48750,4.44,ν Psc,
490,1.700972,35.24556,5.64,,
491,1.722139,60.55111,5.78,44 Cas,
492,1.695750,-11.32472,5.75,,
493,1.708278,20.26861,5.24,107 Psc,
494,1.690917,-38.13306,6.17,,
495,1.721250,45.32222,6.34,,
496,1.727667,50.68861,4.07,φ Per,
497,1.702389,-32.32694,5.25,π Scl,
498,1.700833,-36.83250,5.72,,
499,1.738306,57.53639,6.21,,
500,1.712083,-3.69028,4.99,,
502,1.746139,57.08917,6.25,,
503,1.730556,32.19167,6.34,,
504,1.740694,46.13972,6.35,,
505,1.696667,-60.78944,5.71,,
506,1.708139,-53.74056,5.52,,
507,1.731889,-4.76556,6.19,,
508,1.748833,20.08306,6.27,109 Psc,
509,1.734472,-15.93750,3.50,τ Cet,
510,1.756556,9.15778,4.26,ο Psc,Torcular
511,1.795778,63.85222,5.63,,
512,1.632111,-82.97500,5.87,,
513,1.766472,-5.73333,5.34,,
514,1.760778,-25.05250,5.31,ε Scl,
516,1.689250,-79.14833,6.33,τ¹ Hyi,
517,1.766944,-27.34917,6.39,,
518,1.796667,46.22972,6.32,,
519,1.768278,-50.81639,5.49,,
520,1.768417,-53.52194,5.04,,
521,1.810806,37.95278,5.94,,
522,1.803028,16.95556,5.84,4 Ari,
523,1.811556,32.69028,5.79,,
524,1.788000,-41.76000,6.18,,
525,1.624444,-84.76972,5.69,,
526,1.821028,47.89694,5.82,,
527,1.807222,3.68556,5.91,,
528,1.796611,-37.15972,6.32,,
529,1.849194,51.93333,5.90,,
530,1.835694,22.27528,5.86,1 Ari,
531,1.826417,-10.68639,4.67,χ Cet,
532,1.822083,-31.07278,6.34,,
533,1.866472,55.14750,5.52,1 Per,
534,1.847778,11.04333,5.94,,
535,1.830222,-38.40389,6.37,,
536,1.869278,50.79278,5.79,2 Per,
537,1.838944,-47.81639,6.14,,
538,1.880778,51.47472,6.26,,
539,1.857667,-10.33500,3.73,ζ Cet,Baten Kaitos
540,1.896806,55.59806,6.45,,
541,1.848472,-50.20611,5.94,,
542,1.906583,63.67000,3.38,ε Cas,Segin
543,1.888139,40.72972,5.40,55 And,
544,1.884694,29.57889,3.41,α Tri,Mothallah
545,1.892167,19.29583,4.83,γ¹ Ari,
546,1.892167,19.29361,4.75,γ² Ari,Mesarthim
547,1.881139,-16.92917,5.80,,
548,1.933333,68.68528,4.99,ω Cas,
549,1.892583,3.18750,4.62,ξ Psc,
550,1.796250,-80.17667,6.06,τ² Hyi,
551,1.914944,40.70194,6.24,,
552,1.915972,37.12833,6.26,,
553,1.910667,20.80806,2.64,β Ari,Sheratan
554,1.889778,-38.59472,6.10,,
555,1.894111,-46.30250,4.41,ψ Phe,
556,1.931778,37.27778,5.89,,
557,1.935917,37.25167,5.67,56 And,
558,1.906111,-42.49694,5.11,φ Phe,
559,1.930833,23.57722,5.74,7 Ari,
560,1.931611,1.84972,6.01,,
561,1.975917,61.69806,6.02,,
563,1.955861,17.81750,5.10,ι Ari,
564,1.962167,27.80444,5.82,,
565,1.944500,-22.52694,4.85,56 Cet,
566,1.932639,-51.60889,3.70,χ Eri,
567,1.993889,64.62139,5.26,,
568,1.976000,49.20417,5.69,3 Per,
569,1.965472,23.59611,4.79,λ Ari,
570,1.915583,-67.64722,4.69,η² Hyi,
571,1.929556,-60.86139,6.06,,
572,2.049222,77.91639,6.04,,
573,1.950028,-51.76611,6.10,,
574,1.952778,-47.38500,4.83,,
575,2.032611,70.90694,4.54,48 Cas,
576,1.974083,-33.06667,6.35,,
577,1.993250,21.05833,5.87,,
578,1.990528,12.29472,6.09,,
579,2.052917,73.85056,6.23,,
580,2.057250,72.42139,3.98,50 Cas,
581,2.085389,77.28139,5.38,47 Cas,
582,2.002556,3.09722,5.88,112 Psc,
583,1.996139,-20.82444,5.41,57 Cet,
584,1.964889,-65.42472,6.37,,
585,2.000083,-21.07778,4.00,υ Cet,
586,2.047972,64.90139,6.00,52 Cas,
587,2.007472,-8.52361,5.51,,
588,1.994111,-42.03056,5.57,,
589,2.050083,64.39000,5.58,53 Cas,
590,2.038361,54.48750,5.04,4 Per,
591,1.979500,-61.56972,2.86,α Hyi,
592,2.092000,76.11500,5.22,49 Cas,
593,1.930694,-78.34833,6.16,σ Hyi,
594,2.020750,-30.00167,5.35,π For,
595,2.034111,2.76361,5.23,α Psc,
596,2.034111,2.76361,4.33,α Psc,Alrescha
597,2.157028,81.29583,6.05,,
599,2.049444,33.28389,5.50,ε Tri,
600,1.994750,-66.06639,6.10,,
601,2.043111,13.47667,5.94,,
602,2.028444,-44.71361,5.14,χ Phe,
603,2.065000,42.32972,2.26,γ¹ And,Almach
604,2.065194,42.33083,4.84,γ² And,
605,2.060917,25.93556,5.63,10 Ari,
606,2.041139,-29.66500,6.42,,
607,2.053250,0.12833,5.43,60 Cet,
608,2.049611,-15.30583,5.86,,
609,2.061833,18.25333,6.21,,
610,2.063389,-0.34028,5.93,61 Cet,
611,2.061250,-4.10361,5.62,,
612,2.074833,-29.29694,4.69,ν For,
613,2.109417,22.64833,5.03,κ Ari,
614,2.103417,8.24750,6.31,,
615,2.113667,25.70472,6.15,11 Ari,
616,2.108139,0.03500,6.28,,
617,2.119556,23.46250,2.00,α Ari,Hamal
618,2.144583,58.42361,5.67,,
619,2.142667,44.45944,6.42,,
620,2.141472,37.85917,4.82,58 And,
621,2.168833,53.84306,6.31,,
622,2.159056,34.98722,3.00,β Tri,
623,2.157028,25.93972,4.98,14 Ari,
624,2.156417,17.22444,6.43,,
625,2.146028,-17.77944,6.10,,
626,2.222556,74.02778,6.29,,
627,2.191389,57.64583,6.36,5 Per,
628,2.181333,39.03944,5.63,59 And,
629,2.181583,39.04306,6.10,59 And,
630,2.159667,-24.34583,6.48,,
631,2.177111,19.50028,5.70,15 Ari,
632,2.152583,-43.51667,5.85,,
633,2.186667,25.93694,6.02,16 Ari,
634,2.190278,31.52639,6.23,5 Tri,
635,2.189194,8.56972,5.63,64 Cet,
636,2.168028,-43.81556,6.32,,
637,2.173778,-50.82444,6.12,,
638,2.189500,-10.05222,6.01,,
639,2.193278,-1.82528,5.93,63 Cet,
640,2.241417,66.52444,6.07,55 Cas,
641,2.228194,58.56111,6.44,,
642,2.206194,30.30306,4.94,6 Tri,
643,2.220361,44.23167,4.83,60 And,
644,2.210417,24.16778,5.96,,
645,2.226750,51.06583,5.31,,
646,2.213361,21.21083,5.27,η Ari,
647,2.234056,47.48417,6.06,,
648,2.217583,15.27972,5.71,19 Ari,
649,2.216667,8.84667,4.37,ξ¹ Cet,
650,2.213194,-2.39361,5.54,66 Cet,
651,2.216917,-21.00028,5.86,,
652,2.215139,-30.72389,5.28,μ For,
653,2.266083,47.81139,6.33,,
654,2.281028,57.05528,6.48,,
655,2.265611,33.35889,5.28,7 Tri,
656,2.262778,25.78306,5.79,20 Ari,
657,2.261889,25.04306,5.58,21 Ari,
659,2.242222,-41.16667,5.91,,
660,2.284222,34.22417,4.87,δ Tri,
661,2.299972,57.89972,5.75,8 Per,
662,2.301250,57.51667,5.98,7 Per,
664,2.288583,33.84722,4.01,γ Tri,
666,2.283056,-6.42222,5.51,67 Cet,
667,2.237417,-67.84167,5.55,π¹ Hyi,
669,2.302083,19.90111,5.62,θ Ari,
670,2.321333,47.38000,5.30,62 And,
671,2.319694,46.47250,6.21,,
672,2.300389,1.75778,5.58,,
673,2.322972,48.95528,6.37,,
674,2.275167,-51.51222,3.56,φ Eri,
675,2.315833,28.64250,5.03,10 Tri,
676,2.316111,23.16778,6.46,,
678,2.257917,-67.74639,5.69,π² Hyi,
679,2.344833,47.31083,6.11,,
680,2.334556,30.18833,6.47,,
681,2.322417,-2.97750,3.04,ο Cet,Mira
682,2.349500,50.15139,5.59,63 And,
683,2.316250,-25.94556,6.34,,
684,2.328000,-4.34556,6.50,,
685,2.372611,55.84556,5.17,9 Per,
686,2.323528,-41.84833,6.37,,
687,2.380639,41.39639,5.82,,
688,2.331750,-55.94472,5.81,,
689,2.365722,0.39583,5.28,69 Cet,
690,2.397722,55.36444,6.28,,
691,2.370111,-0.88500,5.42,70 Cet,
692,2.367056,-10.77778,5.46,,
693,2.368056,-17.66222,5.87,,
694,2.406917,50.00667,5.19,64 And,
695,2.375722,-23.81639,5.20,κ For,
696,2.421111,56.61000,6.25,10 Per,
697,2.382722,-18.35444,6.22,,
698,2.369944,-43.20000,6.31,,
699,2.427056,50.27861,4.71,65 And,
701,2.381833,-51.09222,5.92,,
702,2.413611,10.61056,5.47,ξ Ari,
703,2.405583,-25.84750,6.44,,
704,2.416222,-2.78000,6.33,71 Cet,
705,2.362472,-68.65944,4.09,δ Hyi,
706,2.409389,-40.84056,6.18,,
707,2.484444,67.40250,4.52,ι Cas,
708,2.432500,-12.29056,4.89,ρ Cet,
709,2.464389,50.56972,6.12,66 And,
710,2.433417,-15.34111,5.83,,
711,2.451944,27.01333,6.18,,
712,2.457694,31.80139,5.54,11 Tri,
713,2.443111,-20.04278,5.88,,
714,2.414972,-60.31194,5.35,λ Hor,
715,2.381194,-73.64583,5.01,κ Hyi,
717,2.469444,29.66944,5.29,12 Tri,
718,2.469306,8.46000,4.28,ξ² Cet,
719,2.466667,1.96083,6.45,,
720,2.480139,29.93194,5.89,13 Tri,
721,2.449750,-47.70389,4.25,κ Eri,
722,2.423972,-66.49472,6.41,,
723,2.487111,23.46889,6.19,,
724,2.467139,-33.81111,5.14,φ For,
725,2.493139,9.56583,6.07,,
726,2.504611,33.83389,6.25,,
727,2.476500,-31.10250,6.11,,
728,2.509000,25.23500,5.92,,
729,2.510667,19.85528,6.15,26 Ari,
731,2.515111,17.70389,6.23,27 Ari,
732,2.512556,0.25528,6.00,,
734,2.467889,-64.29972,6.37,,
735,2.509111,-22.54556,6.10,,
736,2.535056,36.14722,5.15,14 Tri,
737,2.525028,2.26722,5.25,,
738,2.547917,34.54250,5.83,,
739,2.535944,-1.03500,5.35,75 Cet,
740,2.534778,-15.24472,4.75,σ Cet,
741,2.548361,15.03472,6.04,29 Ari,
742,2.537444,-36.42750,6.30,,
743,2.633889,72.81833,5.16,,
744,2.551944,-34.65000,5.90,λ¹ For,
745,2.561167,-20.00194,6.21,,
746,2.591083,39.66444,6.36,,
747,2.626694,65.74556,5.78,,
748,2.594111,37.31222,5.71,,
749,2.564083,-28.23250,4.90,ω For,
750,2.596333,34.68750,5.35,15 Tri,
751,2.584472,7.47139,6.18,,
752,2.578528,-7.85944,5.75,77 Cet,
753,2.601361,6.88694,5.82,,
754,2.597917,5.59333,4.86,ν Cet,
755,2.565167,-51.09361,6.24,,
756,2.615889,38.73278,5.90,,
757,2.611917,31.60750,6.10,,
758,2.617361,34.26389,5.30,,
759,2.600000,-7.83167,5.53,80 Cet,
761,2.618444,32.89194,6.25,,
763,2.610528,12.44750,5.68,31 Ari,
765,2.616806,24.64750,6.50,30 Ari,
766,2.609750,7.72972,5.81,,
767,2.602583,-30.04472,5.75,ι¹ For,
768,2.638278,37.72667,6.18,,
769,2.641056,38.08944,6.30,,
770,2.633556,7.69528,6.39,,
771,2.628278,-3.39611,5.65,81 Cet,
772,2.616278,-34.57833,5.79,λ² For,
773,2.646944,21.96139,5.43,ν Ari,
774,2.796556,81.44833,5.78,,
775,2.643583,3.44306,6.21,,
776,2.527917,-79.10944,5.28,μ Hyi,
777,2.638528,-30.19417,5.83,ι² For,
778,2.623444,-52.54306,5.31,η Hor,
779,2.658056,0.32861,4.07,δ Cet,
780,2.640222,-37.99056,6.49,,
781,2.659389,-11.87222,4.84,ε Cet,
782,2.678083,27.06083,5.30,33 Ari,
783,2.671028,6.11194,6.25,,
784,2.670083,-9.45306,5.78,,
785,2.717444,55.10583,5.77,11 Per,
787,2.716583,53.52611,5.84,,
788,2.704139,40.19389,4.91,12 Per,
789,2.663333,-42.89167,4.75,,
790,2.687194,-0.69583,5.71,84 Cet,
791,2.747139,67.82472,5.95,,
792,2.717194,48.26556,6.48,,
793,2.706111,20.01167,5.69,μ Ari,
794,2.677778,-39.85556,4.11,ι Eri,
795,2.696750,-3.21333,6.05,,
796,2.692778,-14.54944,5.98,,
797,2.708028,10.74167,6.30,,
799,2.736667,49.22833,4.12,θ Per,
800,2.734778,44.29694,5.43,14 Per,
801,2.724194,27.70722,4.66,35 Ari,
802,2.677667,-54.55000,5.21,ζ Hor,
803,2.730889,25.63806,6.35,,
804,2.721667,3.23583,3.47,γ Cet,Kaffaljidhma
805,2.701833,-38.38389,6.01,,
806,2.659833,-68.26694,4.11,ε Hyi,
807,2.702361,-46.52444,6.10,,
808,2.738639,17.76389,6.46,36 Ari,
809,2.742472,15.31167,5.77,ο Ari,
810,2.709306,-50.80028,5.41,ι Hor,
811,2.735389,-13.85861,4.25,π Cet,
812,2.749333,12.44583,5.18,38 Ari,
813,2.749028,10.11417,4.27,μ Cet,
814,2.722306,-40.52750,6.36,,
815,2.815417,69.63417,6.18,,
816,2.755806,4.71167,6.03,,
817,2.739028,-32.52500,6.22,,
818,2.751722,-18.57250,4.47,τ¹ Eri,
819,2.782861,35.98361,6.25,,
820,2.784306,35.55500,6.30,,
821,2.736306,-52.57056,6.15,,
823,2.724056,-66.71444,6.26,,
824,2.798472,29.24722,4.51,39 Ari,Lilii Borea
825,2.825222,57.08417,6.25,,
826,2.779222,-21.63972,6.49,,
827,2.786444,-22.48556,6.47,,
828,2.808917,18.28361,5.82,40 Ari,
829,2.866306,68.88861,5.80,,
830,2.812750,25.18806,5.86,,
831,2.824194,37.32611,6.45,,
833,2.757639,-63.70444,5.74,γ Hor,
834,2.844944,55.89556,3.76,η Per,Miram
836,2.821528,17.46417,5.22,π Ari,
837,2.759056,-67.61667,4.84,ζ Hyi,
838,2.833056,27.26056,3.63,41 Ari,Bharani
839,2.862639,58.31472,6.45,,
840,2.843083,38.31861,4.23,16 Per,
841,2.818167,-32.40583,4.46,β For,
842,2.861583,46.84194,5.88,,
843,2.858556,35.05972,4.53,17 Per,
844,2.830833,-24.56028,6.14,γ¹ For,
845,2.831722,-27.94167,5.39,γ² For,
846,2.881111,52.99778,6.36,,
847,2.858222,15.08194,5.49,σ Ari,
848,2.837444,-35.84361,5.92,η² For,
849,2.889222,48.56944,6.26,,
850,2.850639,-21.00417,4.75,τ² Eri,Angetenar
851,2.844556,-35.67611,5.47,η³ For,
852,2.817083,-62.80667,5.26,ν Hor,
853,2.846639,-39.93167,6.36,,
854,2.904306,52.76250,3.95,τ Per,
855,2.895167,38.33750,5.33,20 Per,
856,2.886583,16.48333,6.31,,
857,2.875583,-12.76944,6.04,,
858,2.865361,-30.81444,6.40,,
859,2.880694,-9.44111,6.32,,
860,2.932472,61.52111,5.59,,
861,2.940222,64.33250,6.24,,
862,2.893139,-22.37639,5.95,,
863,2.892889,-38.43694,5.92,ψ For,
864,2.947389,51.26083,6.22,,
865,2.942611,47.16389,6.02,,
866,2.872000,-62.90972,6.03,,
867,2.930139,18.33167,5.91,ρ² Ari,
868,2.898028,-49.89028,4.00,,
869,2.940583,18.02306,5.63,ρ³ Ari,
870,2.937167,8.38167,5.97,,
871,2.901806,-50.87139,6.21,,
872,2.841250,-75.06694,4.75,ν Hyi,
873,2.954806,31.93417,5.11,21 Per,
874,2.940472,-8.89806,3.89,η Eri,Azha
875,2.943722,-3.71222,5.17,,
876,2.967306,38.61500,6.04,,
877,2.951278,4.50111,6.11,,
878,2.968111,20.66861,5.80,47 Ari,
879,2.979361,39.66278,4.70,π Per,
881,3.102167,79.41861,5.49,,
882,2.984361,35.18306,4.93,24 Per,
883,2.956583,-23.86194,5.45,4 Eri,
884,2.953639,-29.85528,6.29,,
885,2.997194,47.22083,5.47,,
886,2.994417,41.03306,5.89,,
887,2.986861,21.34028,4.63,ε Ari,
888,2.986861,21.34028,4.63,ε Ari,
889,2.968250,-23.60611,5.84,6 Eri,
890,3.014500,52.35167,5.28,,
892,2.978333,-2.78250,5.23,,
893,2.959083,-38.19111,6.41,,
894,3.003278,38.13167,6.11,,
895,2.979833,-9.77639,6.14,,
896,2.995250,8.90750,4.70,λ Cet,
897,2.971028,-40.30472,3.24,θ¹ Eri,Acamar
898,2.971194,-40.30444,4.35,θ² Eri,
899,2.994778,-2.46500,5.56,5 Eri,
900,2.985167,-28.90694,6.14,,
901,2.993361,-25.27417,5.71,ζ For,
902,3.012250,10.87028,5.95,,
903,2.993972,-32.50722,6.31,,
904,3.014167,-2.87861,6.11,7 Eri,
905,3.031694,26.46222,5.90,49 Ari,
906,3.195222,81.47056,5.95,,
907,3.019444,-7.66278,5.75,ρ¹ Eri,
908,3.031194,5.33611,6.25,,
909,2.979944,-64.07139,4.99,β Hor,
910,3.039583,4.35278,5.61,93 Cet,
911,3.038000,4.08972,2.53,α Cet,Menkar
912,3.032250,-9.96139,5.83,,
913,3.035917,-6.49472,6.19,,
914,3.027139,-28.09167,5.89,ε For,
915,3.079944,53.50639,2.93,γ Per,
916,3.058417,28.26972,6.36,,
917,3.045083,-7.68528,5.32,ρ² Eri,
918,3.092333,56.70583,4.76,,
919,3.039861,-23.62444,4.09,τ³ Eri,
920,3.094417,56.06861,6.11,,
921,3.086278,38.84028,3.39,ρ Per,
922,3.121944,64.05778,5.89,,
923,3.089111,40.58250,6.05,,
924,3.077972,15.85611,6.49,,
925,3.071222,-7.60083,5.26,ρ³ Eri,
926,3.077250,1.86361,6.05,,
929,3.048861,-46.97500,5.82,,
930,3.134417,52.21333,6.31,,
931,3.106583,13.18722,5.62,,
932,3.198972,74.39361,4.87,,
933,3.129833,47.30833,6.41,,
934,3.060222,-59.73778,5.11,μ Hor,
935,3.109306,-6.08861,5.27,,
936,3.136139,40.95556,2.12,β Per,Algol
937,3.151111,49.61333,4.05,ι Per,
938,3.123806,17.88000,6.11,53 Ari,
939,3.037611,-71.90250,5.53,θ Hyi,
940,3.139222,18.79500,6.27,54 Ari,
941,3.158278,44.85722,3.80,κ Per,Misam
942,3.144083,8.47083,6.28,,
943,3.130806,-27.83111,6.19,,
944,3.160194,29.07694,5.72,55 Ari,
945,3.169111,27.82000,6.42,,
946,3.174167,26.89639,6.02,,
947,3.188167,39.61167,4.63,ω Per,
948,3.177472,11.87250,5.98,,
949,3.207333,47.72583,6.33,,
950,3.202667,42.37611,6.15,,
951,3.193833,19.72667,4.35,δ Ari,Botein
952,3.189417,13.04778,6.12,,
953,3.176500,-23.73833,6.38,,
954,3.203944,27.25694,5.79,56 Ari,
955,3.188556,-3.81167,6.05,,
956,3.223333,48.17694,5.90,,
957,3.188000,-16.02528,6.26,,
958,3.207333,6.66083,5.56,,
959,3.130333,-69.26556,6.15,,
960,3.174278,-48.73417,6.12,,
961,3.338806,77.73472,5.45,,
962,3.212889,-1.19611,5.06,94 Cet,
963,3.201194,-28.98694,3.87,α For,Dalim
964,3.263333,57.14083,5.79,,
965,3.538917,84.91111,5.61,,
966,3.249083,42.50389,6.07,,
967,3.292111,65.65861,6.36,,
968,3.207167,-44.41972,5.93,,
969,3.270056,50.93778,5.03,,
970,3.217083,-35.94389,6.27,,
971,3.255694,30.55667,5.52,,
972,3.248361,21.04444,4.89,ζ Ari,
973,3.267972,45.34583,6.16,,
974,3.227222,-29.80417,6.16,,
975,3.263056,32.85639,6.31,,
976,3.267194,34.68861,6.25,,
977,3.209222,-57.32167,5.74,,
978,3.276417,32.18361,6.06,,
979,3.286500,40.48333,6.45,,
980,3.250056,-26.10028,6.25,,
981,3.125556,-78.98944,5.57,,
982,3.296500,44.02500,5.47,30 Per,
983,3.266917,-5.91861,6.17,,
984,3.263889,-8.81972,4.80,ζ Eri,Zibal
985,3.333167,65.65222,4.84,,
986,3.296056,39.28333,5.96,,
987,3.310500,50.22222,5.15,29 Per,
988,3.276583,-9.15444,6.14,14 Eri,
989,3.318778,50.09500,5.03,31 Per,
991,3.312167,34.22278,4.82,,
992,3.306222,-0.93028,5.38,95 Cet,
993,3.300778,-28.79694,5.91,,
994,3.306139,-22.51139,4.88,15 Eri,
995,3.332167,27.07111,5.90,59 Ari,
996,3.322694,3.37028,4.83,κ¹ Cet,
997,3.311444,-18.55972,5.71,,
998,3.290722,-47.75167,5.85,,
999,3.339000,29.04833,4.47,,
1000,3.340444,25.66278,6.12,60 Ari,
1001,3.364611,49.07083,5.93,,
1002,3.357361,43.32944,4.95,32 Per,
1003,3.325278,-21.75778,3.69,τ⁴ Eri,
1004,3.326333,-24.12306,5.61,,
1005,3.353778,21.14694,5.28,τ¹ Ari,
1006,3.296167,-62.57528,5.54,ζ¹ Ret,
1007,3.351889,3.67556,5.69,κ² Cet,
1008,3.332139,-43.06972,4.27,,
1009,3.411250,64.58611,5.23,,
1010,3.303583,-62.50639,5.24,ζ² Ret,
1011,3.387000,49.21333,5.29,,
1012,3.369972,27.60750,5.52,62 Ari,
1013,3.345889,-26.60639,6.39,,
1014,3.299722,-66.92694,6.05,,
1015,3.379222,20.74194,5.09,τ² Ari,
1016,3.356667,-23.63528,5.52,,
1017,3.405389,49.86111,1.79,α Per,Mirfak
1018,3.371194,-25.58778,6.35,,
1019,3.408250,33.53583,5.61,,
1021,3.359250,-47.77694,6.39,,
1022,3.405139,24.72417,5.50,64 Ari,
1023,3.394194,4.88194,6.38,,
1024,3.388278,-7.79417,6.20,,
1025,3.266000,-77.38833,5.52,ι Hyi,
1027,3.407250,20.80361,6.08,65 Ari,
1028,3.402806,12.62944,6.04,,
1029,3.432611,49.12083,6.09,,
1030,3.413556,9.02889,3.60,ο Tau,
1031,3.395722,-32.70722,6.50,,
1032,3.505417,71.86389,6.32,,
1033,3.473222,60.25556,6.49,,
1034,3.467528,49.06278,4.98,,
1035,3.484472,59.94028,4.21,,
1037,3.481222,49.84833,5.58,,
1038,3.452833,9.73278,3.74,ξ Tau,
1039,3.455194,12.73500,6.28,,
1040,3.498583,58.87861,4.54,,
1041,3.472444,33.80750,5.61,,
1042,3.432167,-35.92083,6.39,χ¹ For,
1043,3.503139,59.36611,6.13,,
1044,3.489472,49.50889,4.67,34 Per,
1045,3.439583,-27.31750,5.93,,
1046,3.500056,55.45194,5.09,,
1047,3.490611,46.93778,6.24,,
1048,3.474056,22.80417,6.03,66 Ari,
1049,3.436583,-41.63694,6.32,,
1050,3.466944,-11.28667,5.73,,
1051,3.510278,48.10361,5.82,,
1052,3.509583,47.99528,4.36,σ Per,
1053,3.400694,-69.62472,6.15,,
1054,3.459278,-35.68139,5.71,χ² For,
1056,3.524833,49.20972,6.29,,
1058,3.469861,-35.85333,6.50,χ³ For,
1059,3.530306,49.40083,6.39,,
1060,3.494194,-6.80500,5.99,,
1061,3.506806,11.33639,5.14,4 Tau,
1062,3.493333,-12.67472,5.59,,
1063,3.535722,48.02361,5.47,,
1064,3.426722,-69.33639,5.96,,
1065,3.522444,27.57194,5.96,,
1066,3.514556,12.93667,4.11,5 Tau,
1067,3.512611,6.18861,5.94,,
1068,3.558917,58.76500,6.40,,
1069,3.540639,46.05694,5.31,36 Per,
1070,3.510306,-5.07528,4.73,17 Eri,
1071,3.561444,57.86889,6.37,,
1072,3.544194,44.85556,6.41,,
1073,3.560833,54.97472,5.98,,
1074,3.544444,35.46167,5.90,,
1075,3.498611,-42.63417,5.78,,
1076,3.503778,-41.37000,6.12,,
1077,3.583556,60.04111,6.46,,
1078,3.559750,39.89944,5.81,,
1079,3.543333,9.37361,5.77,6 Tau,
1080,3.656889,75.73972,6.27,,
1081,3.510278,-47.37528,5.99,,
1082,3.531639,-25.61417,6.38,,
1083,3.489639,-62.93750,4.72,κ Ret,
1084,3.548833,-9.45833,3.73,ε Eri,Ran
1085,3.568972,17.83278,6.17,,
1086,3.574056,24.46444,5.92,7 Tau,
1087,3.608167,48.19278,4.23,ψ Per,
1088,3.563139,-21.63278,4.27,τ⁵ Eri,
1089,3.580333,6.41778,6.49,,
1090,3.543000,-50.37861,5.68,,
1091,3.577056,-9.86861,6.25,,
1092,3.514333,-66.48972,5.83,,
1093,3.565778,-31.08028,6.20,,
1094,3.638806,56.93278,6.30,,
1095,3.575972,-31.87472,6.40,,
1096,3.547667,-61.01694,6.41,,
1097,3.633389,42.58306,6.42,,
1098,3.599361,-11.19361,5.57,,
1099,3.613139,0.58778,5.71,,
1100,3.604833,-17.46694,5.23,20 Eri,
1101,3.614556,0.40167,4.28,10 Tau,
1102,3.629944,15.43083,6.39,,
1103,3.650028,20.91583,6.50,,
1105,3.702583,63.21667,5.10,,
1106,3.618250,-40.27472,4.58,,
1107,4.167083,86.62611,5.86,,
1108,3.641444,-7.39167,5.85,,
1109,3.499667,-78.35194,5.70,,
1110,3.657139,16.53667,6.16,,
1111,3.650306,-5.62611,5.96,21 Eri,
1112,3.711861,59.96944,5.76,,
1113,3.685528,37.58000,5.57,,
1114,3.646583,-27.94306,6.01,τ For,
1115,3.664194,3.05694,5.57,12 Tau,
1116,3.660639,-3.39306,6.23,,
1117,3.657056,-10.43722,6.19,,
1118,3.679528,25.32944,6.11,11 Tau,
1119,3.666528,-1.12056,6.12,,
1120,3.669833,-15.22667,6.33,,
1121,3.677306,-5.21056,5.53,22 Eri,
1122,3.715417,47.78750,3.01,δ Per,
1123,3.706250,33.96500,4.97,40 Per,
1124,3.766917,67.20167,5.80,,
1125,3.687167,-11.80306,6.49,,
1126,3.705250,19.70028,5.69,13 Tau,
1127,3.735111,48.52361,6.06,,
1129,3.767306,63.34500,4.80,,
1130,3.744694,46.09972,6.11,,
1131,3.738639,32.28833,3.83,ο Per,Atik
1132,3.729778,19.66500,6.14,14 Tau,
1133,3.742056,36.46000,5.59,,
1134,3.704139,-31.93833,5.00,δ For,
1135,3.753222,42.57861,3.77,ν Per,
1136,3.720806,-9.76333,3.54,δ Eri,Rana
1137,3.741139,20.92861,6.10,,
1138,3.820500,70.87111,5.44,,
1139,3.726056,-10.48556,5.60,,
1140,3.746722,24.28944,5.46,16 Tau,Celaeno
1141,3.766472,45.68194,5.66,,
1142,3.747917,24.11333,3.70,17 Tau,Electra
1143,3.713917,-37.31361,4.59,,
1144,3.752694,24.83917,5.64,18 Tau,
1145,3.753472,24.46722,4.30,19 Tau,Taygeta
1146,3.741806,-1.16306,5.25,24 Eri,
1147,3.792278,55.92250,6.10,,
1148,3.839306,71.33222,4.63,γ Cam,
1149,3.763778,24.36778,3.87,20 Tau,Maia
1150,3.749028,-0.29667,5.55,25 Eri,
1151,3.765111,24.55472,5.76,21 Tau,Asterope
1152,3.767472,24.52806,6.43,22 Tau,
1153,3.761222,6.05000,5.35,29 Tau,
1154,3.608333,-78.32306,6.29,,
1155,3.825333,65.52611,4.47,,
1156,3.772111,23.94833,4.18,23 Tau,Merope
1157,3.735056,-40.66028,6.45,,
1158,3.826861,63.29722,5.85,,
1159,3.769306,6.80306,5.91,,
1160,3.805083,50.73667,6.14,,
1161,3.822111,57.11806,6.46,,
1162,3.769028,-12.10167,4.42,π Eri,
1164,3.796917,32.19500,6.25,,
1165,3.791417,24.10500,2.87,η Tau,Alcyone
1166,3.861611,68.50750,6.32,,
1167,3.747389,-48.06139,6.49,,
1168,3.742722,-54.27389,6.30,,
1169,3.754389,-47.35972,5.73,,
1170,3.818944,43.96306,6.02,,
1171,3.774278,-29.33806,5.90,σ For,
1172,3.805806,23.42111,5.45,,
1173,3.780806,-23.24972,4.23,τ⁶ Eri,
1174,3.804528,11.14333,5.07,30 Tau,
1175,3.736667,-64.80694,3.85,β Ret,
1176,3.834583,44.96778,5.66,,
1177,3.825722,33.09139,5.11,42 Per,
1178,3.819361,24.05333,3.63,27 Tau,Atlas
1180,3.819778,24.13667,5.09,28 Tau,Pleione
1181,3.794333,-23.87472,5.24,τ⁷ Eri,
1182,3.810806,0.22778,5.91,,
1183,3.828750,23.71167,6.17,,
1184,3.798889,-30.16778,5.54,ρ For,
1185,3.831944,22.24444,6.07,,
1186,3.797111,-36.10583,6.21,,
1187,3.809944,-20.90306,5.81,,
1188,3.838583,25.57944,5.26,,
1189,3.809833,-37.62222,5.40,,
1190,3.809972,-37.62056,4.73,,
1191,3.864917,34.35917,5.77,,
1192,3.895361,57.97500,5.80,,
1194,3.854389,13.04583,6.30,,
1195,3.824250,-36.20028,4.17,,
1196,3.941722,71.82167,6.34,,
1197,3.867861,31.16833,6.25,,
1198,3.894083,48.65056,5.76,,
1199,3.866722,6.53472,5.67,31 Tau,
1201,3.886111,17.32694,5.97,,
1202,3.878222,-5.36139,5.48,30 Eri,
1203,3.902194,31.88361,2.85,ζ Per,
1204,3.957083,63.07222,5.03,,
1205,3.952306,61.10889,5.00,,
1206,3.886944,-18.43444,6.22,,
1207,3.932833,47.87139,5.37,,
1208,3.787306,-74.23889,3.24,γ Hyi,
1209,3.923056,31.04583,6.10,,
1210,3.943472,50.69528,5.28,43 Per,
1211,3.904833,-2.95278,6.14,32 Eri,
1212,3.904861,-2.95472,4.79,32 Eri,
1213,3.895167,-24.61250,4.65,τ⁸ Eri,
1214,3.894139,-34.73222,5.11,,
1215,3.941306,35.08111,5.49,,
1216,3.892583,-46.89361,5.93,,
1217,3.921194,-12.09917,6.00,,
1218,3.947806,22.47806,5.63,32 Tau,
1219,3.906444,-40.35722,5.71,,
1220,3.964222,40.01028,2.89,ε Per,
1221,3.951056,23.17556,6.06,33 Tau,
1222,3.957333,24.46194,6.16,,
1224,3.950472,6.04000,6.09,,
1225,3.943861,-9.75083,6.19,,
1226,3.974750,38.84028,6.30,,
1227,3.909444,-52.69056,6.46,,
1228,3.982750,35.79111,4.04,ξ Per,Menkib
1229,3.994444,38.82056,6.38,,
1230,4.167444,80.69861,5.10,,
1231,3.967167,-13.50861,2.95,γ Eri,Zaurak
1232,3.981194,-5.47000,5.83,,
1233,3.994639,10.33083,6.37,,
1234,4.020750,36.99000,6.41,,
1235,3.991694,-12.57417,5.60,,
1236,3.934444,-63.46361,6.14,,
1237,4.010250,17.29667,6.32,,
1238,4.013556,18.19389,5.89,,
1239,4.011333,12.49028,3.47,λ Tau,
1240,3.998750,-24.01639,4.66,τ⁹ Eri,
1241,4.100861,68.68000,5.87,,
1242,4.074222,59.15556,5.06,,
1243,4.029472,9.99778,5.67,,
1244,4.025556,-1.54972,5.28,35 Eri,
1245,3.978583,-57.10250,6.05,,
1246,4.011306,-30.49083,5.93,,
1247,3.979083,-61.40028,4.56,δ Ret,
1248,4.110833,65.52083,6.17,,
1249,4.043528,-0.26889,5.38,,
1251,4.052611,5.98917,3.91,ν Tau,
1252,4.072694,24.10583,5.47,36 Tau,
1253,4.062389,5.43556,5.33,40 Tau,
1254,4.065722,8.19722,5.46,,
1255,4.110167,54.00861,6.31,,
1256,4.078250,22.08194,4.36,37 Tau,
1257,4.069417,2.82694,5.36,,
1258,4.056861,-20.14417,6.46,,
1261,4.109722,50.35139,4.29,λ Per,
1262,4.088944,22.00889,5.90,39 Tau,
1263,4.069083,-16.58889,6.39,,
1264,4.014944,-62.15944,4.51,γ Ret,
1265,4.072972,-12.79250,5.61,,
1266,4.021722,-61.07889,4.97,ι Ret,
1267,4.078056,-20.38167,6.13,,
1268,4.110111,27.60000,5.20,41 Tau,
1269,4.116806,29.00139,5.23,ψ Tau,
1270,4.157667,59.90806,6.28,,
1271,3.708917,-85.26222,6.41,,
1272,4.099028,-8.85611,6.26,,
1273,4.144361,47.71250,4.04,48 Per,
1274,4.096306,-20.51222,6.34,,
1275,4.093722,-27.65167,5.59,,
1276,4.156222,54.82889,6.18,,
1277,4.137583,37.72778,6.09,49 Per,
1278,4.143500,38.03972,5.51,50 Per,
1279,4.128333,15.16278,6.01,,
1280,4.133167,17.33972,5.89,,
1281,4.229139,72.12639,6.03,,
1282,4.214333,68.50167,6.32,,
1283,4.152778,19.60917,5.50,ω¹ Tau,
1284,4.150444,13.39833,5.95,,
1286,4.183056,33.58667,5.72,,
1287,4.180528,26.48083,5.41,44 Tau,
1288,4.154944,-16.38583,5.37,,
1289,4.470278,83.80778,5.57,,
1290,4.172917,-6.92389,5.44,37 Eri,
1292,4.188972,5.52306,5.72,45 Tau,
1293,4.179917,-8.81972,5.70,,
1294,4.122667,-64.22250,6.38,,
1295,4.208722,17.27750,6.09,,
1296,4.250500,57.46028,6.08,,
1297,4.214222,22.41361,6.12,,
1298,4.197750,-6.83750,4.04,ο¹ Eri,Beid
1299,4.179389,-35.27389,6.44,,
1300,4.193389,-20.35611,5.79,,
1301,4.233222,37.96694,6.45,,
1302,4.180722,-41.99361,4.93,δ Hor,
1303,4.248306,48.40944,4.14,μ Per,
1304,4.500028,83.34056,5.46,,
1305,4.281556,61.85028,5.70,,
1306,4.248139,40.48361,4.71,52 Per,
1307,4.226333,10.21222,6.23,,
1309,4.225861,7.71611,5.29,46 Tau,
1310,4.230528,12.75333,6.25,,
1311,4.232333,9.26361,4.84,47 Tau,
1312,4.227278,-1.14972,6.44,,
1313,4.285611,57.86056,5.71,,
1314,4.278639,53.61194,5.19,,
1315,4.243417,10.01111,5.22,,
1317,4.450778,80.82417,5.43,,
1318,4.239917,-10.25639,4.87,39 Eri,
1319,4.262861,15.40056,6.32,48 Tau,
1320,4.258917,8.89222,4.29,μ Tau,
1322,4.258111,6.18667,6.31,,
1323,4.226583,-40.35778,6.37,,
1324,4.304056,50.29556,4.61,,
1325,4.254528,-7.65278,4.43,ο² Eri,Keid
1326,4.233361,-42.29444,3.86,α Hor,
1327,4.344528,65.14056,5.27,,
1328,4.302278,42.14111,6.22,,
1329,4.287667,20.57861,4.94,ω² Tau,
1330,4.320361,50.04889,5.45,,
1331,4.306444,21.57917,5.65,51 Tau,
1332,4.288667,-6.47194,5.94,,
1333,4.336528,50.92083,5.55,,
1335,4.363222,60.73556,5.39,,
1336,4.240417,-62.47389,3.35,α Ret,
1337,4.337333,41.80806,5.92,,
1338,4.267111,-51.48667,4.25,γ Dor,
1339,4.323917,21.14222,5.35,53 Tau,
1340,4.246861,-62.19194,5.45,,
1341,4.326861,21.77361,5.38,56 Tau,
1342,4.364389,56.50667,5.88,,
1343,4.340167,34.56667,4.93,54 Per,
1344,4.336111,31.95333,6.16,,
1345,4.304417,-20.71556,6.00,,
1346,4.329889,15.62750,3.65,γ Tau,Prima Hyadum
1347,4.298250,-33.79833,3.56,υ⁴ Eri,
1348,4.339250,27.35083,4.95,φ Tau,
1349,4.327083,10.12139,6.31,,
1350,4.359222,46.49889,4.85,53 Per,
1351,4.332694,14.03528,5.59,57 Tau,
1352,4.382750,59.61639,6.19,,
1353,4.310389,-22.97028,6.07,,
1354,4.340306,18.74250,6.12,,
1355,4.274694,-59.30194,4.44,ε Ret,
1356,4.343417,15.09528,5.26,58 Tau,
1357,4.272528,-60.94861,6.37,,
1358,4.348000,13.86417,6.17,,
1359,4.317500,-33.90500,6.37,,
1360,4.344778,6.13083,5.77,,
1362,4.344083,-6.24556,6.27,,
1363,4.345222,-7.59250,5.85,,
1364,4.321278,-44.26806,5.34,,
1365,4.311111,-52.86000,6.09,,
1366,4.357528,-0.09806,5.86,,
1367,4.344167,-20.63972,5.38,,
1368,4.367639,14.07722,5.72,60 Tau,
1369,4.376361,25.62917,5.37,χ Tau,
1370,4.373000,20.82139,5.91,,
1371,4.393306,42.42806,6.23,,
1372,4.294500,-63.25556,5.87,θ Ret,
1373,4.382250,17.54250,3.76,δ¹ Tau,Secunda Hyadum
1374,4.358694,-25.72833,6.01,,
1375,4.392333,20.98222,5.99,,
1376,4.390278,16.77722,5.64,63 Tau,
1377,4.408111,34.13056,5.73,55 Per,
1378,4.399944,24.30111,6.36,62 Tau,
1379,4.410389,33.95972,5.76,56 Per,
1380,4.401611,17.44389,4.80,δ² Tau,
1381,4.397750,9.46083,5.12,66 Tau,
1382,4.450250,57.58528,6.32,,
1383,4.394667,-3.74556,5.17,ξ Eri,
1384,4.384917,-24.89222,5.83,,
1385,4.415861,19.04167,5.98,,
1386,4.385472,-35.54500,6.39,,
1387,4.422806,22.29389,4.22,κ¹ Tau,
1388,4.423611,22.19972,5.28,κ² Tau,
1389,4.424833,17.92806,4.29,δ³ Tau,
1390,4.435083,31.43889,5.28,,
1391,4.427028,15.94083,6.46,70 Tau,
1392,4.438472,22.81361,4.28,υ Tau,
1393,4.400611,-34.01694,3.96,43 Eri,Beemim
1394,4.439111,15.61833,4.49,71 Tau,
1395,4.364806,-63.38639,5.24,η Ret,
1396,4.443444,14.71361,4.69,π Tau,
1397,4.439194,8.59028,6.06,,
1399,4.454861,22.99639,5.53,72 Tau,
1400,4.450194,2.07944,6.23,,
1401,4.558528,72.52861,5.94,,
1402,4.458000,11.21250,5.88,,
1403,4.466889,21.62000,5.72,,
1404,4.421972,-44.16083,6.39,,
1405,4.403389,-57.07139,6.29,,
1406,4.481083,30.36139,6.40,,
1407,4.474000,16.35972,4.97,75 Tau,
1408,4.473167,14.74083,5.90,76 Tau,
1409,4.476944,19.18028,3.53,ε Tau,Ain
1410,4.449167,-24.08139,6.11,,
1411,4.476250,15.96222,3.84,θ¹ Tau,
1412,4.477694,15.87083,3.40,θ² Tau,Chamukuy
1413,4.467667,1.85861,6.15,,
1414,4.480611,13.04750,5.03,79 Tau,
1415,4.475583,1.38083,5.55,,
1416,4.418139,-61.23833,5.94,,
1417,4.533833,53.91083,5.77,1 Cam,
1418,4.451667,-46.94750,6.10,,
1419,4.510639,32.45806,6.21,,
1421,4.477500,-19.45833,5.96,,
1422,4.502389,15.63806,5.58,80 Tau,
1423,4.485250,-13.04833,5.60,,
1424,4.523333,40.01028,6.26,,
1425,4.500667,10.26250,6.48,,
1426,4.299750,-80.21389,5.69,δ Men,
1427,4.509361,16.19389,4.78,,
1428,4.510806,15.69194,5.48,81 Tau,
1429,4.469278,-41.96000,6.44,,
1430,4.510361,13.72444,5.40,83 Tau,
1431,4.502694,-13.59222,6.24,,
1432,4.531056,15.85167,6.02,85 Tau,
1433,4.488889,-46.51528,6.16,,
1434,4.556917,43.06389,6.09,57 Per,
1435,4.462750,-62.52083,5.75,,
1436,4.534667,5.41000,6.39,,
1437,4.531306,-0.04389,4.91,45 Eri,
1438,4.523861,-13.64500,6.21,,
1439,4.511194,-35.65361,5.96,,
1440,4.606722,64.26167,5.94,,
1441,4.543722,-3.20917,5.81,,
1442,4.559139,18.01667,6.25,,
1443,4.513917,-44.95389,5.07,δ Cae,
1444,4.564139,14.84444,4.65,ρ Tau,
1445,4.577222,28.96111,5.88,,
1446,4.563361,9.41306,6.01,,
1447,4.556111,-10.78583,6.06,,
1448,4.568972,5.56861,5.68,,
1449,4.565222,-6.73889,5.72,46 Eri,
1450,4.570611,-6.83778,6.09,,
1451,4.569889,-8.23139,5.11,47 Eri,
1452,4.569917,-8.97028,5.26,,
1453,4.558500,-29.76667,4.51,υ¹ Eri,
1454,4.611500,41.26472,4.25,58 Per,
1455,4.595194,19.88167,6.36,,
1456,4.349417,-81.58000,5.79,ν Men,
1457,4.598667,16.50917,0.85,α Tau,Aldebaran
1458,4.594250,10.16083,4.25,88 Tau,
1459,4.608111,23.34083,6.02,,
1460,4.587222,-9.73667,6.37,,
1461,4.583472,-19.92056,6.13,,
1462,4.600444,-3.61194,6.33,,
1463,4.605306,-3.35250,3.93,ν Eri,
1464,4.592500,-30.56222,3.82,υ² Eri,Theemin
1465,4.566611,-55.04500,3.27,α Dor,
1466,4.666139,53.47306,5.35,2 Cam,
1467,4.665194,53.07972,5.05,3 Cam,
1468,4.766750,76.61111,6.49,,
1469,4.620472,0.99833,5.31,,
1470,4.641556,26.94000,6.47,,
1471,4.637722,20.68472,5.92,,
1472,4.635944,16.03333,5.79,89 Tau,
1473,4.635972,12.51083,4.27,90 Tau,
1474,4.626694,-2.47333,5.23,51 Eri,
1475,4.559444,-62.82361,5.79,,
1476,4.614139,-30.71667,6.30,,
1477,4.656417,25.21833,6.22,,
1478,4.652556,15.79972,5.07,σ¹ Tau,
1479,4.654583,15.91806,4.69,σ² Tau,
1480,4.651722,7.87083,5.39,,
1481,4.636333,-14.30389,3.87,53 Eri,Sceptrum
1482,4.690028,48.30083,5.67,,
1483,4.648222,-12.12306,5.01,,
1484,4.667611,12.19778,5.46,93 Tau,
1486,4.721694,59.52083,6.50,,
1487,4.655472,-14.35917,5.45,,
1488,4.663111,-1.05278,6.10,,
1489,4.697306,38.28028,5.99,,
1490,4.688833,28.61500,5.78,,
1491,4.813972,75.94111,6.06,,
1492,4.612667,-62.07750,5.40,,
1493,4.722667,49.97389,5.87,,
1494,4.715083,43.36500,5.29,59 Per,
1495,4.668556,-24.48250,5.58,,
1496,4.674028,-19.67167,4.32,54 Eri,
1497,4.704083,22.95694,4.28,τ Tau,
1498,4.651194,-51.67278,6.44,,
1499,4.720500,24.08889,6.13,95 Tau,
1500,4.736917,40.78694,6.08,,
1501,4.730083,32.86528,6.45,,
1502,4.676028,-41.86389,4.45,α Cae,
1503,4.700972,-37.14444,5.05,β Cae,
1507,4.740500,11.14611,5.40,,
1508,4.734806,-8.50361,5.90,56 Eri,
1509,4.719250,-30.76556,5.68,,
1510,4.843444,70.94167,6.37,,
1511,4.800083,56.75722,5.30,4 Cam,
1512,4.761806,23.62806,6.35,,
1513,4.735556,-18.66667,5.53,,
1514,4.779000,40.31278,5.97,,
1515,4.801944,55.60250,6.26,,
1516,4.712889,-50.48139,5.31,λ Pic,
1517,4.771333,18.73500,6.01,,
1518,4.728944,-41.06472,6.25,,
1519,4.767139,11.70556,5.37,,
1520,4.758361,-3.25472,4.02,μ Eri,
1521,4.751167,-21.28361,5.72,,
1522,4.773361,-2.95444,6.33,,
1523,5.005750,81.19389,5.07,,
1525,4.773833,-28.08750,6.19,,
1526,4.765389,-39.35667,6.05,,
1527,4.868111,63.50528,5.44,,
1528,4.821944,32.58833,5.86,,
1529,4.820222,31.43722,5.58,,
1530,4.739194,-59.73278,5.27,κ Dor,
1531,4.639361,-77.65611,6.05,,
1532,4.793417,-16.93444,5.51,58 Eri,
1533,4.831833,37.48833,4.88,,
1534,4.812389,3.58833,6.03,,
1535,4.852583,48.74083,5.66,,
1536,4.810083,-5.67389,5.78,,
1537,4.828917,15.90417,6.08,96 Tau,
1538,4.809028,-16.32944,5.77,59 Eri,
1539,4.797111,-30.02028,6.37,ζ Cae,
1540,4.749417,-63.22972,6.46,,
1541,4.717750,-70.93111,5.54,μ Men,
1542,4.900833,66.34278,4.29,α Cam,
1543,4.830667,6.96139,3.19,π³ Ori,Tabit
1544,4.843528,8.90028,4.36,π² Ori,
1545,4.828389,-13.76972,6.26,,
1546,4.886056,52.84083,6.41,,
1547,4.856250,18.83972,5.10,97 Tau,
1549,4.836556,-16.21722,5.03,60 Eri,
1550,4.879944,42.58667,5.71,,
1551,4.877222,36.70306,4.78,2 Aur,
1552,4.853444,5.60500,3.69,π⁴ Ori,
1553,4.862056,9.97500,6.11,,
1554,4.879750,27.89750,5.97,,
1555,4.917528,55.25917,5.52,5 Cam,
1556,4.875556,14.25056,4.74,ο¹ Ori,
1557,4.837833,-41.32083,6.07,,
1558,4.914250,44.06083,6.08,,
1559,4.857833,-34.90639,5.86,,
1560,4.881583,-5.45278,4.39,ω Eri,
1561,4.935306,52.86944,5.75,,
1562,4.889667,2.50806,5.33,5 Ori,
1563,4.848667,-53.46139,5.61,ι Pic,
1564,4.848972,-53.45972,6.42,ι Pic,
1566,4.916194,19.48528,6.37,,
1567,4.904194,2.44056,3.72,π⁵ Ori,
1568,4.954778,53.75222,4.47,7 Cam,
1569,4.913028,11.42611,5.19,6 Ori,
1570,4.914944,10.15083,4.65,π¹ Ori,
1571,4.913278,7.77917,5.33,,
1572,5.038917,74.26917,6.06,,
1573,4.938861,36.16889,6.07,,
1574,4.914083,0.46750,5.99,,
1575,4.937667,24.59222,6.37,,
1576,4.930639,15.04000,5.81,,
1577,4.949889,33.16611,2.69,ι Aur,Hassaleh
1578,4.932889,5.39917,6.50,,
1579,4.918556,-16.74056,5.70,,
1580,4.939528,13.51444,4.07,ο² Ori,
1581,4.921833,-16.41778,5.72,,
1582,4.940056,-5.17139,5.51,62 Eri,
1584,4.915222,-39.62861,6.10,,
1585,4.956194,17.15361,5.48,,
1586,4.963528,23.94861,5.79,99 Tau,
1588,4.996194,53.15556,6.08,8 Cam,
1589,5.077722,74.06694,5.96,,
1590,4.969278,25.05028,5.81,98 Tau,
1591,4.954778,-1.06722,6.23,,
1592,4.987611,37.89028,4.94,ω Aur,
1593,5.026639,61.07806,6.03,,
1594,5.047333,66.82278,6.19,,
1595,4.962444,-14.23139,6.15,,
1596,4.969667,-2.21250,6.35,,
1597,4.914722,-58.54722,6.12,,
1598,4.891806,-66.67556,6.41,,
1599,5.005083,39.39472,5.95,5 Aur,
1600,4.983167,14.54278,6.09,,
1601,4.975806,1.71417,4.47,π⁶ Ori,
1603,5.056972,60.44222,4.03,β Cam,
1604,4.983694,-16.37583,5.66,,
1605,5.032806,43.82333,2.99,ε Aur,Almaaz
1606,4.884861,-72.40750,6.28,,
1608,4.997333,-10.26333,5.38,63 Eri,
1611,4.998833,-12.53750,4.79,64 Eri,
1612,5.041306,41.07583,3.75,ζ Aur,Saclateni
1613,5.011056,-2.06556,6.32,,
1614,5.013611,-5.75333,6.22,,
1615,5.055167,41.44167,6.14,,
1617,5.023972,-7.17389,4.81,ψ Eri,
1618,5.030639,0.72222,5.92,,
1619,5.033333,1.60889,6.24,,
1620,5.051583,21.59000,4.64,ι Tau,
1621,5.023778,-20.05194,4.91,,
1622,5.102361,58.97250,5.08,11 Cam,
1623,5.103389,59.02111,6.08,12 Cam,
1624,5.108250,61.17000,6.04,,
1625,5.045972,-4.20972,5.85,,
1626,5.070694,30.49472,6.14,,
1628,5.036056,-26.27500,5.02,,
1629,4.919778,-74.93694,5.47,η Men,
1631,5.026250,-39.71806,6.03,,
1633,5.072667,21.27806,6.19,,
1634,5.045806,-22.79500,5.75,1 Lep,
1635,5.039667,-31.77139,5.94,,
1636,5.160194,69.63944,6.41,,
1637,5.111278,51.59778,5.00,9 Aur,
1638,5.076139,15.40417,4.68,11 Ori,
1640,5.064444,-14.36944,6.41,,
1641,5.108583,41.23444,3.17,η Aur,Haedus
1642,5.092250,19.80639,6.44,,
1643,5.206222,73.94667,5.43,,
1644,5.113778,43.17472,6.20,,
1645,5.064806,-24.38778,5.61,,
1646,5.081806,-3.03972,6.05,,
1647,5.162361,64.91944,6.41,,
1648,5.089917,1.17750,6.17,,
1649,5.046833,-49.15139,5.38,η¹ Pic,
1650,5.243222,76.47278,6.37,,
1651,5.065000,-41.74500,6.31,,
1652,5.073444,-35.48333,4.55,γ¹ Cae,
1653,5.073917,-35.70528,6.34,γ² Cae,
1654,5.091028,-22.37111,3.19,ε Lep,
1655,5.087833,-26.15250,5.73,,
1656,5.124167,18.64500,5.00,104 Tau,
1657,5.112694,-4.65500,5.12,66 Eri,
1658,5.130111,20.41833,5.30,106 Tau,
1659,5.135167,24.26528,5.50,103 Tau,
1660,5.132083,21.70472,5.89,105 Tau,
1661,5.110194,-13.12194,6.05,,
1662,5.127306,9.47194,6.17,13 Ori,
1663,5.082778,-49.57778,5.03,η² Pic,
1664,5.131361,8.49833,5.34,14 Ori,
1665,5.123611,-12.49056,5.97,,
1666,5.130833,-5.08639,2.79,β Eri,Cursa
1667,5.083500,-54.40750,6.27,,
1668,5.178583,46.96222,5.68,,
1669,5.171917,37.30194,6.02,,
1670,5.162528,28.03056,6.01,,
1671,5.138944,-8.66500,5.78,,
1672,5.155444,9.82944,5.43,16 Ori,
1673,5.145444,-4.45611,5.12,68 Eri,
1674,5.091833,-57.47278,4.72,ζ Dor,
1675,5.217556,61.85000,6.17,,
1676,5.161667,15.59722,4.82,15 Ori,
1677,5.045278,-71.31444,5.31,β Men,
1678,5.225361,62.69139,6.50,14 Cam,
1679,5.152444,-8.75417,4.27,λ Eri,
1681,5.167556,-0.56528,6.10,,
1682,5.003667,-78.30028,6.29,,
1683,5.303694,73.26806,5.74,,
1684,5.194889,16.04556,5.18,,
1685,5.182778,-2.25389,6.25,,
1686,5.375972,79.23111,5.05,,
1687,5.188667,-2.49083,5.90,,
1688,5.253139,59.40556,6.15,,
1689,5.223806,38.48444,4.86,μ Aur,
1691,5.195917,1.03694,5.89,,
1692,5.245639,53.21389,6.20,,
1693,5.189667,-11.84917,5.68,,
1694,5.179028,-25.90944,6.41,,
1695,5.126111,-63.39972,5.20,,
1696,5.204972,-11.86917,4.45,ι Lep,
1697,5.213389,-6.05722,5.91,,
1698,5.221528,2.86111,4.46,ρ Ori,
1700,5.102583,-73.03778,6.27,,
1701,5.225444,1.96806,6.09,,
1702,5.215528,-16.20556,3.31,μ Lep,
1703,5.229778,0.56028,6.32,,
1704,5.225917,-8.14778,6.37,,
1705,5.220528,-12.94139,4.36,κ Lep,
1706,5.256778,32.68778,5.02,14 Aur,
1707,5.288278,53.58611,6.50,,
1708,5.278167,45.99806,0.08,α Aur,Capella
1709,5.245583,5.15611,5.50,,
1710,5.233306,-14.60667,6.21,,
1711,5.257694,22.28472,6.27,108 Tau,
1712,5.271722,34.31194,5.96,,
1713,5.242306,-8.20167,0.12,β Ori,Rigel
1716,4.980806,-82.47056,5.85,ξ Men,
1717,5.255111,-1.40917,6.15,,
1718,5.267806,11.34139,5.56,18 Ori,
1719,5.324389,58.11722,6.13,15 Cam,
1720,5.339611,62.65361,5.61,,
1721,5.241333,-35.97722,5.76,,
1722,5.304417,42.79222,5.48,,
1723,5.256750,-26.94333,5.07,,
1724,5.278083,1.94722,6.42,,
1725,5.311222,40.46500,6.18,,
1726,5.302972,33.37167,4.54,16 Aur,
1727,5.231472,-52.03111,6.05,,
1728,5.305250,33.76722,6.14,17 Aur,
1729,5.319028,40.09917,4.71,λ Aur,
1732,5.316667,33.74833,5.41,,
1734,5.323222,33.98556,6.49,18 Aur,
1735,5.293444,-6.84444,3.60,τ Ori,
1737,5.294500,-13.51972,5.50,,
1738,5.337444,41.08611,5.52,,
1739,5.321278,22.09639,4.94,109 Tau,
1740,5.333583,33.95806,5.03,19 Aur,
1741,5.320750,20.13472,6.08,,
1742,5.260806,-52.18194,6.49,,
1743,5.291417,-34.89528,4.83,ο Col,
1744,5.229278,-67.18528,4.83,θ Dor,
1746,5.319778,2.59583,5.34,21 Ori,
1747,5.314000,-18.13000,5.96,,
1748,5.326444,-1.41222,6.34,,
1749,5.363444,41.80444,5.23,ρ Aur,
1750,5.349806,27.95722,6.33,,
1751,5.391056,57.54444,5.28,16 Cam,
1752,5.353528,29.57000,5.76,,
1753,5.321528,-18.52000,6.36,,
1755,5.349056,19.81417,6.18,,
1756,5.326250,-13.17667,4.29,λ Lep,
1757,5.333083,-12.31556,5.30,ν Lep,
1758,5.323250,-27.36889,5.99,,
1759,5.340667,-5.36667,6.39,,
1760,5.380639,41.02944,5.54,,
1762,5.340806,-21.23944,4.71,,
1763,5.362111,8.42861,5.80,,
1764,5.358833,-0.41639,5.68,,
1765,5.362694,-0.38250,4.73,22 Ori,
1766,5.339056,-34.69889,6.34,,
1767,5.322806,-50.60611,5.45,ζ Pic,
1768,5.389694,28.93667,6.46,22 Aur,
1770,5.380556,3.54444,5.00,23 Ori,
1771,5.362833,-24.77306,5.06,,
1772,5.354694,-34.34528,6.09,,
1773,5.410889,37.38556,4.99,σ Aur,
1774,5.393806,16.69944,6.08,110 Tau,
1775,5.410639,31.22389,6.28,,
1776,5.410694,31.14306,5.94,,
1777,5.391972,5.32250,6.35,,
1778,5.388472,-8.41583,5.90,,
1780,5.407056,17.38333,4.99,111 Tau,
1781,5.395083,-0.15972,5.70,,
1782,5.397611,-0.86722,6.11,,
1783,5.391722,-13.92722,5.25,8 Lep,
1784,5.399111,-7.80806,4.14,29 Ori,
1785,5.386667,-26.70583,6.49,,
1786,5.410056,2.35278,6.32,,
1787,5.408028,-0.89139,5.08,27 Ori,
1788,5.407944,-2.39694,3.36,η Ori,
1789,5.412444,1.84639,4.95,ψ¹ Ori,
1790,5.418861,6.34972,1.64,γ Ori,Bellatrix
1791,5.438194,28.60750,1.65,β Tau,Elnath
1792,5.407889,-16.97611,5.65,,
1793,5.390000,-39.67861,5.71,,
1794,5.448417,35.45722,6.15,,
1795,5.446917,34.39167,5.94,,
1796,5.447583,33.26278,6.15,,
1798,5.434917,16.70028,6.25,113 Tau,
1799,5.417111,-10.32917,5.61,,
1801,5.372806,-56.13444,6.11,κ Pic,
1802,5.502833,63.06722,5.42,17 Cam,
1803,5.429722,0.52083,6.16,,
1804,5.452306,30.20861,5.74,,
1805,5.460806,34.47583,5.07,φ Aur,
1806,5.434000,-5.51833,6.23,,
1807,5.444111,6.86917,6.42,,
1808,5.452806,17.96222,5.42,115 Tau,
1809,5.453833,15.25778,6.16,,
1810,5.460583,21.93694,4.88,114 Tau,
1811,5.447278,3.09556,4.59,ψ² Ori,
1812,5.433278,-19.69556,5.89,,
1813,5.415444,-44.22583,6.08,,
1814,5.462667,15.87417,5.50,116 Tau,
1816,5.467111,17.23889,5.77,117 Tau,
1817,5.451333,-11.90083,6.35,,
1818,5.412833,-52.31639,6.27,θ Pic,
1819,5.476333,13.67889,6.35,,
1820,5.467111,1.29833,6.41,,
1821,5.487917,25.15056,5.47,118 Tau,
1822,5.494611,29.18639,6.24,,
1823,5.460139,-21.37556,6.07,,
1824,5.513500,41.46194,6.00,,
1825,5.512528,39.82583,6.37,,
1826,5.482417,-3.30750,6.39,,
1827,5.451472,-40.94361,5.87,,
1828,5.542722,57.22111,6.48,18 Cam,
1829,5.470750,-20.75944,2.84,β Lep,Nihal
1830,5.489889,-3.44639,5.79,,
1831,5.512056,22.46250,6.29,,
1832,5.507250,15.36028,5.94,,
1833,5.498556,1.78917,5.78,,
1834,5.495556,-1.09222,4.71,31 Ori,
1835,5.470917,-37.23056,5.57,,
1836,5.438694,-58.91250,5.14,λ Dor,
1837,5.505500,4.20417,6.21,,
1839,5.513083,5.94806,4.20,32 Ori,
1840,5.505750,-7.43472,6.33,,
1842,5.520694,3.29222,5.46,33 Ori,
1843,5.545472,32.19194,4.76,χ Aur,
1844,5.662139,75.04389,6.17,,
1845,5.536889,18.59444,4.38,119 Tau,
1847,5.537278,17.05806,5.46,,
1848,5.522472,-6.70833,6.22,,
1849,5.518778,-20.86361,5.55,10 Lep,
1850,5.557639,32.80111,6.48,,
1852,5.533444,-0.29917,2.23,δ Ori,Mintaka
1853,5.621167,66.69611,6.26,,
1854,5.560556,34.72583,6.27,,
1855,5.532167,-7.30139,4.62,υ Ori,
1856,5.502639,-47.07778,5.46,,
1857,5.620861,64.15472,6.15,19 Cam,
1858,5.558778,18.54028,5.69,120 Tau,
1859,5.450000,-68.62278,6.03,,
1860,5.560778,20.47417,6.18,,
1861,5.544806,-1.59194,5.35,,
1862,5.520194,-35.47056,3.87,ε Col,
1863,5.552000,-1.71833,6.46,,
1864,5.565083,14.30556,5.64,35 Ori,
1865,5.545500,-17.82222,2.58,α Lep,Arneb
1866,5.609778,54.42889,5.73,,
1868,5.558722,-1.15611,5.34,,
1869,5.604417,47.71528,6.11,,
1870,5.526694,-45.92528,5.86,,
1872,5.571306,3.76694,5.36,38 Ori,
1873,5.567750,-1.03556,6.22,,
1874,5.567778,-1.47056,5.93,,
1875,5.590861,24.03944,5.38,121 Tau,
1876,5.580333,9.48944,4.41,φ¹ Ori,
1877,5.547583,-38.51306,5.48,,
1878,5.598750,27.66222,6.27,,
1879,5.585639,9.93417,3.54,λ Ori,Meissa
1880,5.585694,9.93500,5.61,λ Ori,
1881,5.552056,-35.13972,5.78,,
1882,5.504417,-63.92778,6.19,,
1883,5.587056,10.24000,5.60,,
1884,5.614556,40.18222,6.09,,
1885,6.022278,85.18222,6.11,,
1886,5.583583,-6.00917,5.67,,
1887,5.584083,-6.00194,4.78,,
1889,5.608389,25.93944,6.49,,
1891,5.589583,-4.42528,6.24,,
1892,5.589778,-4.83833,4.59,42 Ori,
1895,5.587917,-5.38972,5.13,θ¹ Ori,
1897,5.589694,-5.41611,5.08,θ² Ori,
1898,5.591972,-4.36472,6.38,,
1899,5.590556,-5.91000,2.77,ι Ori,Hatysa
1900,5.593278,-3.25278,6.40,,
1901,5.594306,-4.85583,5.26,45 Ori,
1902,5.619111,26.92417,5.83,,
1903,5.603556,-1.20194,1.70,ε Ori,Alnilam
1904,5.629361,33.55917,6.33,,
1905,5.617722,17.04028,5.54,122 Tau,
1907,5.615083,9.29056,4.09,φ² Ori,
1908,5.617889,11.03500,5.94,,
1909,5.587611,-33.08000,5.78,,
1910,5.627417,21.14250,3.00,ζ Tau,Tianguan
1911,5.609917,-6.06500,5.72,,
1912,5.562333,-54.90222,6.43,,
1913,5.622028,8.95194,6.12,,
1914,5.643917,30.49250,5.40,26 Aur,
1915,5.602861,-28.70778,6.26,,
1916,5.707333,65.69778,5.60,,
1917,5.549889,-64.22750,5.34,,
1918,5.624278,-5.93833,6.05,,
1919,5.619111,-11.77556,6.11,,
1920,5.633639,7.54139,5.88,,
1921,5.649278,26.61778,6.37,,
1922,5.560417,-62.48972,3.76,β Dor,
1923,5.631500,-4.81361,6.19,,
1924,5.655111,29.21528,5.96,,
1925,5.688972,53.48111,6.23,,
1926,5.621250,-27.87139,6.16,ν¹ Col,
1927,5.600750,-47.31389,6.11,,
1928,5.662278,25.89694,5.18,125 Tau,
1929,5.657500,21.76278,6.34,,
1931,5.645778,-2.60000,3.81,σ Ori,
1933,5.643833,-6.57389,5.96,,
1934,5.653083,4.12139,4.57,ω Ori,
1935,5.629056,-28.68944,5.31,ν² Col,
1936,5.582667,-61.17583,6.32,,
1937,5.648083,-7.21306,4.80,49 Ori,
1938,5.676639,31.35806,6.04,,
1939,5.678361,31.92083,6.11,,
1940,5.658667,-3.56472,6.00,,
1941,5.717111,56.58167,6.05,24 Cam,
1942,5.658556,-9.70667,6.50,,
1943,5.735722,61.47667,6.15,23 Cam,
1944,5.654528,-17.84944,6.38,,
1945,5.689167,29.48750,6.43,,
1946,5.688250,16.53389,4.86,126 Tau,
1947,5.645444,-40.70750,5.82,,
1948,5.679306,-1.94278,2.05,ζ Ori,Alnitak
1949,5.679333,-1.94278,4.21,ζ Ori,
1950,5.677028,-2.82500,6.22,,
1952,5.680722,-1.12889,4.95,,
1953,5.531361,-76.34111,5.19,γ Men,
1954,5.701083,22.66028,6.36,,
1955,5.684889,0.33778,5.93,,
1956,5.660806,-34.07417,2.64,α Col,Phact
1958,5.663833,-32.62917,5.45,,
1959,5.694528,-2.89611,6.42,,
1960,5.615194,-66.56028,6.31,,
1961,5.722083,23.20417,6.21,,
1962,5.694861,-16.72556,6.21,,
1963,5.707944,1.47472,4.91,51 Ori,
1964,5.579083,-73.74139,5.78,,
1965,5.703972,-17.53028,6.15,,
1966,5.690833,-33.40056,6.34,,
1967,5.714944,-6.79611,6.02,,
1968,5.703861,-22.37361,5.87,12 Lep,
1969,5.775111,56.11556,5.94,26 Cam,
1970,5.719250,-1.61306,6.31,,
1971,5.765000,49.82639,5.47,ο Aur,
1972,5.703222,-30.53556,6.19,,
1973,5.704194,-34.66778,5.29,,
1975,5.722667,-18.55750,5.73,,
1976,5.818028,62.80806,6.13,,
1978,5.750528,4.00806,6.09,,
1979,5.787417,42.52667,6.29,,
1980,5.741222,-20.12639,6.34,,
1981,5.725056,-39.40694,6.25,,
1982,5.740694,-22.42167,6.15,,
1983,5.741056,-22.44833,3.60,γ Lep,
1984,5.728083,-45.83306,6.39,,
1985,5.779306,15.82250,6.00,129 Tau,
1986,5.767444,-4.26833,6.34,,
1987,5.781139,9.52222,5.79,,
1988,5.776389,1.16806,5.95,,
1989,5.787000,14.48833,5.72,131 Tau,
1990,5.790611,17.72917,5.49,130 Tau,
1991,5.593417,-78.82083,6.05,ι Men,
1993,5.795250,13.89972,5.29,133 Tau,
1994,5.882083,68.47139,6.20,,
1995,5.819583,39.18111,4.52,τ Aur,
1996,5.766639,-32.30639,5.17,μ Col,
1997,5.806222,20.86944,6.07,,
1998,5.782583,-14.82194,3.55,ζ Lep,
1999,5.800056,6.45417,5.27,52 Ori,
2000,5.785444,-16.23778,6.17,,
2001,5.790750,-10.53306,6.03,,
2002,5.816944,24.56750,4.86,132 Tau,
2003,5.849000,51.51472,6.29,,
2004,5.795944,-9.66972,2.06,κ Ori,Saiph
2005,5.784639,-28.63917,6.22,,
2006,5.871500,58.96417,6.14,30 Cam,
2007,5.809694,-4.09472,5.97,,
2008,5.774278,-46.59722,5.31,,
2009,5.788500,-35.67472,6.32,,
2010,5.825806,12.65111,4.91,134 Tau,
2011,5.850667,37.30556,4.74,υ Aur,
2012,5.858167,39.14861,3.97,ν Aur,
2013,5.849472,27.96778,5.56,,
2014,5.834056,9.87111,5.80,,
2015,5.746222,-65.73556,4.35,δ Dor,
2016,5.841361,14.30556,5.52,135 Tau,
2018,5.857139,32.12500,6.25,,
2019,5.836972,4.42333,5.97,,
2020,5.788083,-51.06639,3.85,β Pic,
2021,5.826806,-14.48361,5.49,,
2022,5.619389,-80.46917,5.65,π Men,
2023,5.786944,-54.36083,6.18,,
2024,5.841667,2.02444,5.98,,
2025,5.877639,39.57444,6.45,,
2026,5.831528,-22.97167,5.87,,
2027,5.916056,59.88833,5.20,31 Cam,
2028,5.877806,33.91750,5.98,,
2029,5.914111,55.70694,4.99,ξ Aur,
2030,5.873167,19.86806,6.06,,
2031,5.856111,-7.51806,5.35,55 Ori,
2032,5.826139,-44.87528,6.38,,
2033,5.872861,14.17167,5.59,137 Tau,
2034,5.888778,27.61222,4.58,136 Tau,
2035,5.855361,-20.87917,3.81,δ Lep,
2036,5.857944,-22.92611,6.17,,
2037,5.874000,1.85500,4.78,56 Ori,
2039,5.868778,-9.04139,5.97,,
2040,5.849333,-35.76833,3.12,β Col,Wazn
2041,5.959722,66.09611,6.25,,
2042,5.830472,-56.16667,4.51,γ Pic,
2043,5.866528,-29.44861,6.45,,
2044,5.841278,-52.76778,6.35,,
2045,5.937333,51.80389,6.49,,
2046,5.916389,31.70167,5.90,,
2047,5.906361,20.27611,4.41,χ¹ Ori,
2048,5.903722,10.58694,6.12,,
2049,5.848111,-52.10889,5.17,,
2051,5.904361,3.22528,6.31,,
2052,5.915750,19.74972,5.92,57 Ori,
2053,5.875889,-37.63111,5.63,,
2054,5.951361,49.02944,6.47,,
2056,5.885250,-33.80139,4.87,λ Col,
2057,5.912250,0.96833,6.00,,
2059,5.503861,-84.78500,6.20,,
2061,5.919528,7.40694,0.50,α Ori,Betelgeuse
2063,5.930361,20.17500,5.40,,
2064,5.831556,-66.90111,5.11,ε Dor,
2065,5.912111,-11.77389,5.66,,
2066,5.942722,28.94222,6.32,,
2068,5.903917,-29.14778,6.36,,
2070,5.925083,-4.61639,5.87,,
2071,5.926500,-4.78833,6.28,,
2072,5.872306,-57.15611,5.94,,
2073,5.856389,-64.03361,6.36,,
2074,5.948917,24.24972,6.02,,
2075,5.941111,9.50972,5.99,,
2076,5.947083,11.52111,5.87,,
2077,5.992111,54.28472,3.72,δ Aur,
2078,6.085917,75.58583,6.40,,
2079,5.996028,55.32083,6.44,,
2080,5.996694,54.54722,6.14,,
2081,5.989389,49.92444,5.89,,
2082,5.914583,-39.95806,5.57,,
2084,5.966583,25.95389,4.82,139 Tau,
2085,5.940083,-14.16778,3.71,η Lep,
2086,5.937306,-22.84028,5.96,,
2087,5.924972,-37.12083,4.97,ξ Col,
2088,5.992139,44.94750,1.90,β Aur,Menkalinan
2089,5.911417,-49.62694,6.10,,
2090,5.942917,-23.21556,6.36,,
2091,5.998917,45.93694,4.26,π Aur,
2092,5.939139,-31.38250,5.50,σ Col,
2093,5.965056,1.22444,6.22,,
2094,5.913944,-52.63528,5.29,,
2095,5.995361,37.21250,2.62,θ Aur,Mahasim
2096,6.005278,44.59194,6.22,,
2097,5.969917,-0.99417,6.22,,
2098,5.946944,-31.97611,6.44,,
2099,5.981444,12.80861,5.70,,
2100,5.973444,1.83694,5.90,59 Ori,
2101,6.016278,47.90194,5.73,36 Aur,
2102,5.901694,-63.09000,4.65,,
2103,5.980444,0.55306,5.22,60 Ori,
2105,6.028639,48.95944,5.96,,
2106,5.958944,-35.28333,4.36,γ Col,
2107,5.983611,-9.38222,6.12,1 Mon,
2108,5.984528,-9.55833,5.03,2 Mon,
2110,6.019500,31.03472,5.98,,
2111,6.016778,27.57222,6.05,,
2112,6.046861,49.90556,6.05,,
2113,6.000944,-3.07417,4.53,,
2114,5.954000,-53.42611,6.45,,
2115,6.048222,43.37861,6.42,,
2116,6.028222,22.40083,6.37,,
2117,5.977111,-44.03444,5.81,,
2118,6.004917,-12.89972,6.22,,
2119,6.055000,42.91167,6.10,38 Aur,
2120,5.985778,-42.81528,3.96,η Col,
2121,6.085639,59.39306,6.34,,
2122,6.048639,32.63583,6.24,,
2123,6.074750,51.57333,6.45,,
2124,6.039722,9.64750,4.12,μ Ori,
2125,5.837972,-79.36139,5.47,κ Men,
2126,6.110889,63.45361,6.39,,
2128,6.030667,-10.59806,4.95,3 Mon,
2129,6.020306,-25.41778,6.05,,
2130,6.057583,19.69056,5.14,64 Ori,
2131,6.021222,-33.91167,5.55,,
2132,6.084278,42.98167,5.87,39 Aur,
2133,6.056861,11.68083,6.08,,
2134,6.068667,23.26333,4.16,1 Gem,
2135,6.065333,20.13833,4.63,χ² Ori,
2136,6.042722,-14.49722,6.20,,
2137,6.084056,37.96417,6.34,,
2138,6.013667,-51.21639,5.67,,
2139,6.092778,33.59917,6.23,,
2140,6.054306,-26.28444,5.04,,
2141,6.102361,35.38750,6.12,,
2142,6.070417,-6.70917,5.21,,
2143,6.109750,38.48278,5.36,40 Aur,
2144,6.082833,5.42000,5.67,63 Ori,
2145,6.082889,4.15861,5.63,66 Ori,
2146,6.106250,29.51250,6.08,,
2147,6.124139,41.85417,6.12,,
2148,6.083083,-16.48444,4.93,17 Lep,
2149,6.072306,-32.17250,5.65,,
2150,6.090833,-10.24278,5.87,,
2151,6.035889,-60.09694,6.45,,
2152,6.166417,58.93583,5.36,37 Cam,
2153,6.139722,41.05556,6.36,,
2154,6.110750,-4.19389,5.38,,
2155,6.102583,-14.93528,4.67,θ Lep,
2157,6.074556,-45.03667,6.35,,
2158,6.077833,-45.07889,5.93,,
2159,6.126194,14.76833,4.42,ν Ori,
2160,6.090861,-35.51361,5.80,,
2163,6.108889,-23.11056,5.47,,
2164,6.101528,-29.75861,5.81,,
2165,6.214194,65.71833,5.32,36 Cam,
2166,6.116000,-21.81278,5.78,,
2168,6.128222,-19.16583,5.31,19 Lep,
2169,6.159000,22.19000,5.93,,
2170,6.117694,-34.31194,5.83,,
2171,6.111389,-42.29861,6.12,π¹ Col,
2172,6.196111,52.64722,6.30,,
2173,6.162222,23.11333,5.75,3 Gem,
2174,6.149417,2.49944,5.73,,
2176,6.193500,48.71111,6.09,41 Aur,
2177,6.125444,-37.25306,5.02,θ Col,Elkurud
2179,6.160056,-5.71111,6.17,,
2180,6.149417,-22.42750,5.50,,
2181,6.131361,-42.15389,5.50,π² Col,
2182,6.155639,-18.12611,6.35,,
2183,6.159528,-14.58417,5.56,,
2184,6.183833,18.12944,6.33,,
2185,6.192306,24.42028,5.80,5 Gem,
2186,6.163306,-22.77417,5.71,,
2187,6.142944,-44.35611,6.27,,
2188,6.229250,51.17250,6.04,,
2189,6.205583,32.69333,5.78,,
2191,6.191083,13.63861,6.04,,
2192,6.163111,-26.70083,6.27,,
2193,6.200361,19.79056,5.75,68 Ori,
2194,6.102611,-66.03972,5.71,η¹ Dor,
2195,6.183694,-6.75417,6.15,,
2196,6.117611,-62.15472,5.05,,
2197,6.205306,22.90833,6.39,6 Gem,
2198,6.200917,16.13056,4.95,69 Ori,
2199,6.199000,14.20889,4.48,ξ Ori,
2200,6.176278,-27.15417,5.72,,
2201,6.261278,59.99917,5.35,40 Cam,
2202,6.195472,-4.66556,6.18,,
2203,6.169528,-40.35361,5.58,,
2204,6.156472,-49.56278,6.49,,
2205,6.197722,-6.55028,5.05,,
2206,6.187083,-26.48222,6.09,,
2208,6.220167,10.62750,6.45,,
2209,6.314111,69.31972,4.80,,
2211,6.177750,-45.28194,6.31,,
2212,6.171639,-54.96861,4.81,δ Pic,
2214,6.241278,17.90639,5.88,,
2215,6.298556,61.51528,4.98,1 Lyn,
2216,6.247944,22.50667,3.28,η Gem,Propus
2218,6.231750,-3.74139,5.83,,
2219,6.256306,29.49806,4.35,κ Aur,
2220,6.247472,19.15639,5.20,71 Ori,
2221,6.145611,-68.84333,5.06,ν Dor,
2222,6.252361,13.85111,5.91,,
2223,6.256972,16.14306,5.30,72 Ori,
2224,6.243528,-4.56833,5.83,,
2225,6.229194,-23.86194,6.39,,
2227,6.247583,-6.27472,3.98,γ Mon,
2229,6.262500,12.55111,5.33,73 Ori,
2230,6.271944,23.97000,6.08,8 Gem,
2231,6.261139,6.06611,6.07,,
2233,6.259528,-0.51222,5.65,,
2234,6.258250,-4.91528,5.99,,
2235,6.273278,17.18139,6.39,,
2236,6.265000,1.16917,6.37,,
2237,6.257222,-9.03528,6.10,,
2238,6.327056,59.01083,4.48,2 Lyn,
2239,6.304694,46.36056,6.38,43 Aur,
2240,6.282972,23.74083,6.25,9 Gem,
2241,6.274056,12.27222,5.04,74 Ori,
2242,6.252333,-20.27222,5.91,,
2243,6.254861,-18.47667,5.99,,
2244,6.262472,-13.71833,5.01,,
2245,6.187500,-65.58944,5.01,η² Dor,
2247,6.285167,9.94250,5.39,75 Ori,
2249,6.268806,-16.61778,5.92,,
2251,6.287806,5.10028,5.71,,
2253,6.301556,14.38278,6.16,,
2254,6.284306,-22.71500,6.07,,
2256,6.275861,-35.14056,4.37,κ Col,
2257,6.367667,59.37222,5.94,4 Lyn,
2258,6.317167,17.32500,6.32,,
2259,6.311250,9.04722,6.24,,
2260,6.294917,-16.81583,5.14,,
2261,6.170667,-74.75306,5.09,α Men,
2262,6.276556,-39.26444,6.00,,
2263,6.283667,-37.73750,5.53,,
2264,6.362806,53.45222,5.36,45 Aur,
2265,6.285972,-37.25306,5.87,,
2266,6.303806,-19.96694,5.52,,
2267,6.314056,-9.39028,5.36,,
2268,6.313556,-15.02472,6.06,,
2269,6.334500,14.65111,5.69,,
2270,6.318861,-8.58639,6.22,,
2271,6.316389,-20.92611,5.81,,
2272,6.353361,29.54111,6.43,,
2273,6.328556,-7.82306,5.27,7 Mon,
2274,6.271806,-59.21361,6.43,,
2275,6.333222,-2.94444,4.90,,
2277,6.357194,17.76361,6.35,,
2278,6.297694,-52.73306,6.41,,
2279,6.328056,-34.39667,5.78,,
2280,6.357167,2.26861,6.31,,
2282,6.338556,-30.06333,3.02,ζ CMa,Furud
2284,6.356861,-11.77333,5.64,,
2285,6.470722,70.53556,5.97,,
2286,6.382667,22.51361,2.88,μ Gem,Tejat
2287,6.376806,12.57000,6.00,,
2288,6.343417,-34.14389,5.53,,
2289,6.414972,49.28806,4.91,ψ¹ Aur,
2291,6.440500,56.28500,5.64,,
2292,6.388472,3.76444,6.40,,
2293,6.446917,58.41722,5.21,5 Lyn,
2294,6.378333,-17.95583,1.98,β CMa,Mirzam
2296,6.368556,-33.43639,3.85,δ Col,
2298,6.396139,4.59278,4.44,ε Mon,
2300,6.400639,8.88472,6.26,,
2301,6.393333,-9.87444,6.19,,
2302,6.414694,16.05694,6.33,,
2303,6.396111,-15.07167,6.24,,
2304,6.425806,23.32694,6.06,,
2305,6.402861,-11.53028,5.22,,
2307,6.387333,-31.79000,6.34,,
2308,6.424472,14.72194,6.24,,
2309,6.405694,-12.96250,6.12,,
2310,6.420306,7.08583,5.98,,
2311,6.398861,-25.57778,5.63,,
2313,6.421222,-0.94611,5.87,,
2316,6.400278,-36.70778,5.62,,
2317,6.429750,-3.88917,6.35,,
2318,6.412194,-28.78000,6.39,,
2319,6.459861,32.56306,6.43,,
2320,6.382167,-56.37000,5.61,ν Pic,
2321,6.433000,-7.89417,6.40,,
2322,6.393806,-52.18111,5.98,,
2323,6.412361,-40.28417,6.31,,
2324,6.444333,-1.50722,5.87,,
2325,6.442917,-4.59722,6.15,,
2326,6.399194,-52.69583,-0.72,α Car,Canopus
2328,6.445806,-7.51139,6.27,,
2329,6.424972,-35.06389,6.25,,
2330,6.465722,20.49611,6.22,16 Gem,
2331,6.513111,58.16278,5.88,6 Lyn,
2332,6.476139,30.49306,5.55,48 Aur,
2333,6.455667,2.90806,5.55,,
2334,6.453833,0.29917,5.20,,
2335,6.454333,-0.27611,5.55,,
2336,6.396361,-58.54389,6.48,,
2337,6.383694,-63.68306,6.27,,
2338,6.500833,46.68556,5.90,47 Aur,
2339,6.482389,26.96778,6.47,,
2340,6.474444,16.23833,6.23,,
2342,6.471889,10.30389,6.15,,
2343,6.482722,20.21222,4.15,ν Gem,
2344,6.466000,-4.76222,5.06,10 Mon,
2345,6.403806,-60.28111,5.80,,
2347,6.471333,1.91222,6.48,,
2348,6.428778,-48.17722,5.76,,
2349,6.453111,-25.85667,6.07,,
2352,6.377278,-69.98417,5.56,π¹ Dor,
2353,6.452083,-37.89556,6.48,,
2354,6.407306,-63.42889,6.46,,
2355,6.487472,2.64611,6.16,,
2356,6.480278,-7.03278,4.60,β Mon,
2357,6.480417,-7.03444,5.40,β Mon,
2358,6.480417,-7.03444,5.60,β Mon,
2359,6.477028,-17.46611,5.77,,
2360,6.415444,-63.82778,6.27,,
2361,6.469472,-32.58000,4.48,λ CMa,
2363,6.674667,77.99583,5.73,,
2364,6.477556,-32.37111,5.74,,
2365,6.631917,73.69556,6.24,,
2366,6.519472,16.93861,6.20,,
2367,6.503139,-10.08139,5.93,,
2368,6.478417,-41.07444,6.32,,
2369,6.451111,-58.00222,5.82,,
2370,6.519306,11.25083,6.14,,
2371,6.527056,15.90333,6.40,19 Gem,
2372,6.540889,32.45472,5.87,,
2373,6.509639,-13.14806,6.16,,
2375,6.530083,11.54444,5.23,,
2376,6.575778,55.35306,6.45,7 Lyn,
2377,6.424611,-69.69028,5.38,π² Dor,
2378,6.539806,11.67361,6.03,,
2379,6.523056,-12.39167,5.15,,
2380,6.512861,-27.76944,5.93,,
2381,6.530583,-8.15806,5.43,,
2382,6.538667,4.85583,5.84,12 Mon,
2383,6.561861,33.02417,6.42,,
2384,6.496972,-50.23917,5.27,,
2385,6.548389,7.33306,4.50,13 Mon,
2386,6.539750,-5.86889,5.60,,
2387,6.530917,-23.41833,4.33,ξ¹ CMa,
2388,6.520278,-35.25917,5.84,,
2389,6.491250,-56.85278,5.22,,
2390,6.516611,-40.91639,6.20,,
2391,6.560028,14.15528,5.53,,
2392,6.546361,-11.16639,6.24,,
2393,6.526389,-36.94000,6.34,,
2394,6.628167,61.48111,5.94,8 Lyn,
2395,6.560528,-1.22028,5.10,,
2396,6.675611,71.74889,5.92,,
2397,6.544167,-32.03056,5.69,,
2398,6.586694,28.02222,5.27,49 Aur,
2399,6.539250,-37.69667,5.24,,
2400,6.521750,-51.82611,5.60,,
2401,6.770583,79.56472,5.45,,
2402,6.627361,56.85750,5.85,11 Lyn,
2403,6.557389,-20.92389,6.40,,
2404,6.579556,7.57250,6.45,14 Mon,
2405,6.609139,38.44528,5.29,,
2406,6.588222,9.98833,5.88,,
2407,6.552861,-38.62528,6.44,,
2408,6.500833,-65.56833,6.29,,
2409,6.587722,0.89000,5.80,,
2410,6.519611,-61.87972,6.15,,
2411,6.563750,-36.23222,5.42,,
2412,6.532889,-58.75417,5.70,μ Pic,
2414,6.584278,-22.96472,4.54,ξ² CMa,
2415,6.576472,-32.71639,5.62,,
2416,6.557250,-52.32889,6.19,,
2417,6.624222,24.59083,6.44,,
2418,6.609806,-5.21111,5.52,,
2419,6.644306,39.39083,5.69,51 Aur,
2420,6.647000,39.90250,5.20,ψ³ Aur,
2421,6.628528,16.39917,1.93,γ Gem,Alhena
2422,6.623361,6.13528,6.06,,
2423,6.606333,-18.66000,5.70,ν¹ CMa,
2424,6.590028,-36.78000,5.59,,
2425,6.639722,28.98417,5.79,53 Aur,
2426,6.626917,10.85306,6.38,,
2427,6.655528,42.48889,4.79,ψ² Aur,
2428,6.612972,-13.32083,5.97,,
2429,6.611389,-19.25583,3.95,ν² CMa,
2430,6.627861,2.70417,6.17,,
2431,6.598333,-36.08889,6.35,,
2432,6.631306,4.95722,6.15,,
2433,6.611361,-22.61500,6.35,,
2434,6.666111,44.01389,6.41,,
2435,6.582944,-52.97556,4.39,,
2436,6.651472,22.03083,6.04,,
2437,6.628028,-12.98500,6.12,,
2438,6.659194,28.26306,6.03,54 Aur,
2439,6.658722,24.60000,6.38,,
2440,6.639028,-2.54361,6.14,,
2442,6.643917,1.61361,6.21,,
2443,6.631500,-18.23750,4.43,ν³ CMa,
2444,6.617194,-38.14667,6.04,,
2445,6.614250,-41.55694,6.34,,
2446,6.620500,-36.99056,5.71,,
2447,6.629889,-32.33972,5.27,,
2448,6.643167,-16.87361,6.03,,
2449,6.663222,12.98306,5.97,,
2450,6.654639,-14.14583,4.82,,
2451,6.629361,-43.19611,3.17,ν Pup,
2452,6.693806,35.93194,6.46,,
2453,6.689167,28.19639,6.42,25 Gem,
2455,6.660083,-23.69556,6.05,,
2456,6.682972,9.89556,4.66,15 Mon,
2457,6.689389,16.39750,6.28,,
2458,6.688111,11.00333,6.11,,
2459,6.718056,44.52444,5.02,ψ⁴ Aur,
2460,6.661861,-30.47028,5.71,,
2461,6.684833,0.49528,5.79,,
2462,6.643778,-48.22028,4.93,,
2463,6.736556,53.29639,6.27,,
2464,6.720500,37.14694,6.19,,
2466,6.706750,17.64528,5.21,26 Gem,
2467,6.699806,6.34500,6.37,,
2468,6.633500,-61.53306,6.18,,
2469,6.699000,-9.16722,5.19,,
2470,6.770583,59.44167,4.87,12 Lyn,
2471,6.736833,36.10972,6.31,,
2473,6.732194,25.13111,2.98,ε Gem,Mebsuta
2474,6.718472,3.03333,6.19,,
2475,6.687250,-40.34972,6.12,,
2477,6.780417,57.16917,5.35,13 Lyn,
2478,6.733139,13.22778,4.49,30 Gem,
2479,6.727417,3.93222,5.90,,
2480,6.745972,28.97083,5.44,28 Gem,
2481,6.712722,-22.44917,6.13,,
2482,6.704556,-38.39861,6.29,,
2483,6.778972,43.57750,5.25,ψ⁵ Aur,
2484,6.754833,12.89556,3.36,ξ Gem,Alzirr
2485,6.803583,55.70444,6.33,,
2486,6.803417,55.70444,6.28,,
2487,6.794333,48.78944,5.22,ψ⁶ Aur,
2488,6.723139,-39.19333,6.30,,
2489,6.765056,12.69361,6.46,32 Gem,
2490,6.849194,67.57194,5.14,42 Cam,
2491,6.752472,-16.71611,-1.46,α CMa,Sirius
2492,6.741222,-31.07056,5.20,10 CMa,
2493,6.747750,-27.34139,6.45,,
2494,6.775667,8.58722,5.93,16 Mon,
2495,6.756472,-23.46194,6.05,,
2498,6.766472,-14.79611,5.32,,
2499,6.789861,18.19333,6.20,,
2500,6.756333,-31.79361,5.92,,
2501,6.758694,-30.94889,5.80,,
2502,6.777500,-10.10722,5.66,,
2503,6.788833,8.03722,4.77,17 Mon,
2504,6.780861,-14.42583,5.29,11 CMa,
2506,6.797667,2.41222,4.47,18 Mon,
2508,6.793639,-8.99833,5.07,,
2509,6.783750,-21.01556,6.08,12 CMa,
2510,6.770028,-37.77556,6.21,,
2511,6.895056,68.88833,5.12,43 Cam,
2512,6.828139,32.60667,5.71,,
2514,6.805278,-1.31917,5.75,,
2515,6.764917,-52.41000,5.80,,
2516,6.846083,41.78139,5.02,ψ⁷ Aur,
2517,6.817694,1.00194,6.15,,
2518,6.789278,-37.92972,5.26,,
2519,6.830500,16.20278,5.85,33 Gem,
2520,6.884750,59.44861,5.33,14 Lyn,
2521,6.821222,-2.27194,5.74,,
2522,6.816056,-15.14472,5.39,,
2523,6.781333,-51.26583,5.40,,
2524,6.778194,-54.69472,6.46,,
2525,6.840417,13.41333,5.65,35 Gem,
2526,6.788528,-55.54000,5.61,,
2527,7.001111,76.97750,4.55,,
2528,6.828889,-24.07583,6.33,,
2529,6.859167,21.76111,5.27,36 Gem,
2530,6.847194,-0.54083,5.77,,
2531,6.726889,-73.11806,6.37,,
2532,6.885444,44.83944,6.26,,
2533,6.866667,23.60167,5.65,,
2534,6.845083,-8.04111,6.29,,
2535,6.839417,-17.08389,5.79,,
2536,6.748917,-70.43389,6.11,,
2538,6.830694,-32.50861,3.96,κ CMa,
2539,6.883750,38.86917,6.12,59 Aur,
2540,6.879806,33.96111,3.60,θ Gem,
2541,6.887056,38.43806,6.30,60 Aur,
2542,6.884278,35.78861,6.01,,
2543,6.860917,3.04167,6.38,,
2544,6.843583,-25.77806,6.33,,
2545,6.839806,-31.70611,5.70,,
2547,6.899167,38.50500,6.48,ψ⁸ Aur,
2548,6.831833,-46.61472,5.14,,
2549,6.847889,-34.36722,4.99,,
2550,6.803167,-61.94139,3.27,α Pic,
2551,6.880389,8.38028,5.77,,
2552,6.873028,-5.31611,6.30,,
2553,6.832278,-50.61472,2.93,τ Pup,
2554,6.830917,-53.62222,4.40,,
2555,6.889583,10.99639,6.24,,
2556,6.920889,45.82639,6.34,,
2557,6.920750,43.91000,6.13,,
2558,6.861750,-36.23028,5.96,,
2559,6.667417,-80.81361,5.64,ζ Men,
2560,6.954583,58.42250,4.35,15 Lyn,
2561,6.953667,57.56333,6.05,,
2562,6.833639,-60.24917,6.11,,
2563,6.859111,-48.29250,6.42,,
2564,6.910750,13.17778,4.65,38 Gem,
2565,6.888556,-19.03278,5.64,,
2566,6.889361,-18.93333,6.14,,
2567,6.883361,-26.95750,6.40,,
2568,6.942306,46.27417,5.87,ψ⁹ Aur,
2569,6.921833,25.37556,5.73,37 Gem,
2570,6.902361,-5.85250,6.41,,
2571,6.892472,-20.22417,4.83,15 CMa,
2572,6.906833,-1.12694,5.45,,
2573,6.948889,46.70500,5.86,,
2574,6.903167,-12.03861,4.07,θ CMa,
2576,6.892750,-28.53972,6.04,,
2577,6.911694,-1.75639,6.21,,
2578,6.898694,-24.53917,6.21,,
2579,6.879750,-43.97583,6.46,,
2580,6.902194,-24.18389,3.87,ο¹ CMa,
2581,7.022639,70.80806,5.68,,
2582,6.916333,-2.80361,6.04,,
2584,6.926278,8.32472,6.29,,
2585,6.960306,45.09417,4.90,16 Lyn,
2586,6.950139,33.68111,5.89,,
2588,6.917417,-20.40472,5.74,17 CMa,
2589,6.940500,9.95639,5.92,,
2590,6.927056,-20.13639,4.68,π CMa,
2591,6.907417,-42.36556,6.32,,
2592,6.879278,-59.34111,6.41,,
2593,6.935167,-14.04361,5.00,μ CMa,
2594,6.900639,-50.61167,6.26,,
2595,6.929667,-22.94139,5.30,,
2596,6.935611,-17.05417,4.37,ι CMa,
2597,6.957139,11.90750,6.27,,
2598,6.931889,-31.79000,6.36,,
2599,6.950028,-8.17889,6.34,,
2600,6.984111,38.05222,6.00,62 Aur,
2601,6.979833,26.08111,6.10,39 Gem,
2602,6.857500,-70.96333,5.40,ι Vol,
2604,6.946028,-35.34167,6.29,,
2605,6.991083,25.91417,6.40,40 Gem,
2606,6.977500,7.62194,6.27,,
2607,6.959417,-24.63056,5.46,,
2608,6.937778,-48.72111,4.95,,
2609,7.675139,87.02000,5.07,,
2610,6.982500,3.60222,5.97,,
2611,6.961778,-27.53750,6.23,,
2612,6.954889,-35.50750,6.23,,
2613,6.988917,7.31694,6.35,,
2614,6.968778,-27.16472,6.37,,
2615,7.004389,16.07889,5.68,41 Gem,
2616,6.976639,-25.41389,5.59,,
2617,7.097722,70.73194,6.50,,
2618,6.977083,-28.97222,1.50,ε CMa,Adhara
2619,6.973639,-34.11167,5.06,,
2621,6.978833,-30.99778,6.42,,
2622,7.005000,-5.36694,6.30,,
2623,6.994250,-21.60333,6.26,,
2624,7.006583,-8.40694,5.96,,
2625,7.002250,-20.15889,6.31,,
2626,6.978278,-45.76806,6.22,,
2627,7.010917,-9.20306,6.49,,
2630,7.040222,24.21528,5.18,ω Gem,
2631,7.040417,17.75556,5.94,,
2632,7.038167,15.33611,5.74,,
2634,6.977667,-55.72944,6.27,,
2635,7.042639,16.67417,5.82,,
2636,7.031361,-1.34556,6.17,,
2637,7.011833,-28.48944,6.27,,
2638,6.976722,-56.39472,6.45,,
2639,7.032333,-5.72222,5.20,,
2640,7.018306,-25.21528,5.63,,
2641,7.013833,-33.46528,6.40,,
2642,7.100361,59.80194,6.44,,
2643,7.058444,29.33722,5.93,,
2644,7.094389,52.75806,6.12,,
2645,7.085833,47.77500,6.38,,
2646,7.028639,-27.93472,3.47,σ CMa,Nganurganity
2647,7.054972,9.13833,5.97,,
2648,7.048556,-4.23917,4.99,19 Mon,
2649,7.060556,10.95167,5.13,,
2650,7.068472,20.57028,3.79,ζ Gem,Mekbuda
2651,7.064333,12.59444,5.98,,
2652,7.014306,-51.40250,5.14,,
2653,7.050417,-23.83333,3.02,ο² CMa,
2655,7.068111,-5.32361,5.62,,
2656,7.065917,-10.12417,6.45,,
2657,7.062639,-15.63333,4.12,γ CMa,Muliphein
2658,7.037667,-43.40417,6.43,,
2659,7.088444,22.63722,6.02,44 Gem,
2660,7.103222,34.47389,5.55,,
2661,7.018083,-58.94000,6.02,,
2662,6.997361,-67.91611,5.17,,
2663,7.094194,9.18583,5.78,,
2664,7.079750,-22.03222,6.09,,
2665,7.122861,34.00944,5.91,,
2666,7.067444,-42.33722,5.20,,
2667,7.065917,-43.60806,5.54,,
2669,7.123611,28.17722,6.48,,
2670,7.097139,-10.66111,6.49,,
2672,7.064917,-49.58389,4.93,,
2673,7.137028,33.83222,6.28,,
2674,7.054333,-59.17806,5.50,,
2675,7.143417,37.44500,6.16,,
2676,7.118444,4.91028,6.11,,
2677,7.092222,-34.77778,6.14,,
2678,7.111306,-11.29417,5.39,,
2679,7.109972,-12.39389,6.48,,
2680,7.100167,-30.65556,6.34,,
2681,7.232806,71.81667,6.35,,
2682,7.130417,7.47111,5.75,,
2683,7.071750,-56.74972,5.17,,
2684,7.139444,15.93083,5.44,45 Gem,
2685,7.100639,-38.38278,6.11,,
2686,7.114528,-24.96056,6.08,,
2687,7.087917,-50.36028,6.46,,
2689,6.942889,-79.42028,5.45,θ Men,
2690,7.122944,-23.84028,5.71,,
2691,7.118639,-40.89333,5.79,,
2692,7.168528,21.24694,6.43,,
2693,7.139861,-26.39333,1.84,δ CMa,Wezen
2694,7.155639,-10.34722,6.21,,
2696,7.194250,39.32056,4.90,63 Aur,
2697,7.185667,30.24528,4.41,τ Gem,
2698,7.120361,-51.96778,5.96,,
2699,7.159222,-16.23472,6.03,,
2700,7.189750,26.85667,5.78,47 Gem,
2701,7.170472,-4.23722,4.92,20 Mon,
2702,7.147528,-39.65583,4.83,,
2703,7.223167,51.42889,5.47,,
2704,7.161917,-25.23111,5.69,,
2705,7.169250,-18.68528,6.23,,
2706,7.207333,24.12833,5.85,48 Gem,
2707,7.189889,-0.30194,5.45,21 Mon,
2708,7.172056,-27.49139,5.46,,
2709,7.422750,81.25750,6.31,,
2710,7.197583,5.65472,6.09,,
2711,7.213611,27.22472,6.43,,
2712,7.103917,-68.83722,6.47,,
2713,7.202056,5.47472,6.16,,
2714,7.197750,-0.49278,4.15,δ Mon,
2715,7.265250,59.63750,5.20,18 Lyn,
2716,7.194889,-20.88306,5.84,,
2717,7.222861,16.15889,5.00,51 Gem,
2718,7.203389,-25.94250,5.92,26 CMa,
2719,7.179861,-48.93222,5.14,,
2720,7.201139,-30.82167,6.10,,
2721,7.263917,47.24000,5.58,,
2723,7.218667,-11.25139,5.78,,
2725,7.244972,24.88500,5.82,52 Gem,
2726,7.207139,-36.54444,5.96,,
2727,7.204389,-40.49889,5.31,,
2728,7.242389,12.11583,5.62,,
2729,7.238889,3.11139,5.35,,
2730,7.223306,-22.67333,6.01,,
2731,7.236389,-3.90139,5.75,,
2732,7.237639,-9.94750,5.90,,
2733,7.230083,-22.90639,6.36,,
2734,7.226750,-27.35639,6.12,,
2735,7.145056,-70.49722,5.69,γ¹ Vol,
2736,7.145806,-70.49889,3.78,γ² Vol,
2737,7.292694,52.13083,5.92,,
2738,7.265861,27.89750,5.71,53 Gem,
2739,7.241167,-10.31667,6.03,,
2740,7.209333,-46.75944,4.49,,
2742,7.517889,82.41139,4.96,,
2743,7.232556,-30.34000,6.33,,
2744,7.255361,-0.16139,6.41,24 Mon,
2745,7.237556,-26.35250,4.66,27 CMa,
2746,7.220389,-45.18306,4.89,,
2747,7.260944,7.97778,5.82,,
2748,7.225667,-44.63972,5.10,,
2749,7.246861,-26.77278,3.85,ω CMa,
2750,7.247528,-27.03806,5.58,,
2751,7.308861,49.46500,5.05,,
2752,7.261972,-10.58389,5.95,,
2753,7.300611,40.88333,5.78,64 Aur,
2754,7.200556,-63.19000,6.02,,
2755,7.263194,-23.74056,6.32,,
2756,7.255833,-30.68639,5.36,,
2757,7.301139,30.95583,6.24,,
2758,7.270694,-15.58583,5.46,,
2759,7.249194,-41.42583,5.94,,
2761,7.246083,-46.84972,5.72,,
2762,7.243944,-48.27167,4.76,,
2763,7.301556,16.54028,3.58,λ Gem,
2764,7.276889,-23.31556,4.79,,
2765,7.292139,-6.68000,6.29,,
2766,7.276389,-27.88111,4.64,,
2767,7.255833,-52.49972,5.97,,
2768,7.282556,-30.89667,6.32,,
2769,7.275500,-38.31889,5.80,,
2770,7.280417,-36.59278,5.03,,
2771,7.270972,-46.77444,5.66,,
2772,7.371444,59.90194,6.35,47 Cam,
2773,7.285722,-37.09750,2.70,π Pup,
2774,7.296639,-26.79750,6.46,,
2775,7.350861,42.65556,6.35,,
2776,7.354861,45.22806,5.77,,
2777,7.335389,21.98222,3.53,δ Gem,Wasat
2778,7.322889,2.74056,5.89,,
2779,7.329889,7.14278,5.91,,
2780,7.335250,15.14278,6.45,,
2781,7.311194,-24.55889,4.98,29 CMa,
2782,7.311778,-24.95417,4.40,τ CMa,
2784,7.381139,55.28139,5.45,19 Lyn,
2785,7.317222,-19.28028,6.09,,
2786,7.314222,-26.58583,5.28,,
2787,7.305111,-36.73417,4.66,,
2788,7.324472,-16.39500,5.70,,
2789,7.301167,-43.98667,5.85,,
2790,7.310611,-36.74278,5.11,,
2791,7.309333,-39.21028,5.25,,
2792,7.370389,38.99611,6.40,,
2793,7.367389,36.76056,5.13,65 Aur,
2794,7.320472,-33.72722,6.30,,
2795,7.365778,20.44361,5.10,56 Gem,
2796,7.349500,-14.36000,5.45,,
2797,7.577694,80.89667,6.41,,
2800,7.348611,-26.96361,6.01,,
2801,7.367639,0.17722,5.99,,
2802,7.351194,-25.89139,5.87,,
2803,7.280500,-67.95722,3.98,δ Vol,
2804,7.415889,51.88722,5.80,,
2805,7.402361,40.67222,5.19,66 Aur,
2806,7.367222,-8.97917,6.43,,
2807,7.371806,-2.97889,6.23,,
2808,7.391250,25.05056,5.03,57 Gem,
2809,7.457167,66.33167,6.47,,
2810,7.391167,22.94528,6.02,58 Gem,
2811,7.373722,-5.98278,5.82,,
2812,7.370417,-19.01667,4.96,,
2813,7.339278,-52.31167,6.05,,
2815,7.344083,-52.08611,5.39,,
2816,7.409278,27.63806,5.76,59 Gem,
2817,7.407694,15.51722,6.41,,
2818,7.445222,49.21139,4.64,21 Lyn,
2819,7.383500,-31.92389,5.43,,
2820,7.416167,11.66972,5.30,1 CMi,
2821,7.428778,27.79806,3.79,ι Gem,
2822,7.391417,-27.83417,5.38,,
2823,7.392194,-32.20222,5.39,,
2825,7.411139,-16.20111,5.33,,
2826,7.404778,-22.91278,6.19,,
2827,7.401583,-29.30306,2.45,η CMa,Aludra
2828,7.427472,9.27611,4.99,ε CMi,
2829,7.399528,-35.83778,6.31,,
2830,7.514639,68.46556,5.64,,
2831,7.414083,-19.01222,6.24,,
2832,7.418972,-13.75194,5.78,,
2833,7.430833,-5.77500,5.97,,
2834,7.412167,-31.80889,5.35,,
2836,7.441083,10.60833,6.37,,
2837,7.448972,20.25722,5.93,61 Gem,
2839,7.422194,-21.98278,6.05,,
2840,7.444806,11.00917,6.41,,
2841,7.423694,-25.21778,5.78,,
2844,7.481000,48.18389,5.72,,
2845,7.452500,8.28944,2.90,β CMi,Gomeisa
2846,7.462333,21.44500,5.22,63 Gem,
2847,7.428611,-31.73861,6.31,,
2848,6.782972,-87.02500,6.47,,
2849,7.498889,49.67250,5.36,22 Lyn,
2851,7.467250,6.94194,5.25,η CMi,
2852,7.485194,31.78444,4.18,ρ Gem,
2853,7.452222,-17.86444,5.63,,
2854,7.469389,8.92556,4.32,γ CMi,
2855,7.449833,-23.08611,5.61,,
2856,7.445083,-34.14083,5.90,,
2857,7.489000,28.11806,5.05,64 Gem,
2858,7.479806,15.10944,6.22,,
2859,7.464361,-11.55694,5.79,,
2860,7.461917,-22.85972,5.95,,
2861,7.496861,27.91611,5.01,65 Gem,
2862,7.439417,-51.01833,5.10,,
2863,7.466444,-29.15583,5.54,,
2864,7.496611,12.00667,4.54,6 CMi,
2865,7.488528,-1.90528,5.59,,
2866,7.490472,-7.55111,5.86,,
2867,7.489472,-10.32667,5.75,,
2868,7.489417,-14.99917,6.05,,
2870,7.480917,-31.84833,6.38,,
2873,7.484694,-31.45639,5.77,,
2874,7.497611,-23.02444,4.85,,
2875,7.484917,-38.81222,5.43,,
2876,7.514194,-5.22639,6.24,,
2877,7.530111,17.08611,5.42,,
2878,7.487167,-43.30139,3.25,σ Pup,
2880,7.534972,1.91444,5.25,δ¹ CMi,
2881,7.511806,-30.96222,4.65,,
2883,7.534944,-8.88083,5.90,,
2884,7.499889,-52.65111,5.87,,
2886,7.560139,15.82667,5.25,68 Gem,
2887,7.553222,3.29028,5.59,δ² CMi,
2888,7.480917,-64.51000,6.39,,
2890,7.576667,31.88861,2.88,α Gem,
2891,7.576667,31.88833,1.98,α Gem,Castor
2892,7.508583,-54.39944,5.96,,
2893,7.568083,10.56833,6.28,,
2894,7.613056,55.75528,5.92,,
2895,7.539528,-35.96139,6.30,,
2896,7.585750,30.96111,5.33,,
2897,7.556139,-14.33833,6.21,,
2898,7.598889,43.03111,6.30,,
2899,7.555417,-19.41250,5.66,,
2900,7.552694,-24.71083,5.85,,
2901,7.571056,3.37139,5.81,δ³ CMi,
2902,7.563306,-14.52389,4.97,,
2903,7.608778,46.18028,5.65,,
2905,7.598694,26.89583,4.06,υ Gem,
2906,7.567556,-22.29611,4.45,,
2907,7.553750,-40.05889,6.26,,
2909,7.571833,-23.47361,5.83,,
2910,7.571972,-23.47472,5.87,,
2911,7.564167,-36.33833,5.54,,
2913,7.570222,-33.46333,6.11,,
2914,7.631639,48.77361,5.92,,
2915,7.621611,40.02528,6.38,,
2916,7.576361,-27.01194,5.77,,
2918,7.609639,5.86167,5.91,,
2919,7.427222,-79.09417,5.53,ε Men,
2920,7.604611,-8.31139,6.27,,
2921,7.601083,-14.49278,5.70,,
2922,7.589667,-28.36944,4.64,,
2923,7.602167,-22.16056,6.34,,
2924,7.642444,35.04861,5.56,70 Gem,
2925,7.577639,-51.47472,6.28,,
2926,7.637361,24.36028,6.27,,
2927,7.621306,-4.11111,5.13,25 Mon,
2928,7.611389,-19.70222,5.74,,
2929,7.680417,57.08278,6.06,23 Lyn,
2930,7.652750,34.58417,4.90,ο Gem,Jishui
2931,7.653306,24.22250,6.17,,
2933,7.621333,-23.77500,6.37,,
2934,7.594361,-52.53389,4.94,,
2935,7.670722,38.34444,5.73,,
2936,7.665028,32.00972,6.17,,
2937,7.622806,-34.96861,4.53,,
2938,7.657944,17.67472,5.05,74 Gem,
2939,7.686778,48.13167,5.56,,
2940,7.612194,-48.83028,5.72,,
2941,7.600472,-55.88750,6.39,,
2943,7.655028,5.22500,0.38,α CMi,Procyon
2944,7.638333,-25.36472,4.70,,
2945,7.629222,-38.01056,6.38,,
2946,7.716778,58.71028,4.99,24 Lyn,
2948,7.647028,-26.80167,4.50,,
2949,7.647167,-26.80361,4.62,,
2950,7.668611,5.23083,6.02,,
2951,7.682917,23.01861,5.89,,
2953,7.679806,13.77083,6.24,,
2954,7.645528,-36.49694,5.80,,
2955,7.642389,-38.78111,6.19,,
2956,7.657472,-26.86306,6.50,,
2957,7.638389,-48.60111,5.68,,
2958,7.676528,-8.18583,6.01,,
2959,7.673111,-15.26361,4.94,,
2960,7.670444,-19.66083,5.93,,
2961,7.657611,-38.30833,4.84,,
2962,7.712083,34.00028,6.02,,
2963,7.662167,-38.13944,5.73,,
2964,7.663278,-38.26083,5.76,,
2965,7.697722,13.48056,5.77,,
2966,7.693111,3.62472,5.94,,
2967,7.700889,14.20833,5.56,,
2968,7.666111,-37.57944,6.00,,
2969,7.734500,50.43389,5.27,,
2970,7.687444,-9.55111,3.93,α Mon,
2971,7.650111,-53.27333,6.06,,
2973,7.721861,28.88361,4.28,σ Gem,
2975,7.777806,65.45583,5.92,51 Cam,
2976,7.689889,-22.33722,6.18,,
2977,7.774278,62.83056,6.49,49 Cam,
2978,7.722833,22.39944,6.21,,
2981,7.687722,-38.53361,5.42,,
2982,7.718167,0.18944,6.19,,
2983,7.735250,25.78417,5.31,76 Gem,
2984,7.689389,-44.63222,6.41,,
2985,7.740778,24.39806,3.57,κ Gem,
2987,7.737222,12.85944,6.43,,
2988,7.713361,-26.35111,5.64,,
2989,7.735389,2.40500,6.47,,
2990,7.755250,28.02611,1.14,β Gem,Pollux
2991,7.752583,20.31639,6.33,79 Gem,
2993,7.725667,-28.41111,4.59,1 Pup,
2994,7.720000,-36.05028,5.60,,
2996,7.730139,-28.95472,3.96,3 Pup,
2998,7.715889,-45.17333,5.06,,
2999,7.777583,37.51750,5.18,,
3000,7.601167,-77.63417,6.18,,
3001,7.728583,-38.20194,6.40,,
3002,7.728306,-40.93389,5.17,,
3003,7.768722,18.51000,4.88,81 Gem,
3004,7.742778,-24.67389,5.62,,
3006,7.702833,-58.63083,6.43,,
3007,7.736000,-36.06278,5.80,,
3008,7.771167,10.76833,5.30,11 CMi,
3010,7.758083,-14.69083,6.07,2 Pup,
3011,7.742833,-37.94306,5.88,,
3012,7.714806,-58.23000,6.21,,
3013,7.791750,33.41556,5.14,π Gem,
3014,7.767278,-6.77250,5.49,,
3015,7.765806,-14.56389,5.04,4 Pup,
3017,7.754250,-37.96861,3.61,,
3018,7.759722,-34.17306,5.37,,
3019,7.779139,-12.67528,6.39,,
3020,7.755028,-43.75222,6.03,,
3021,7.809333,23.14111,6.18,82 Gem,
3022,7.769556,-37.93389,5.88,,
3023,7.786806,-22.51972,5.90,,
3024,7.697000,-72.60611,3.95,ζ Vol,
3026,7.794028,-15.99083,6.34,,
3027,7.795889,-16.01444,6.43,,
3028,7.851583,54.12917,6.02,,
3029,7.799083,-12.19306,5.48,5 Pup,
3030,7.817222,13.37083,6.04,,
3031,7.759889,-56.72250,6.12,,
3032,7.784944,-39.33139,6.31,,
3034,7.801444,-25.93722,4.50,ο Pup,
3035,7.790278,-38.51111,5.08,,
3036,7.745528,-66.07194,6.38,,
3037,7.792083,-46.60861,5.23,,
3038,7.736944,-69.82139,6.18,,
3039,7.876833,55.20944,6.38,,
3040,7.850639,33.23361,6.03,,
3041,7.802361,-40.65222,6.14,,
3042,7.824611,-13.35333,6.23,,
3043,7.817139,-24.91222,5.33,,
3044,7.828111,-17.22833,5.18,6 Pup,
3045,7.821583,-24.85972,3.34,ξ Pup,Azmidi
3046,7.805639,-47.07778,4.71,,
3047,7.836278,-9.18333,5.61,,
3049,7.820750,-35.24333,5.93,,
3050,7.846500,3.27722,6.18,,
3051,7.834917,-19.52361,6.12,,
3052,7.826500,-33.28889,5.60,,
3053,7.865750,19.32528,5.99,,
3054,7.848667,-11.12861,6.16,,
3055,7.820639,-46.37333,4.11,,
3056,7.805333,-56.47111,6.33,,
3057,7.824500,-44.75194,6.32,,
3058,7.820250,-46.85778,5.84,,
3059,7.861667,1.76694,5.14,ζ CMi,
3060,7.850000,-24.52833,6.45,,
3061,7.868667,3.27722,6.31,,
3062,7.818528,-56.41056,5.59,,
3063,7.861361,-12.81944,6.36,8 Pup,
3064,7.862861,-13.89806,5.17,9 Pup,
3065,7.908139,47.38611,6.25,25 Lyn,
3066,7.911861,47.56472,5.45,26 Lyn,
3067,7.891611,26.76583,4.97,φ Gem,
3068,7.861917,-21.17389,5.63,,
3069,7.845111,-44.57972,6.45,,
3070,7.820250,-60.28361,5.78,,
3071,7.839972,-50.50972,5.91,,
3072,7.879972,-5.42806,5.76,,
3073,7.871917,-14.84639,5.69,10 Pup,
3074,7.855694,-43.09556,6.32,,
3075,8.003250,73.91806,5.41,,
3078,7.861194,-42.88833,6.04,,
3079,7.871028,-34.70528,5.01,,
3080,7.870278,-40.57583,3.73,,
3081,7.828056,-66.19583,5.79,,
3082,8.079750,79.47972,5.42,,
3083,7.928000,35.41278,6.23,,
3084,7.877417,-38.86306,4.49,,
3085,7.884306,-36.36389,5.43,,
3086,7.927750,19.88389,5.35,85 Gem,
3087,7.925389,8.86278,5.86,,
3088,7.874917,-54.36722,5.70,,
3089,7.884361,-49.61306,4.63,,
3090,7.888389,-48.10306,4.24,,
3091,7.903056,-35.87750,5.49,,
3092,7.911083,-34.84694,6.15,,
3093,7.939972,4.48583,6.17,,
3094,7.971278,43.97750,6.34,,
3095,7.949833,15.79028,5.78,1 Cnc,
3096,7.920472,-30.91750,6.44,,
3097,7.954417,8.64139,6.05,,
3098,7.954500,1.12694,6.35,,
3099,7.939667,-30.28528,6.33,,
3100,7.916806,-52.58306,6.38,,
3101,7.929583,-43.84500,6.02,,
3102,7.947639,-22.88000,4.20,11 Pup,
3103,7.968278,7.21361,6.41,,
3104,7.975417,16.51861,5.99,,
3105,7.914778,-57.30306,5.63,,
3106,8.022417,59.04750,5.77,,
3108,8.281611,84.05778,6.49,,
3109,8.028444,60.32444,6.01,53 Cam,
3110,7.972389,2.22472,5.29,14 CMi,
3111,7.949417,-42.40611,6.09,,
3112,8.041889,63.09028,6.40,,
3113,7.961139,-30.33472,4.79,,
3114,7.949417,-43.50028,5.35,,
3115,7.993083,13.24222,6.02,,
3116,7.955111,-44.10972,5.09,,
3117,7.946306,-52.98222,3.47,χ Car,
3118,7.955556,-47.89028,6.22,,
3119,8.043278,57.27361,6.49,,
3120,7.938500,-60.52639,5.74,,
3121,7.964389,-45.57778,5.17,,
3122,7.995583,-3.67972,4.93,27 Mon,
3123,7.984917,-23.31056,5.11,12 Pup,
3124,8.015528,25.39278,5.83,ω¹ Cnc,
3125,8.013333,19.81611,6.25,,
3126,7.947417,-59.12639,6.25,,
3127,8.016861,23.58306,6.34,,
3128,8.013139,17.30861,5.55,3 Cnc,
3129,7.970667,-49.24500,4.41,,
3130,8.031972,35.41306,6.34,,
3131,7.997778,-18.39917,4.61,,
3132,8.028833,25.08972,6.31,ω² Cnc,
3133,7.972611,-51.44861,6.44,,
3134,8.025083,16.45528,5.99,5 Cnc,
3136,8.020500,4.87972,5.65,,
3137,7.983833,-45.21611,5.99,,
3138,7.963028,-60.30333,5.60,,
3139,7.953472,-63.29694,6.14,,
3140,7.991222,-39.29722,5.24,,
3141,8.020361,-1.39250,4.68,28 Mon,
3142,7.986750,-49.97667,6.32,,
3143,7.987056,-49.97361,6.34,,
3144,8.030750,8.91389,6.22,,
3145,8.037750,2.33444,4.39,,
3147,7.980694,-60.82444,5.81,,
3148,8.004139,-48.98139,6.02,,
3149,8.058639,27.79417,4.94,χ Gem,
3150,8.040556,-6.33722,6.33,,
3151,8.008028,-48.87139,6.12,,
3152,7.994500,-60.20750,6.33,,
3153,7.993778,-60.58694,5.17,,
3154,8.027056,-37.28361,5.95,,
3155,8.035056,-37.05056,6.34,,
3156,8.013861,-54.15139,5.87,,
3157,8.023028,-54.51500,6.10,,
3158,8.079222,18.84222,6.15,,
3159,8.005556,-63.56750,4.82,,
3160,8.051139,-32.46389,5.82,,
3161,8.025417,-55.45500,6.28,,
3162,8.045778,-41.31000,5.52,,
3163,8.084583,13.11806,5.12,8 Cnc,
3164,8.093611,27.52972,6.21,,
3165,8.059750,-40.00333,2.25,ζ Pup,Naos
3166,8.058194,-42.94861,6.29,,
3167,8.119417,43.26028,6.26,28 Lyn,
3168,8.078194,-19.72806,6.13,14 Pup,
3169,8.105111,22.63556,5.99,μ¹ Cnc,
3170,8.071167,-32.67500,5.31,,
3171,7.987806,-73.24472,6.34,,
3172,8.097111,-0.57361,6.41,,
3173,8.140944,51.50667,4.84,27 Lyn,
3174,8.107639,-9.24500,6.23,,
3175,8.167722,58.24806,5.93,,
3176,8.129389,21.58167,5.30,μ² Cnc,
3177,8.095806,-33.56917,6.14,,
3178,8.078444,-50.59056,5.95,,
3179,8.089000,-46.97889,6.19,,
3180,8.084444,-53.10806,5.53,,
3181,8.156417,42.43056,6.27,,
3182,8.213556,68.47417,5.32,,
3183,8.121667,-20.55472,5.38,,
3184,8.145111,13.64083,6.27,12 Cnc,
3185,8.125722,-24.30417,2.81,ρ Pup,Tureis
3186,8.078583,-62.83611,6.30,,
3187,8.111222,-45.26639,5.05,,
3188,8.143222,-2.98389,4.34,ζ Mon,
3189,8.149139,-11.33972,6.32,,
3190,8.145417,-20.36306,6.36,,
3191,8.174222,25.50722,5.73,ψ Cnc,
3192,8.150444,-19.24500,4.40,16 Pup,
3194,8.157917,-16.24889,5.68,,
3195,8.143778,-37.68139,6.37,,
3197,8.409139,82.43083,6.32,,
3198,8.183000,14.62944,6.23,,
3199,8.152833,-35.45500,6.20,,
3200,8.230611,56.45222,5.85,,
3201,8.187944,9.82111,6.07,,
3202,8.177722,-13.79917,5.54,18 Pup,
3203,8.152667,-48.68444,5.70,,
3204,8.159972,-44.12278,5.21,,
3205,8.163250,-42.64056,6.26,,
3206,8.158139,-47.34583,4.27,γ¹ Vel,
3207,8.158889,-47.33667,1.78,γ² Vel,
3208,8.203528,17.64778,5.63,ζ¹ Cnc,Tegmine
3209,8.203528,17.64778,6.02,ζ¹ Cnc,
3210,8.203694,17.64778,6.20,ζ² Cnc,
3211,8.187861,-12.92694,4.72,19 Pup,
3212,8.192500,-7.77250,5.36,,
3213,8.162000,-47.93750,5.23,,
3215,8.219139,29.65667,5.64,15 Cnc,
3216,8.325611,75.75694,5.54,,
3217,8.140139,-63.80111,6.28,,
3218,8.159333,-56.08556,5.66,,
3219,8.183778,-37.29222,6.44,,
3220,8.150194,-61.30250,4.76,,
3221,8.264028,60.38056,6.45,,
3222,8.216611,16.51417,6.01,,
3223,8.132167,-68.61722,4.35,ε Vol,
3225,8.189306,-39.61861,4.45,,
3226,8.190528,-42.98722,4.75,,
3227,8.186417,-48.46194,5.82,,
3228,8.236417,17.67583,6.47,,
3229,8.222222,-15.78833,4.99,20 Pup,
3231,8.239167,13.04833,6.38,,
3232,8.200000,-46.64417,5.76,,
3233,8.214306,-37.92444,6.43,,
3234,8.208583,-46.26417,6.03,,
3235,8.297333,59.57111,5.64,29 Lyn,
3236,8.344528,72.40722,5.98,,
3237,8.224889,-35.89972,4.78,,
3238,8.228083,-33.56917,6.37,,
3239,8.236389,-32.14083,6.06,,
3240,8.232889,-36.32250,5.08,,
3241,8.233000,-36.34111,6.11,,
3242,8.237000,-35.49056,5.78,,
3243,8.234139,-40.34806,4.44,,
3244,8.226722,-46.99194,5.13,,
3245,8.321472,62.50722,5.71,,
3246,8.304389,54.14361,6.27,,
3247,8.226139,-50.19611,5.51,,
3249,8.275250,9.18556,3.52,β Cnc,Tarf
3250,8.239972,-45.83444,5.83,,
3251,8.264583,-30.92583,6.21,,
3252,8.292139,8.86611,6.29,,
3253,8.266361,-35.90278,6.16,,
3254,8.340583,57.74333,5.89,30 Lyn,
3256,8.256472,-50.44944,6.44,,
3257,8.289750,-16.28500,6.16,21 Pup,
3258,8.341417,53.57444,6.49,,
3259,8.306639,-12.63194,5.98,,
3260,8.254417,-62.91583,5.16,,
3261,8.299528,-30.00333,6.45,,
3262,8.334417,27.21778,5.14,χ Cnc,
3263,8.378917,60.63111,6.41,,
3264,8.339167,20.74778,5.83,,
3265,8.320861,-10.16583,6.32,,
3266,8.304833,-35.45167,5.58,,
3268,8.342250,24.02222,5.98,λ Cnc,Piautos
3269,8.330528,3.94778,6.05,,
3270,8.309250,-36.65944,4.45,,
3271,8.336972,-0.90944,6.18,,
3272,8.338083,-5.32917,6.13,,
3273,8.324833,-34.59028,6.43,,
3274,8.298833,-59.16694,6.42,,
3275,8.380583,43.18806,4.25,31 Lyn,Alsciaukat
3276,8.340944,-22.92472,6.13,,
3277,8.396806,53.21972,5.51,,
3278,8.355611,-1.60222,6.50,,
3279,8.355889,-20.07917,5.58,,
3280,8.305250,-65.61333,5.07,,
3281,8.365167,-17.58639,5.75,,
3282,8.356389,-33.05444,4.83,,
3283,8.355833,-36.48444,5.20,,
3284,8.389389,18.33222,5.95,20 Cnc,
3285,8.375056,-6.17917,6.15,,
3286,8.356722,-39.62083,6.16,,
3287,8.411889,42.00500,6.02,,
3288,8.381667,-7.54333,5.96,,
3289,8.379667,-13.05472,6.11,22 Pup,
3290,8.398667,10.63194,6.08,21 Cnc,
3291,8.380528,-26.34806,5.90,,
3292,8.418028,35.01139,6.06,,
3293,8.353333,-57.97306,5.97,,
3294,8.375444,-48.49028,4.82,,
3295,8.410111,-4.71694,6.01,,
3296,8.388111,-38.28583,6.32,,
3297,8.409722,-3.75111,5.61,1 Hya,
3298,8.352139,-64.10611,6.12,,
3299,8.430528,17.04611,6.14,25 Cnc,
3300,8.382000,-52.12389,5.85,,
3301,8.330278,-71.51500,5.37,κ¹ Vol,
3302,8.333528,-71.50528,5.65,κ² Vol,
3303,8.496167,67.29750,5.88,,
3304,8.441028,27.89361,5.57,φ¹ Cnc,
3305,8.426528,2.10222,5.73,,
3306,8.431889,7.56444,5.13,,
3307,8.375222,-59.50972,1.86,ε Car,Avior
3308,8.415306,-23.15361,5.68,,
3309,8.460222,45.65306,6.32,,
3310,8.446333,26.93444,6.32,φ² Cnc,
3311,8.446389,26.93528,6.30,φ² Cnc,
3314,8.427667,-3.90639,3.90,,
3315,8.417694,-24.04611,5.28,,
3316,8.421972,-21.04583,6.01,,
3317,8.427611,-17.43944,6.44,,
3318,8.308778,-76.91972,4.07,α Cha,
3319,8.445528,12.65444,5.50,27 Cnc,
3320,8.432111,-14.92972,5.98,,
3321,8.440889,-3.98750,5.59,2 Hya,
3322,8.415889,-42.76944,5.98,,
3323,8.504417,60.71806,3.36,ο UMa,Muscida
3324,8.444972,-12.53444,5.54,,
3326,8.431083,-42.15333,5.47,,
3329,8.476889,24.14472,6.10,28 Cnc,
3330,8.425278,-51.72806,5.17,,
3332,8.548167,69.32000,6.31,,
3333,8.477028,14.21083,5.95,29 Cnc,
3334,8.367889,-73.40000,5.29,η Vol,
3336,8.454556,-31.67306,6.33,,
3337,8.474778,-2.51722,6.39,,
3338,8.472139,-8.81611,6.43,,
3340,8.344028,-77.48444,4.35,θ Cha,
3341,8.440333,-52.80750,6.05,,
3342,8.480806,-9.74833,6.00,,
3343,8.466472,-35.11389,5.75,,
3346,8.431000,-64.60083,5.97,,
3347,8.428944,-66.13694,3.77,β Vol,
3348,8.522194,37.26583,6.18,,
3350,8.460139,-53.08861,5.09,,
3351,8.542639,53.11472,6.24,,
3352,8.613528,74.72361,6.31,,
3354,8.576722,65.14500,5.47,2 UMa,
3355,8.525139,24.08111,5.75,υ¹ Cnc,
3356,8.485444,-44.16056,5.79,,
3357,8.526583,18.09444,5.35,θ Cnc,
3358,8.484639,-47.92917,5.33,,
3359,8.491000,-44.72500,4.99,,
3360,8.548611,38.01639,5.90,,
3362,8.507944,-32.15944,5.65,,
3363,8.496000,-46.33194,5.99,,
3365,8.556056,36.43639,6.24,32 Lyn,
3366,8.545139,20.44111,5.33,η Cnc,
3367,8.525250,-19.57750,5.42,,
3368,8.493417,-55.19111,6.36,,
3369,8.550028,24.08472,6.36,υ² Cnc,
3370,8.454694,-70.09333,5.53,,
3371,8.510889,-44.73722,6.30,,
3372,8.544417,10.06611,6.46,34 Cnc,
3373,8.523500,-39.06417,6.31,,
3374,8.542583,-15.02944,6.38,,
3375,8.519667,-47.86667,6.39,,
3376,8.562528,13.25722,6.28,,
3377,8.578833,36.41944,5.78,33 Lyn,
3378,8.562083,4.75667,5.87,,
3379,8.661833,73.62972,6.15,,
3380,8.570361,8.45194,6.03,,
3381,8.551333,-24.60639,6.19,,
3382,8.524889,-54.39417,6.34,,
3383,8.567111,-2.15167,5.81,,
3384,8.547639,-31.50083,6.38,,
3385,8.549611,-34.63389,6.36,,
3386,8.534667,-53.21222,5.69,,
3388,8.555528,-38.37111,6.49,,
3389,8.560639,-38.84889,5.96,,
3390,8.558444,-46.97111,6.24,,
3391,8.653250,65.02083,5.64,π¹ UMa,
3392,8.590250,2.74361,6.33,,
3393,8.405500,-80.91417,5.69,,
3394,8.602139,15.31361,6.32,,
3395,8.597500,6.62000,5.99,,
3397,8.575472,-32.59861,6.43,,
3398,8.591167,-7.98222,5.72,3 Hya,
3399,8.574806,-37.61139,6.30,,
3400,8.639500,53.40139,5.66,,
3401,8.652833,59.93944,6.48,,
3402,8.591333,-26.84361,5.96,,
3403,8.670222,64.32778,4.60,π² UMa,
3404,8.586833,-39.97000,6.47,,
3405,8.650000,52.92500,6.42,,
3406,8.618278,9.65556,5.88,36 Cnc,
3407,8.578778,-49.94417,5.01,,
3408,8.654889,52.71167,5.91,,
3409,8.638611,32.80194,5.94,,
3410,8.627611,5.70361,4.16,δ Hya,
3411,8.624194,-4.93361,6.19,,
3413,8.597806,-50.97000,5.80,,
3414,8.588778,-58.00917,4.86,,
3415,8.587611,-58.22500,5.26,,
3417,8.545056,-73.35667,6.12,,
3418,8.645944,3.34139,4.44,σ Hya,Minchir
3419,8.624917,-33.74583,6.48,,
3420,8.631167,-26.25500,5.27,η Pyx,
3422,8.683639,45.83389,5.37,34 Lyn,
3423,8.671750,31.94194,6.10,,
3424,8.656833,8.01722,6.45,,
3425,8.644528,-19.73694,6.33,,
3426,8.627417,-42.98917,4.14,,
3427,8.668444,20.00778,6.39,39 Cnc,
3428,8.672806,19.67000,6.44,,
3429,8.674167,19.54500,6.30,ε Cnc,Meleph
3430,8.652222,-22.66194,5.05,,
3431,8.667083,-12.47528,4.98,6 Hya,
3432,8.621889,-62.85361,5.47,,
3433,8.661806,-29.56111,4.89,ζ Pyx,
3434,8.656139,-36.60694,6.13,,
3435,8.645806,-53.09056,6.47,,
3436,8.716722,46.90111,6.22,,
3438,8.668389,-35.30833,3.97,β Pyx,
3439,8.672028,-40.26417,5.20,,
3440,8.656611,-53.43972,5.48,,
3441,8.695361,-15.94333,4.88,9 Hya,
3442,8.666000,-53.05500,5.19,,
3443,8.653667,-60.31722,6.36,,
3444,8.676472,-45.19139,5.71,,
3445,8.677111,-46.64889,3.84,,
3446,8.702722,-11.96611,6.45,,
3447,8.671556,-52.92194,3.62,,
3448,8.671500,-53.01528,5.61,,
3449,8.721417,21.46861,4.66,γ Cnc,Asellus Borealis
3450,8.720083,12.68083,5.64,45 Cnc,
3451,8.736139,36.91806,6.33,,
3452,8.686972,-47.31694,4.77,,
3453,8.684806,-48.92250,5.90,,
3454,8.720417,3.39861,4.30,η Hya,
3455,8.678778,-57.54528,6.34,,
3456,8.699139,-45.41083,5.23,,
3457,8.676944,-59.76111,4.33,,
3458,8.733250,4.33472,6.37,,
3459,8.727889,-7.23361,4.62,,
3460,8.651444,-70.38694,5.20,θ Vol,
3461,8.744750,18.15417,3.94,δ Cnc,Asellus Australis
3462,8.704444,-48.09917,5.51,,
3463,8.715833,-35.94333,6.42,,
3464,8.755944,30.69778,6.13,46 Cnc,
3465,8.745833,10.08167,5.66,49 Cnc,
3466,8.705250,-53.10000,5.52,,
3467,8.707083,-53.11389,4.86,,
3468,8.726528,-33.18639,3.68,α Pyx,
3469,8.750361,5.68056,6.13,10 Hya,
3470,8.813722,66.70806,6.20,,
3471,8.705806,-55.77417,6.29,,
3472,8.755778,-2.60083,6.41,,
3473,8.748667,-21.16778,6.11,,
3475,8.778278,28.76000,4.02,ι Cnc,
3476,8.727861,-49.82278,5.16,,
3477,8.740000,-42.64917,4.07,,
3478,8.767361,-2.04889,5.70,,
3479,8.747750,-37.14722,5.76,,
3480,8.768583,-11.00639,6.25,,
3481,8.782222,12.11000,5.87,50 Cnc,
3482,8.779611,6.41889,3.38,ε Hya,Ashlesha
3483,8.763694,-25.38750,6.10,,
3484,8.772917,-13.54778,4.32,12 Hya,
3485,8.745056,-54.70833,1.96,δ Vel,Alsephina
3486,8.787500,-1.89722,5.29,,
3487,8.767139,-46.04167,3.91,,
3488,8.773278,-41.12556,6.21,,
3489,8.751472,-58.72500,6.21,,
3490,8.780333,-34.62278,6.37,,
3491,8.731750,-68.21167,6.32,,
3492,8.807222,5.83778,4.36,ρ Hya,
3493,8.801361,-6.55861,6.09,,
3494,8.775167,-45.91278,5.46,,
3495,8.741667,-65.82556,6.05,,
3496,8.788583,-46.15556,5.75,,
3497,8.794583,-41.73722,6.36,,
3498,8.778472,-56.76972,4.49,,
3499,8.842278,33.28528,6.25,,
3500,8.822694,-3.44306,5.31,14 Hya,
3501,8.802444,-42.46389,6.43,,
3502,8.688750,-78.96333,5.47,η Cha,
3503,8.800056,-52.85056,6.30,,
3504,8.845861,18.83222,6.16,,
3505,8.889611,61.96222,5.73,5 UMa,
3506,8.884972,59.05611,6.25,,
3507,8.829139,-21.04861,6.47,,
3508,8.865778,43.72667,5.15,35 Lyn,
3509,8.869889,45.31250,5.99,,
3510,8.850417,15.35056,6.38,54 Cnc,
3511,8.869444,42.00250,5.99,,
3512,8.830972,-32.78056,5.21,,
3513,8.833944,-29.46306,5.87,,
3514,8.827556,-40.32056,5.48,,
3516,8.839333,-28.61806,6.17,,
3517,8.831222,-39.14167,6.39,,
3518,8.842194,-27.71000,4.01,γ Pyx,
3519,8.876278,32.47417,5.66,σ¹ Cnc,
3520,8.829917,-45.30806,4.93,,
3521,8.874611,28.25917,6.23,53 Cnc,
3522,8.876611,28.33083,5.95,ρ¹ Cnc,Copernicus
3523,8.859583,-7.17722,5.54,15 Hya,
3524,8.720111,-79.06972,6.05,,
3525,8.839167,-42.09000,6.00,,
3526,8.873389,5.34000,6.33,,
3527,8.842639,-46.52917,5.10,,
3528,8.898806,35.53833,6.14,,
3529,8.875194,-13.23361,6.13,,
3531,8.943750,64.60389,5.58,6 UMa,
3532,8.904083,30.57944,5.39,57 Cnc,
3533,8.873917,-32.50917,6.50,,
3534,8.877389,-36.54556,6.42,,
3535,8.880000,-38.72417,5.82,,
3536,8.860167,-57.63361,5.59,,
3537,8.843000,-66.79306,5.35,,
3538,8.904972,-5.43444,6.00,,
3539,8.877389,-48.35917,5.91,,
3540,8.927694,27.92750,5.22,ρ² Cnc,
3542,8.878000,-52.12917,6.39,,
3543,8.765333,-79.50444,5.79,,
3544,8.830639,-72.55083,6.11,,
3545,8.947222,45.63194,5.74,,
3546,8.941806,40.20167,5.89,,
3547,8.923222,5.94556,3.11,ζ Hya,
3548,8.897417,-40.44750,6.47,,
3549,8.884389,-56.64944,6.03,,
3550,8.932111,11.62611,5.41,60 Cnc,
3551,8.897417,-47.52083,5.33,,
3554,8.920111,-18.24139,5.75,,
3555,8.949056,32.91028,5.45,σ² Cnc,
3556,8.925417,-27.68194,4.89,δ Pyx,
3557,8.943583,4.23667,6.14,,
3558,8.952278,17.14389,6.17,,
3559,8.932194,-23.81833,6.39,,
3560,8.896861,-60.35417,5.78,,
3561,8.954139,15.32278,5.20,ο¹ Cnc,
3562,8.922028,-45.04167,6.26,,
3563,8.966306,30.23361,6.29,61 Cnc,
3564,8.942806,-16.70944,5.96,,
3565,8.959778,15.58139,5.67,ο² Cnc,
3567,8.961667,9.38778,6.19,,
3568,8.915000,-58.24000,6.38,,
3569,8.986778,48.04167,3.14,ι UMa,Talitha
3570,8.919972,-54.96556,5.71,,
3571,8.917444,-60.64472,3.84,,
3572,8.974778,11.85778,4.25,α Cnc,Acubens
3574,8.938722,-52.72361,4.69,,
3575,8.992389,32.41861,5.20,σ³ Cnc,
3576,9.042417,67.62972,4.76,ρ UMa,
3577,8.986333,18.13472,6.38,,
3578,8.978861,-16.13278,5.86,,
3579,9.010667,41.78278,3.97,,
3580,9.008556,37.60444,6.44,,
3581,9.255889,84.18111,6.33,,
3582,8.949556,-59.22944,4.92,,
3583,8.965500,-48.57333,5.87,,
3584,8.994417,-19.20806,6.18,,
3585,8.987694,-28.80611,6.25,,
3586,9.027944,39.71333,6.36,,
3587,9.023361,32.25250,5.82,66 Cnc,
3588,8.981194,-47.23472,5.18,,
3589,9.030250,27.90278,6.07,67 Cnc,
3590,9.025389,5.64083,6.07,,
3591,9.001500,-41.25389,4.45,,
3592,9.066778,54.28389,5.75,,
3593,9.006167,-43.17333,6.07,,
3594,9.060417,47.15667,3.60,κ UMa,Alkaphrah
3595,9.045639,24.45278,5.45,ν Cnc,
3596,9.032778,-0.48278,5.67,,
3597,9.019833,-26.66389,6.20,,
3598,8.990028,-59.08361,5.16,,
3599,9.045778,7.29806,5.85,,
3600,9.022444,-41.86444,5.55,,
3601,9.069417,27.89833,6.38,70 Cnc,
3602,9.035111,-39.40250,6.27,,
3603,9.090028,48.53028,5.95,,
3604,9.012694,-60.96389,5.79,,
3605,9.029056,-52.18833,5.23,,
3606,9.082000,32.37694,6.46,,
3608,9.111972,59.34444,6.45,,
3609,9.139889,66.87333,5.14,σ¹ UMa,
3610,9.019028,-68.68389,5.88,,
3611,9.051444,-53.54972,6.40,,
3612,9.108833,38.45222,4.56,,
3613,9.099556,5.09222,4.97,ω Hya,
3614,9.069250,-47.09778,3.75,,
3615,9.040778,-66.39611,4.00,α Vol,
3616,9.173111,67.13472,4.80,σ² UMa,
3617,9.124139,22.98111,6.40,,
3618,9.116639,1.46278,6.17,,
3619,9.147861,51.60472,4.48,15 UMa,
3620,9.134472,32.54056,6.50,,
3621,9.133361,29.65417,5.43,τ Cnc,
3622,9.080000,-57.85250,6.44,,
3623,9.129111,10.66806,5.24,κ Cnc,
3624,9.181972,63.51361,4.67,τ UMa,
3625,9.147528,33.88222,5.93,,
3626,9.146472,26.62917,5.98,75 Cnc,
3627,9.155972,22.04556,5.14,ξ Cnc,Nahn
3628,9.134139,-25.85833,4.58,κ Pyx,
3629,9.109444,-55.80333,6.11,,
3630,9.145056,-8.58944,5.60,19 Hya,
3632,9.102111,-64.49972,6.37,,
3634,9.133278,-43.43250,2.21,λ Vel,Suhail
3635,9.162889,11.56444,6.48,,
3636,9.153194,-12.35778,5.77,,
3637,9.145417,-26.76778,6.15,,
3638,9.151194,-18.32861,5.73,,
3639,9.177417,30.96306,5.95,,
3640,9.172472,21.99639,6.01,79 Cnc,
3641,9.159861,-8.78778,5.46,20 Hya,
3642,9.093972,-70.53889,4.71,,
3643,9.085778,-72.60278,4.48,,
3644,9.165667,-30.36528,5.59,ε Pyx,
3645,9.264611,72.94611,5.96,,
3647,9.162528,-49.42472,6.48,,
3648,9.239056,61.42333,5.13,16 UMa,
3649,9.198778,5.46833,6.35,,
3651,9.203583,3.86722,6.14,,
3652,9.230056,43.21778,5.32,36 Lyn,
3653,9.199639,-19.74778,5.73,,
3654,9.184556,-44.86806,5.00,,
3655,9.207222,-7.10972,6.11,21 Hya,
3656,9.194722,-39.25889,6.00,,
3657,9.227028,21.28333,6.48,,
3658,9.192556,-46.58389,5.79,,
3659,9.182778,-58.96694,3.44,,
3660,9.263861,56.74139,5.27,17 UMa,
3661,9.208500,-43.61361,5.57,,
3662,9.269806,54.02194,4.83,18 UMa,
3663,9.187944,-62.31722,3.97,,
3664,9.253972,34.63361,5.97,,
3665,9.239417,2.31417,3.88,θ Hya,
3666,9.332167,74.01639,6.50,,
3667,9.223861,-38.61639,6.31,,
3668,9.221833,-42.27361,6.29,,
3669,9.253833,14.94139,5.34,π² Cnc,
3670,9.226250,-47.33861,5.92,,
3672,9.235611,-44.14583,5.85,,
3673,9.215444,-59.41444,5.54,,
3674,9.240139,-43.22750,5.25,,
3675,9.256917,-15.02472,6.35,,
3676,9.292000,46.81722,5.97,,
3677,9.249222,-37.60250,5.86,,
3678,8.944750,-85.66306,5.42,ζ Oct,
3679,9.238333,-55.56972,5.27,,
3680,9.254056,-45.55556,6.25,,
3681,9.278250,-6.35306,5.24,23 Hya,
3682,9.260194,-38.57000,4.94,,
3683,9.278139,-8.74472,5.47,24 Hya,
3684,9.262528,-37.41333,4.62,,
3685,9.220000,-69.71722,1.68,β Car,Miaplacidus
3686,9.307222,35.36417,5.75,,
3687,9.285417,-14.57361,5.84,,
3688,9.267833,-44.89861,6.04,,
3689,9.297611,11.50111,6.41,,
3690,9.314083,36.80250,3.82,38 Lyn,
3691,9.254861,-58.38861,6.02,,
3692,9.273083,-44.26583,5.12,,
3693,9.259722,-57.57806,6.32,,
3694,9.282556,-39.40139,5.33,,
3695,9.203417,-76.66306,6.14,,
3696,9.270056,-57.54139,4.34,,
3697,9.345500,51.26611,6.13,,
3698,9.362028,56.69917,5.47,,
3699,9.284833,-59.27528,2.25,ι Car,Aspidiske
3700,9.295083,-54.49528,6.33,,
3701,9.349806,38.18833,6.12,,
3703,9.301611,-51.05111,5.26,,
3704,9.325889,-15.83444,5.78,,
3705,9.350917,34.39250,3.13,α Lyn,
3706,9.329556,-11.97500,4.79,26 Hya,
3707,9.357556,32.90194,6.16,,
3708,9.311722,-51.56056,5.87,,
3709,9.341389,-9.55583,4.80,27 Hya,
3710,9.329972,-34.10333,6.39,,
3712,9.288111,-68.68944,5.39,,
3713,9.297694,-67.05083,6.11,,
3714,9.348750,-15.61778,6.33,,
3716,9.341556,-37.58139,6.05,,
3717,9.325722,-55.18667,6.28,,
3718,9.358222,-25.96556,4.72,θ Pyx,
3719,9.464333,75.09833,6.29,,
3720,9.290389,-74.89444,5.29,,
3721,9.290944,-74.73472,5.86,,
3722,9.428944,63.94083,6.28,,
3723,9.392167,25.18306,6.41,,
3725,9.415472,51.57389,6.31,,
3726,9.364139,-42.19500,5.58,,
3728,9.349111,-62.40472,4.81,,
3730,9.373333,-46.04750,5.75,,
3731,9.410917,26.18222,4.46,κ Leo,
3732,9.363889,-55.51500,5.63,,
3733,9.386750,-28.83389,4.69,λ Pyx,
3734,9.368556,-55.01083,2.50,κ Vel,Markeb
3735,9.395778,-37.75722,6.48,,
3736,9.425694,16.58556,6.29,,
3737,9.404528,-39.42583,6.06,,
3738,9.423333,-5.11750,5.59,28 Hya,
3739,9.399861,-51.73722,6.08,,
3740,9.390944,-60.30250,6.30,,
3741,9.439528,-1.46389,6.01,,
3742,9.401583,-61.64889,5.99,,
3743,9.477778,45.60139,5.41,,Intercrus
3745,9.445778,-28.78750,6.10,,
3746,9.441250,-40.50194,6.20,,
3747,9.496556,55.74556,6.45,,
3748,9.459778,-8.65861,1.98,α Hya,Alphard
3749,9.455111,-22.34389,4.69,,
3750,9.463000,-6.07111,5.38,,
3751,9.618111,81.32639,4.29,,
3752,9.424194,-61.95028,5.77,,
3753,9.438361,-53.37917,5.11,,
3754,9.474306,9.05667,5.41,ω Leo,
3755,9.474778,8.18833,5.71,3 Leo,
3757,9.525472,63.06194,3.67,23 UMa,
3758,9.483944,-1.25694,6.27,,
3759,9.485806,-2.76889,4.60,τ¹ Hya,
3760,9.490139,-2.20528,6.14,,
3761,9.445611,-64.92972,6.05,,
3762,9.492333,-4.24722,6.26,,
3763,9.486833,-20.74861,5.66,,
3764,9.512000,33.65556,5.85,7 LMi,
3765,9.487417,-35.95139,4.51,ε Ant,
3766,9.487861,-38.40389,6.19,,
3767,9.497194,-23.34528,6.24,,
3768,9.581556,72.20556,5.72,22 UMa,
3769,9.525667,35.10306,5.37,8 LMi,
3770,9.498472,-26.58972,5.48,,
3771,9.574694,69.83028,4.56,24 UMa,
3772,9.506278,-15.57722,5.85,,
3773,9.528667,22.96806,4.31,λ Leo,Alterf
3774,9.601889,74.31778,6.46,,
3775,9.547611,51.67722,3.17,θ UMa,
3776,9.479722,-62.27306,5.92,,
3777,9.451778,-71.60222,5.47,,
3779,9.532667,9.71583,5.07,6 Leo,
3781,9.512806,-31.88944,6.18,ζ¹ Ant,
3782,9.532417,11.29972,4.97,ξ Leo,
3783,9.475167,-66.70194,5.91,,
3784,9.501444,-51.51722,5.45,,
3785,9.527472,-10.55222,6.14,,
3786,9.511667,-40.46667,3.60,ψ Vel,
3787,9.533028,-1.18500,4.57,τ² Hya,
3788,9.532167,-10.37056,6.13,,
3789,9.525611,-31.87194,5.93,ζ² Ant,
3790,9.525806,-35.71500,5.87,,
3791,9.558417,36.48694,6.18,9 LMi,
3793,9.506500,-58.36167,5.88,,
3794,9.544833,1.86417,6.11,,
3795,9.402528,-80.78694,5.36,ι Cha,
3796,9.539000,-19.40028,5.74,,
3798,9.538472,-28.62806,6.46,,
3799,9.580417,52.05139,4.50,26 UMa,
3800,9.570389,36.39750,4.55,10 LMi,
3801,9.550583,-8.50528,6.12,,
3802,9.548833,-13.51694,5.94,,
3803,9.520361,-57.03444,3.13,,
3804,9.566417,23.45389,6.25,,
3805,9.555583,-7.19000,6.24,,
3806,9.632278,73.08056,6.42,,
3807,9.538694,-40.64944,5.35,,
3808,9.553472,-21.11583,5.01,,
3809,9.584389,39.62139,4.81,,
3810,9.557278,-22.86389,5.91,,
3812,9.552167,-39.12889,6.43,,
3813,9.525806,-66.71944,6.27,,
3814,9.575750,-5.91500,5.56,33 Hya,
3815,9.594333,35.81028,5.41,11 LMi,
3816,9.537389,-62.78889,6.10,,
3817,9.562361,-49.00500,5.12,,
3818,9.598028,14.37972,6.36,7 Leo,
3819,9.569111,-51.25528,5.01,,
3820,9.611917,31.16167,5.56,,
3821,9.526750,-73.08083,5.47,,
3822,9.592694,-19.58361,6.31,,
3823,9.586611,-35.82389,6.49,,
3824,9.657750,67.27222,5.94,,
3825,9.574083,-59.22944,4.08,,
3826,9.617389,16.43778,5.69,8 Leo,
3827,9.620194,6.83583,5.00,10 Leo,
3829,9.639361,40.23972,5.25,42 Lyn,
3830,9.616722,-25.29667,5.70,,
3831,9.607028,-48.75139,6.17,,
3832,9.630972,-9.42444,6.40,34 Hya,
3833,9.619417,-32.17861,5.63,,
3834,9.640917,4.64917,4.68,,
3835,9.624528,-36.09583,5.98,,
3836,9.613778,-49.35528,4.35,,
3837,9.612861,-52.94417,6.19,,
3838,9.704111,69.23750,5.69,,
3839,9.715889,72.25250,5.17,27 UMa,
3840,9.620083,-53.66861,5.45,,
3842,9.633750,-43.19111,5.50,,
3843,9.758556,78.13472,6.23,,
3845,9.664278,-1.14278,3.91,ι Hya,Ukdah
3846,9.663167,-10.57028,6.31,37 Hya,
3847,9.788333,79.13667,6.17,,
3848,9.672250,-10.76917,6.37,,
3849,9.671778,-14.33222,5.06,κ Hya,
3850,9.693111,31.27806,5.89,,
3851,9.700083,39.75778,5.62,43 Lyn,
3852,9.685833,9.89222,3.52,ο Leo,Subra
3853,9.694028,25.91278,6.24,13 Leo,
3854,9.711972,48.43111,6.39,,
3855,9.718611,54.36361,6.47,,
3856,9.655833,-61.32806,4.52,,
3857,9.711861,35.09333,6.14,13 LMi,
3858,9.688056,-23.59167,4.77,,
3859,9.743528,64.98389,6.17,,
3860,9.564778,-80.94139,5.11,ζ Cha,
3861,9.725917,29.97444,5.64,15 Leo,
3862,9.704000,-23.91556,4.94,,
3863,9.678472,-57.98361,5.32,,
3864,9.683944,-57.25972,5.80,,
3865,9.765389,63.65333,6.34,28 UMa,
3866,9.728861,14.02167,5.35,ψ Leo,
3867,9.711500,-35.50167,6.41,,
3868,9.696611,-55.21417,6.00,,
3869,9.741667,18.86361,6.50,,
3870,9.775472,57.12806,5.20,,
3871,9.736694,-27.76944,4.79,θ Ant,
3872,9.724306,-51.22833,6.15,,
3873,9.764194,23.77417,2.98,ε Leo,
3875,9.728389,-53.89167,5.56,,
3876,9.769444,6.70861,5.79,,
3877,9.773139,11.81000,5.63,18 Leo,
3878,9.756056,-30.20278,6.45,,
3879,9.773222,1.78556,5.65,,
3880,9.790528,11.56833,6.45,19 Leo,
3881,9.809833,46.02111,5.09,,
3882,9.792639,11.42889,6.02,,
3883,9.761250,-57.18556,6.46,,
3884,9.754111,-62.50778,3.69,,
3885,9.839917,65.59333,6.31,,
3886,9.775111,-44.75500,5.55,,
3887,9.765389,-58.79417,6.22,,
3888,9.849833,59.03861,3.80,υ UMa,
3889,9.830583,21.17944,6.09,20 Leo,
3890,9.785028,-65.07194,3.01,υ Car,
3891,9.785194,-65.07250,6.26,υ Car,
3892,9.824472,-37.18639,5.97,,
3893,9.841694,4.34361,6.24,4 Sex,
3894,9.868444,54.06444,4.59,φ UMa,
3895,9.811111,-56.41194,6.06,,
3896,9.850556,13.06611,6.46,23 Leo,
3897,9.830917,-36.26861,6.37,,
3898,9.832528,-45.73278,5.08,,
3899,9.853889,-4.24333,6.01,6 Sex,
3900,9.864722,24.39528,5.32,22 Leo,
3901,9.856000,-6.18167,6.42,,
3902,9.772389,-76.77611,5.45,ν Cha,
3903,9.857972,-14.84667,4.12,υ¹ Hya,Zhang
3904,9.845000,-46.93444,5.73,,
3905,9.879389,26.00694,3.88,μ Leo,Rasalas
3906,9.870056,2.45417,6.02,7 Sex,
3907,9.870000,0.07556,6.35,,
3908,9.866556,-16.53472,6.08,,
3909,9.875111,-8.10500,5.05,γ Sex,
3910,9.855500,-46.19389,5.62,,
3911,9.917611,61.11611,6.27,,
3912,9.861333,-46.54778,4.58,,
3913,9.853361,-59.42583,5.79,,
3914,9.848806,-62.74528,5.57,,
3915,9.895250,5.95833,5.95,,
3916,9.882778,-27.33222,6.30,,
3917,9.928611,49.82000,5.27,31 UMa,
3918,9.973000,72.87944,5.83,,
3919,9.903417,-25.93250,4.88,,
3920,9.883333,-55.37333,6.48,,
3921,9.908806,-22.48833,6.24,,
3922,9.953778,57.41833,5.93,,
3923,9.914500,-19.00944,4.94,,Felis
3924,9.897278,-51.14694,5.93,,
3925,9.904889,-45.28389,5.71,,
3926,9.940556,8.93306,5.85,,
3927,9.914250,-50.24389,5.72,,
3928,9.961417,41.05556,5.14,19 LMi,
3929,9.965806,45.41444,6.30,,
3930,9.934833,-40.82472,6.41,,
3931,9.946250,-26.55028,6.28,,
3932,9.943194,-33.41861,5.84,,
3933,9.948333,-27.47500,6.32,,
3934,10.142861,83.91833,6.37,,
3935,9.939417,-51.33611,6.37,,
3936,9.973917,27.75889,6.30,,
3937,9.970389,12.44472,5.26,ν Leo,
3938,9.968778,8.31417,6.04,,
3939,9.997694,56.81194,5.48,,
3940,9.947722,-54.56778,3.54,φ Vel,
3941,9.953028,-52.63889,6.12,,
3942,9.993389,29.64528,5.73,,
3943,9.961806,-48.41444,6.05,,
3944,9.936028,-71.38944,6.35,,
3946,9.985028,-23.95028,6.21,,
3947,9.981194,-35.89111,5.23,η Ant,
3949,9.949917,-69.10194,6.20,,
3950,10.003556,8.04417,4.70,π Leo,
3951,10.016861,31.92361,5.36,20 LMi,
3952,10.046917,21.94917,5.66,,
3954,10.076750,53.89167,5.74,,
3955,10.027917,-53.36444,6.20,,
3957,10.032778,-57.34972,6.20,,
3958,10.086250,52.37083,6.14,,
3959,10.061389,-9.57389,6.12,,
3960,10.033333,-60.42083,5.94,,
3961,10.069000,3.20111,6.45,13 Sex,
3963,10.067472,-18.10167,5.86,,
3964,10.055694,-46.63611,6.12,,
3965,10.072500,-24.28556,5.70,,
3966,10.049972,-60.17861,6.19,,
3967,10.047056,-62.15639,6.42,,
3968,10.073167,-39.97583,6.43,,
3969,10.094694,15.75750,6.37,,
3970,10.085417,-13.06472,4.60,υ² Hya,
3971,10.059528,-61.88389,6.14,,
3972,10.087556,-36.38389,6.27,,
3973,10.113167,5.61139,6.21,14 Sex,
3974,10.123833,35.24472,4.48,21 LMi,
3975,10.122222,16.76278,3.52,η Leo,
3976,10.103139,-47.37000,5.08,,
3977,10.119306,-17.14167,5.60,,
3979,10.137750,31.60417,6.24,,
3980,10.131750,9.99750,4.37,31 Leo,
3981,10.132306,-0.37167,4.49,α Sex,
3982,10.139528,11.96722,1.35,α Leo,Regulus
3983,10.012139,-82.21472,5.52,μ¹ Cha,
3984,10.133806,-37.33361,6.36,,
3986,10.143194,-15.61167,6.27,,
3987,10.183028,40.66139,6.32,,
3988,10.165694,-12.09583,6.24,,
3989,10.168750,-8.40833,5.91,17 Sex,
3990,10.148972,-51.81111,4.86,,
3991,10.168306,-12.81611,5.31,,
3992,10.158833,-35.85667,6.13,,
3993,10.186889,37.40194,5.85,,
3994,10.176472,-12.35417,3.61,λ Hya,
3995,10.145167,-65.81528,5.28,,
3996,10.182167,-8.41833,5.65,18 Sex,
3998,10.193944,13.35500,6.44,34 Leo,
3999,10.156083,-61.54917,5.60,,
4000,10.188278,-7.31667,6.25,,
4001,10.177194,-41.71500,5.98,,
4002,10.158472,-68.68333,5.81,,
4003,10.200806,-28.60639,6.28,,
4004,10.213417,4.61472,5.77,19 Sex,
4005,10.210500,-19.15361,6.44,,
4006,10.230500,27.13583,6.04,,
4007,10.193111,-58.82806,6.40,,
4008,10.252139,59.98556,6.25,,
4009,10.196250,-58.06056,5.72,,
4010,10.206389,-52.16333,6.16,,
4011,10.222056,-27.02889,6.25,,
4012,10.241583,21.16778,6.02,,
4013,10.223556,-33.03194,6.38,,
4014,10.251750,31.46806,6.46,22 LMi,
4015,10.229417,-40.34583,5.90,,
4016,10.300306,73.07333,6.40,,
4017,10.223000,-51.23333,5.28,,
4018,10.217028,-59.91806,6.10,,
4019,10.232389,-40.31056,6.35,,
4020,10.224444,-51.75611,5.78,,
4022,10.222556,-61.65889,6.41,,
4023,10.245611,-42.12194,3.85,,
4024,10.270667,29.31056,5.35,23 LMi,
4025,10.225167,-66.37306,5.16,,
4026,10.300556,65.10833,5.82,32 UMa,
4027,10.274472,28.68250,6.49,24 LMi,
4029,10.255806,-36.51806,6.19,,
4030,10.275639,23.50306,5.97,35 Leo,
4031,10.278167,23.41722,3.44,ζ Leo,Adhafera
4032,10.278306,25.37139,5.84,,
4033,10.284944,42.91444,3.45,λ UMa,Tania Borealis
4034,10.269194,-11.20333,6.08,,
4035,10.277972,13.72833,5.41,37 Leo,
4036,10.258750,-43.11250,5.60,,
4037,10.228944,-70.03806,3.32,ω Car,
4038,10.254611,-54.97417,6.16,,
4039,10.287389,23.10611,5.82,39 Leo,
4042,10.293833,-8.06889,5.24,ε Sex,
4043,10.267528,-59.90333,6.22,,
4044,10.316389,46.76083,6.43,,
4045,10.277833,-51.20500,6.30,,
4046,10.324111,48.39694,6.00,,
4047,10.350944,68.74750,5.96,,
4048,10.316861,24.71167,6.40,,
4049,10.302111,-28.99194,5.34,,
4050,10.284722,-61.33222,3.40,,
4051,10.337444,53.77917,6.45,,
4052,10.342000,54.21694,6.00,,
4053,10.310500,-36.80472,6.30,,
4054,10.328917,19.47083,4.79,40 Leo,
4055,10.321333,-12.52806,6.00,,
4056,10.307833,-41.66833,5.96,,
4057,10.332861,19.84167,2.61,γ¹ Leo,Algieba
4058,10.332944,19.84056,3.80,γ² Leo,
4059,10.325611,-5.10583,6.37,,
4060,10.333167,-9.05889,6.32,,
4061,10.310444,-56.11000,5.81,,
4062,10.494861,84.25222,5.50,,
4063,10.326889,-55.02944,4.57,,
4065,10.318000,-64.67639,5.67,,
4066,10.337972,-47.69917,5.65,,
4067,10.369583,41.22944,5.76,,
4069,10.372139,41.49944,3.05,μ UMa,Tania Australis
4070,10.363972,14.97556,6.12,42 Leo,
4071,10.357972,-23.71083,6.50,,
4072,10.402194,65.56639,4.97,,
4074,10.348556,-56.04306,4.50,,
4075,10.385083,33.90806,5.90,27 LMi,
4076,10.370250,-19.86694,6.13,,
4077,10.383444,6.54250,6.07,43 Leo,
4078,10.394944,29.61583,6.39,,
4080,10.372111,-41.65000,4.83,,
4081,10.402389,33.71861,5.50,28 LMi,
4082,10.390694,-4.07417,5.97,25 Sex,
4083,10.386972,-30.16222,6.27,,
4084,10.517944,82.55861,5.26,,
4085,10.403639,2.36806,6.32,,
4086,10.391472,-38.01000,5.33,,
4087,10.394556,-41.95333,6.27,,
4088,10.420889,8.78472,5.61,44 Leo,
4089,10.382806,-66.90167,4.99,,
4090,10.431917,33.79611,4.74,30 LMi,
4091,10.397472,-57.95389,6.35,,
4092,10.428972,-7.05972,5.57,,
4093,10.421444,-42.46806,6.18,,
4094,10.434833,-16.83639,3.81,μ Hya,
4095,10.416500,-58.57639,5.95,,
4096,10.457778,41.60083,6.02,,
4097,10.450139,19.36444,6.15,,
4098,10.467722,48.78472,6.44,,
4099,10.435972,-42.73889,6.13,,
4100,10.464722,36.70722,4.21,β LMi,
4101,10.460833,9.76250,6.04,45 Leo,
4102,10.406583,-74.03167,4.00,,
4103,10.476806,45.21222,6.35,,
4104,10.452528,-31.06778,4.25,α Ant,
4105,10.412306,-73.97167,6.19,,
4106,10.498417,65.62611,6.32,35 UMa,
4107,10.446944,-54.87750,5.58,,
4108,10.507389,64.25750,6.12,,
4109,10.478889,-3.74250,6.05,,
4110,10.456778,-57.63889,4.66,,
4111,10.467194,-49.40556,6.10,,
4112,10.510444,55.98056,4.84,36 UMa,
4113,10.501778,38.92528,5.77,32 LMi,
4114,10.464639,-58.73944,3.82,,
4115,10.457028,-65.70472,6.01,,
4116,10.491306,-2.73917,5.21,δ Sex,
4117,10.491389,-29.66361,5.58,,
4118,10.493167,-30.60722,5.56,δ Ant,
4119,10.504861,-0.63694,5.09,β Sex,
4120,10.481278,-64.17222,5.29,,
4122,10.516306,-7.63750,6.20,,
4123,10.516611,-13.58833,5.58,,
4124,10.530944,32.37944,5.90,33 LMi,
4126,10.584861,75.71306,4.84,,
4127,10.536611,14.13722,5.46,46 Leo,
4128,10.510889,-61.35611,6.43,,
4129,10.502417,-66.98500,6.19,,
4130,10.530167,-28.23750,6.05,,
4131,10.562111,53.49750,6.45,,
4132,10.553861,40.42556,4.75,,
4133,10.546861,9.30667,3.85,ρ Leo,
4134,10.522722,-53.71556,4.89,,
4135,10.532639,-45.06667,5.74,,
4136,10.532389,-45.06944,6.09,,
4137,10.558583,34.98861,5.58,34 LMi,
4138,10.505583,-71.99306,4.74,,
4139,10.542667,-44.61889,5.91,,
4140,10.533722,-61.68528,3.32,,
4141,10.586028,57.08278,5.16,37 UMa,
4142,10.517222,-73.22167,4.93,,
4143,10.549139,-47.00333,5.02,,
4144,10.546556,-58.66694,6.00,,
4145,10.566917,-23.74528,5.08,44 Hya,
4146,10.580000,6.95361,5.08,48 Leo,
4147,10.557028,-58.19028,6.14,,
4148,10.583944,8.65028,5.67,49 Leo,
4149,10.582694,-23.17611,6.10,,
4150,10.605944,36.32694,6.28,35 LMi,
4151,10.570250,-60.98778,6.23,,
4152,10.594139,-18.56917,6.49,,
4153,10.586917,-39.56278,5.38,,
4154,10.586250,-43.66472,6.08,,
4156,10.604639,-16.34444,6.03,φ² Hya,
4157,10.601278,-26.67500,6.29,,
4158,10.609000,-12.23028,5.70,,
4159,10.593139,-57.55778,4.45,,
4162,10.620472,-27.41250,4.89,,
4163,10.625889,-13.38444,4.82,,
4164,10.605639,-59.56472,5.08,,
4165,10.651583,53.66833,5.52,,
4166,10.645333,31.97611,4.71,37 LMi,
4167,10.621694,-48.22583,3.84,,
4168,10.652111,37.91000,5.85,38 LMi,
4169,10.624111,-58.73333,5.45,,
4170,10.590222,-76.30917,6.30,,
4171,10.643056,-16.87667,4.91,φ³ Hya,
4172,10.647333,-12.44361,6.04,,
4173,10.634028,-57.25639,5.91,,
4174,10.591139,-78.60778,4.11,γ Cha,
4175,10.647306,-42.75361,6.11,,
4176,10.696750,68.44333,5.75,,
4177,10.645861,-59.18306,4.66,,
4178,10.699056,65.71639,5.12,38 UMa,
4179,10.649833,-58.81694,5.92,,
4180,10.655111,-55.60333,4.28,,
4181,10.717806,69.07611,5.00,,
4182,10.690056,-1.74167,6.26,33 Sex,
4183,10.681000,-35.74167,6.37,,
4184,10.703139,31.69694,6.02,,
4185,10.669806,-65.10056,5.52,,
4186,10.654611,-74.49361,6.07,,
4187,10.728694,57.19917,5.80,39 UMa,
4188,10.688222,-59.67694,6.42,,
4189,10.717167,26.32556,5.51,40 LMi,
4190,10.708694,-13.97500,6.24,,
4191,10.725806,46.20389,5.18,,
4192,10.723611,23.18833,5.08,41 LMi,
4193,10.722472,4.74778,5.79,35 Sex,
4194,10.712000,-32.71583,5.64,,
4195,10.751111,67.41139,6.00,,
4196,10.703889,-64.46639,4.82,,
4197,10.737361,19.75861,6.27,,
4198,10.711278,-59.21583,5.38,,
4199,10.715944,-64.39444,2.76,θ Car,
4200,10.725583,-60.56667,4.57,,
4201,10.752611,2.48806,6.28,36 Sex,
4202,10.772917,57.36583,6.34,41 UMa,
4203,10.764417,30.68222,5.24,42 LMi,
4204,10.730889,-64.24889,5.77,,
4205,10.735250,-63.96111,4.82,,
4206,10.697583,-79.78333,5.97,,
4207,10.768250,6.37306,6.37,,
4208,10.773472,18.89139,5.49,51 Leo,
4209,10.773694,14.19472,5.48,52 Leo,
4210,10.751000,-59.68417,6.21,η Car,
4211,10.738722,-70.86000,6.26,,
4212,10.742250,-70.85500,6.46,,
4213,10.740694,-72.44389,6.27,,
4214,10.781111,-17.29667,5.42,,
4215,10.813889,65.13222,6.39,,
4216,10.779500,-49.42000,2.69,μ Vel,
4217,10.771333,-60.60333,6.25,,
4219,10.771250,-64.51500,5.34,,
4220,10.774917,-64.26333,5.23,,
4221,10.782639,-56.75722,5.23,,
4222,10.780889,-64.38333,4.85,,
4223,10.815889,29.41583,6.15,43 LMi,
4224,10.811278,-1.95889,5.93,,
4225,10.803944,-31.68833,5.88,,
4226,10.794083,-57.46778,6.36,,
4227,10.820944,10.54528,5.34,53 Leo,
4228,10.801500,-59.91917,6.00,,
4230,10.831583,27.97389,6.04,44 LMi,
4231,10.754361,-80.46972,5.47,δ¹ Cha,
4232,10.827083,-16.19361,3.11,ν Hya,
4233,10.828750,-9.85278,5.86,,
4234,10.763000,-80.54028,4.45,δ² Cha,
4235,10.853083,56.58222,5.67,43 UMa,
4236,10.856583,59.32000,5.58,42 UMa,
4237,10.838361,-8.89778,5.79,41 Sex,
4238,10.832500,-34.05806,5.61,,
4239,10.823361,-59.32361,5.91,,
4240,10.851500,-3.09250,5.95,,
4242,10.875528,52.50361,6.44,,
4243,10.891861,69.85389,5.93,,
4244,10.870472,1.02528,6.38,,
4245,10.876694,-0.20139,6.31,,
4246,10.892917,54.58500,5.10,44 UMa,
4247,10.888528,34.21500,3.83,46 LMi,Praecipua
4248,10.899639,43.19000,4.71,ω UMa,
4249,10.890250,-2.25528,6.12,,
4250,10.875250,-57.24056,5.25,,
4251,10.891528,-20.13889,5.24,,
4252,10.892472,-15.44556,6.38,,
4253,10.895472,-2.12917,5.45,,
4254,10.911722,25.49083,6.20,48 LMi,
4255,10.904944,-13.75806,5.66,,
4256,10.916167,34.03472,5.72,,
4257,10.891556,-58.85333,3.78,,
4258,10.929000,33.50694,5.03,46 UMa,
4259,10.926889,24.74972,4.50,54 Leo,
4260,10.927028,24.74889,6.30,54 Leo,
4261,10.919889,-20.66500,6.44,,
4262,10.895000,-70.72028,5.99,,
4263,10.916944,-42.25111,6.11,,
4264,10.937361,42.00833,6.03,,
4265,10.928444,0.73694,5.91,55 Leo,
4266,10.908222,-61.82667,5.93,,
4267,10.933750,6.18528,5.81,56 Leo,
4268,10.874306,-79.55944,6.33,,
4269,10.938028,22.35167,6.14,,
4270,10.942889,25.50000,6.35,50 LMi,
4271,10.921444,-60.51694,5.92,,
4272,10.999111,77.77000,6.20,,
4273,10.945306,-37.13778,4.60,ι Ant,
4274,10.952194,-50.76500,5.91,,
4275,10.988306,51.88222,6.17,,
4276,10.963444,-59.73194,6.11,,
4277,10.991111,40.43028,5.05,47 UMa,Chalawan
4278,10.992444,36.09306,6.00,,
4279,10.954361,-75.09972,6.13,,
4280,11.004083,45.52611,5.47,,
4282,10.987194,-33.73722,5.71,,
4283,11.007111,51.50194,6.43,,
4284,10.991917,-16.35389,5.89,,
4285,11.005722,42.91139,6.02,,
4286,11.018278,63.42111,6.39,,
4287,10.996250,-18.29889,4.08,α Crt,Alkes
4288,11.014000,39.21222,5.08,49 UMa,
4289,11.003222,-14.08333,5.88,,
4290,10.987222,-61.32028,6.16,,
4291,11.009333,3.61750,4.84,58 Leo,
4292,10.999833,-43.80722,5.81,,
4293,11.002583,-42.22583,4.39,,
4294,11.012444,6.10139,4.99,59 Leo,
4295,11.030694,56.38250,2.37,β UMa,Merak
4296,11.002389,-51.81778,6.15,,
4297,11.015889,-15.79278,6.34,,
4298,11.011333,-31.83944,6.07,,
4299,11.030472,-2.48472,4.74,61 Leo,
4300,11.038833,20.17972,4.42,60 Leo,
4301,11.062139,61.75083,1.79,α UMa,Dubhe
4302,11.040111,-26.83139,6.23,,
4303,11.054056,-0.75250,6.14,,
4305,11.054139,-11.30361,5.50,,
4306,11.060167,-0.00083,5.95,62 Leo,
4307,11.054472,-31.96083,6.46,,
4308,11.060139,-13.43444,6.34,,
4309,11.075333,38.24139,6.00,51 UMa,
4310,11.083611,7.33611,4.63,χ Leo,
4311,11.075333,-47.67917,5.67,,
4312,10.987167,-84.59389,6.19,η Oct,
4313,11.081722,-35.80472,5.43,,
4314,11.088861,-27.29361,4.94,χ¹ Hya,
4315,11.092778,-11.08889,6.09,,
4316,11.084500,-49.39250,6.13,,
4317,11.099333,-27.28778,5.71,χ² Hya,
4318,11.101611,-51.21250,6.30,,
4319,11.115056,1.95556,5.52,65 Leo,
4321,11.107611,-50.95667,6.32,,
4322,11.127694,23.32361,6.46,64 Leo,
4323,11.108139,-58.67528,6.02,,
4325,11.109000,-62.42417,4.61,,
4326,11.106722,-64.83972,6.41,,
4327,11.121278,-42.63861,5.15,,
4329,11.113861,-70.87806,5.57,,
4330,11.161083,67.21028,6.06,,
4331,11.137722,-29.97278,6.49,,
4332,11.146972,24.65833,5.68,67 Leo,
4333,11.155306,36.30944,5.74,,
4334,11.145528,-28.08056,5.44,,
4335,11.161056,44.49861,3.01,ψ UMa,
4336,11.160694,43.20750,5.89,,
4337,11.143167,-58.97500,3.91,,
4338,11.142778,-61.94722,5.13,,
4339,11.164833,-32.36750,5.81,,
4340,11.203056,68.27194,6.40,,
4341,11.195472,14.40028,6.30,,
4343,11.194306,-22.82583,4.48,β Crt,
4345,11.208944,35.81361,6.41,,
4346,11.204111,-32.43389,6.38,,
4347,11.208444,-18.50000,6.13,ψ Crt,
4348,11.209611,-21.74917,6.40,,
4349,11.191528,-71.43639,6.35,,
4350,11.209194,-49.10111,5.36,,
4351,11.227833,41.08861,6.33,,
4352,11.210000,-60.31750,4.60,,
4353,11.215806,-49.73639,6.11,,
4354,11.220750,-44.37222,5.80,,
4355,11.212556,-64.16972,5.23,,
4356,11.229333,-0.06972,5.42,69 Leo,
4357,11.235139,20.52361,2.56,δ Leo,Zosma
4358,11.233833,8.06056,5.79,,
4359,11.237333,15.42944,3.34,θ Leo,Chertan
4360,11.227583,-53.23167,5.76,,
4361,11.225222,-59.61944,5.74,,
4362,11.253389,23.09556,4.63,72 Leo,
4363,11.267778,52.77306,6.50,,
4364,11.248333,-43.73417,6.21,,
4365,11.264417,13.30750,5.32,73 Leo,
4367,11.278306,49.47639,5.88,,
4368,11.277694,-3.65167,4.47,φ Leo,
4369,11.282833,-7.13472,6.14,,
4370,11.274361,-45.88000,6.31,,
4371,11.288167,2.01056,5.18,75 Leo,
4372,11.286611,-38.01444,6.27,,
4373,11.294222,-34.73722,6.45,,
4374,11.303028,31.52917,4.87,ξ UMa,
4375,11.303056,31.52917,4.41,ξ UMa,Alula Australis
4377,11.307972,33.09417,3.48,ν UMa,Alula Borealis
4379,11.288611,-67.82361,6.06,,
4380,11.318861,38.18556,4.78,55 UMa,
4381,11.315278,1.65056,5.91,76 Leo,
4382,11.322361,-14.77861,3.56,δ Crt,
4383,11.348278,67.10056,6.21,,
4384,11.321250,-64.58250,5.99,,
4385,11.309528,-79.66861,6.35,,
4386,11.352278,6.02944,4.05,σ Leo,
4387,11.326750,-75.14250,6.27,,
4388,11.363694,57.07500,6.43,,
4389,11.334417,-71.99444,6.41,,
4390,11.350111,-54.49111,3.89,π Cen,
4391,11.380917,64.33056,6.02,,
4392,11.380444,43.48278,4.99,56 UMa,
4393,11.373083,-44.64583,6.12,,
4394,11.388333,0.13167,6.05,,
4395,11.389417,-18.78000,5.09,λ Crt,
4396,11.386861,-36.16472,5.00,,
4397,11.365861,-77.60833,6.43,,
4398,11.385583,-56.77944,5.79,,
4399,11.398750,10.52917,3.94,ι Leo,
4400,11.400639,1.40778,5.39,79 Leo,
4401,11.389389,-64.95500,5.11,,
4402,11.410167,-10.85944,4.83,ε Crt,
4403,11.406139,-42.66917,6.12,,
4404,11.416361,11.43028,5.80,,
4405,11.414694,-17.68389,4.08,γ Crt,
4406,11.403083,-72.25667,5.59,,
4407,11.432528,55.85056,5.75,,
4408,11.426778,16.45639,5.57,81 Leo,
4409,11.424833,-36.06306,5.22,,
4410,11.430556,3.86000,6.37,80 Leo,
4411,11.425861,-37.74778,5.89,,
4412,11.440417,33.45056,6.32,,
4413,11.428667,-63.97278,5.17,,
4414,11.445917,3.01306,6.50,83 Leo,
4415,11.443139,-61.11528,5.30,,
4416,11.452639,-12.35667,5.94,κ Crt,
4417,11.446472,-53.16000,5.81,,
4418,11.465611,2.85611,4.95,τ Leo,
4419,11.464917,-1.70000,6.25,,
4420,11.466250,-35.32861,6.45,,
4421,11.484611,61.77833,5.83,,
4422,11.484500,39.33694,5.31,57 UMa,
4423,11.476417,-42.67417,5.08,,
4424,11.495417,56.73750,6.28,,
4425,11.471722,-72.47444,6.09,,
4426,11.494972,15.41333,5.74,85 Leo,
4427,11.503583,54.36167,6.41,,
4428,11.494056,-24.46333,5.76,,
4429,11.530667,81.12722,6.15,,
4430,11.506944,46.65750,6.35,,
4431,11.508639,43.17333,5.94,58 UMa,
4432,11.505250,-3.00361,4.77,87 Leo,
4433,11.508056,18.40972,5.52,86 Leo,
4434,11.523389,69.33111,3.84,λ Dra,Giausar
4435,11.514694,47.92917,6.42,,
4437,11.529139,14.36444,6.20,88 Leo,
4438,11.520833,-61.27833,6.38,,
4439,11.539111,61.08250,5.48,,
4440,11.529889,-20.77667,6.24,,
4441,11.529472,-59.44222,5.13,ο¹ Cen,
4442,11.530222,-59.51583,5.15,ο² Cen,
4443,11.537806,-29.26333,5.81,,
4444,11.537861,-29.26111,5.64,,
4445,11.539806,-26.74667,6.16,,
4446,11.546528,-7.82750,5.95,,
4447,11.546694,-40.43639,5.64,,
4448,11.538861,-66.96222,5.90,,
4449,11.548361,-31.08722,5.04,,
4450,11.550028,-31.85778,3.54,ξ Hya,
4451,11.554056,-16.28056,6.05,,
4452,11.565639,36.81556,6.40,,
4453,11.560361,-40.58694,5.39,,
4455,11.572778,3.06000,5.77,89 Leo,
4456,11.578472,16.79694,5.95,90 Leo,
4457,11.584694,54.78528,5.63,,
4458,11.574861,-32.83139,5.98,,
4459,11.584389,20.44139,6.45,,
4460,11.579361,-54.26417,4.62,,
4461,11.600778,69.32278,5.20,2 Dra,
4462,11.582444,-49.13667,5.50,,
4463,11.587000,-47.37250,5.71,,
4465,11.604972,27.78111,5.80,,
4466,11.598778,-47.64167,5.25,,
4467,11.596333,-63.01972,3.13,λ Cen,
4468,11.611361,-9.80222,4.70,θ Crt,
4469,11.609722,-33.57000,5.74,,
4470,11.611333,-37.23778,6.31,,
4471,11.615806,-0.82389,4.30,υ Leo,
4472,11.606194,-61.05222,5.83,,
4473,11.617000,-32.98806,6.29,,
4474,11.631389,50.61833,6.14,,
4475,11.616833,-61.28333,5.15,,
4476,11.626083,-47.74722,5.44,,
4477,11.639056,43.62556,5.59,59 UMa,
4478,11.636056,8.88417,6.17,,
4479,11.621000,-75.89667,5.65,π Cha,
4480,11.642639,46.83417,6.10,60 UMa,
4481,11.647000,64.34694,6.46,,
4482,11.642278,33.62556,6.27,,
4483,11.641000,8.13417,5.36,ω Vir,
4484,11.640028,-2.43611,6.22,,
4485,11.630111,-67.62028,5.96,,
4486,11.645806,45.10861,6.44,,
4487,11.635361,-61.82639,5.15,,
4488,11.644472,-13.20194,5.48,ι Crt,
4489,11.650111,-24.72111,6.42,,
4490,11.664194,-14.46861,6.21,,
4491,11.664000,-16.62028,6.19,,
4492,11.658167,-65.39778,5.17,,
4493,11.674278,57.97056,6.37,,
4494,11.670222,-34.74472,4.70,ο Hya,
4495,11.679750,21.35278,5.26,92 Leo,
4496,11.684167,34.20167,5.33,61 UMa,
4497,11.678500,-53.96861,5.96,,
4498,11.685667,-29.19639,6.44,,
4499,11.681556,-62.09000,4.94,,
4500,11.695444,55.17250,6.27,,
4501,11.692861,31.74611,5.73,62 UMa,
4502,11.688833,-43.09583,5.55,,
4503,11.695556,-32.49972,5.22,,
4504,11.707889,66.74500,5.30,3 Dra,
4506,11.700972,-20.29389,6.22,,
4507,11.683667,-83.10000,6.33,,
4508,11.724222,-37.19028,5.98,,
4509,11.715389,-79.30639,6.39,,
4510,11.731972,-6.67722,6.07,,
4511,11.725333,-62.48944,5.03,,
4512,11.737000,25.21833,6.02,,
4513,11.731361,-62.87833,6.10,,
4514,11.746056,-18.35083,4.73,ζ Crt,
4515,11.754750,8.25833,4.85,ξ Vir,
4516,11.753500,-49.06972,6.26,,
4517,11.764333,6.52944,4.03,ν Vir,
4518,11.767500,47.77944,3.71,χ UMa,Taiyangshou
4519,11.762194,-45.69000,5.29,,
4520,11.760111,-66.72861,3.64,λ Mus,
4521,11.782111,55.62833,5.27,,
4522,11.775222,-61.17833,4.11,,
4523,11.775306,-40.50056,4.91,,
4524,11.785278,-35.90694,6.17,,
4525,11.787694,-30.28694,6.48,,
4526,11.788639,-57.69639,5.41,,
4527,11.799750,20.21889,4.53,93 Leo,
4528,11.798583,8.24583,5.32,4 Vir,
4529,11.806528,-10.31333,6.26,,
4530,11.803972,-66.81472,4.72,μ Mus,
4531,11.810750,14.28417,5.88,,
4532,11.812528,-26.74972,5.11,,
4533,11.817000,-0.31861,6.15,,
4534,11.817667,14.57194,2.14,β Leo,Denebola
4535,11.820806,16.24278,6.04,,
4536,11.828250,34.93167,5.70,,
4537,11.828083,-63.78833,4.32,,
4538,11.832389,-70.22583,4.97,,
4539,11.838750,-15.86389,6.13,,
4540,11.844917,1.76472,3.61,β Vir,Zavijava
4541,11.840889,-62.64944,5.70,,
4542,11.843639,-27.27778,6.48,,
4543,11.848694,12.27889,6.35,,
4544,11.850611,-5.33333,5.64,,
4545,11.852611,33.37500,6.27,,
4546,11.852417,-45.17361,4.46,,
4547,11.856083,-12.18778,6.35,,
4548,11.861556,-30.83500,5.85,,
4549,11.864222,-65.20611,4.90,,
4550,11.883000,37.71861,6.45,,
4551,11.869472,-56.98778,5.57,,
4552,11.881833,-33.90806,4.28,β Hya,
4553,11.890778,-35.06667,6.17,,
4554,11.897167,53.69472,2.44,γ UMa,Phecda
4555,11.897306,0.55194,6.30,,
4556,11.903194,-57.41000,6.06,,
4557,11.907167,-37.74889,6.46,,
4558,11.911806,-25.71389,5.30,,
4559,11.917528,8.44389,5.58,6 Vir,
4562,11.920583,36.75639,6.49,,
4563,11.916611,-63.27889,5.91,,
4564,11.927917,15.64667,5.53,95 Leo,
4565,11.927806,-28.47694,5.93,,
4566,11.932889,56.59861,5.84,66 UMa,
4567,11.933583,-17.15083,5.18,η Crt,
4568,11.931861,-39.68917,6.13,,
4569,11.948111,61.54917,6.22,,
4570,11.945528,-47.07250,6.26,,
4571,11.951028,-33.31528,6.21,,
4573,11.961139,-62.44889,5.57,,
4574,11.968667,32.27389,6.42,,
4576,11.970889,-56.31722,5.44,,
4578,11.979917,-64.33917,5.61,,
4579,11.981778,-25.90889,6.43,,
4580,11.984278,0.53056,6.17,,
4581,11.988222,33.16750,5.96,,
4582,11.986361,-51.69667,6.05,,
4583,11.993694,-78.22194,4.91,ε Cha,
4584,11.999222,34.03500,6.50,,
4585,11.999139,3.65528,5.37,7 Vir,
4586,12.005167,80.85306,6.17,,
4587,12.012361,-10.44611,5.55,,
4588,12.011806,-21.83722,6.28,,
4589,12.014556,6.61417,4.66,π Vir,
4590,12.014222,-19.65889,5.26,,
4591,12.017167,-1.76806,6.31,,
4592,12.024722,-57.50361,6.16,,
4593,12.027639,36.04194,5.59,,
4594,12.035222,43.04556,5.21,67 UMa,
4595,12.038917,-85.63167,6.05,,
4596,12.041278,-71.48889,6.42,,
4597,12.043806,-69.19222,5.89,,
4598,12.047667,-7.68361,6.22,,
4599,12.050417,-63.31278,4.33,θ¹ Cru,
4600,12.061000,-42.43417,5.15,,
4601,12.062306,-74.21389,6.44,,
4602,12.071278,21.45917,5.87,2 Com,
4603,12.072000,-63.16556,4.72,θ² Cru,
4604,12.077417,-68.32917,5.35,,
4605,12.079583,-76.51917,5.04,κ Cha,
4606,12.074472,85.58722,6.27,,
4607,12.082528,-60.96917,5.96,,
4608,12.086806,8.73306,4.12,ο Vir,
4609,12.087528,76.90583,5.80,,Tonatiuh
4610,12.094361,62.93306,6.13,,
4611,12.098111,-65.54722,6.33,,
4612,12.099083,-35.69389,6.23,,
4613,12.099944,-3.13167,6.37,,
4614,12.105500,-68.65083,6.23,,
4615,12.106417,-65.70917,6.06,,
4616,12.114694,-64.61361,4.15,η Cru,
4617,12.130500,-75.36694,5.18,,
4618,12.134778,-50.66139,4.47,,
4619,12.134667,-50.76333,6.37,,
4620,12.137417,-48.69278,5.34,,
4621,12.139306,-50.72250,2.60,δ Cen,
4622,12.140167,-60.84722,6.22,,
4623,12.140222,-24.72889,4.02,α Crv,Alchiba
4624,12.148278,-44.32611,5.75,,
4625,12.148472,-41.23139,5.48,,
4626,12.161472,1.89778,5.95,10 Vir,
4627,12.163139,74.66139,6.35,,
4628,12.167361,-34.70500,6.17,,
4629,12.167611,5.80694,5.72,11 Vir,
4630,12.168750,-22.61972,3.00,ε Crv,
4631,12.176056,-37.87028,6.06,,
4632,12.175444,16.80917,6.39,3 Com,
4633,12.179472,27.28139,6.01,,
4634,12.184694,-61.27750,6.08,,
4635,12.184417,-23.60250,5.46,3 Crv,
4637,12.192056,-51.35944,6.23,,
4638,12.194194,-52.36861,3.96,ρ Cen,
4639,12.183333,81.71000,6.00,,
4640,12.197556,25.87028,5.66,4 Com,
4641,12.195806,57.05444,6.43,68 UMa,
4642,12.200333,28.53611,6.49,,
4643,12.202583,20.54194,5.57,5 Com,
4644,12.206111,-62.95083,5.92,,
4645,12.213000,-70.15194,6.17,,
4646,12.203306,77.61639,5.14,,
4647,12.220278,-34.12556,6.50,,
4648,12.223694,-38.92917,5.76,,
4649,12.232139,-78.57361,6.35,,
4650,12.223861,10.26222,5.85,12 Vir,
4651,12.226861,-33.79278,6.33,,
4652,12.234056,-45.72389,5.31,,
4653,12.238000,-64.40861,6.22,,
4654,12.245389,53.43472,6.16,,
4655,12.249889,-20.84417,5.83,,
4656,12.252417,-58.74889,2.80,δ Cru,Imai
4657,12.252944,-10.31250,6.11,,
4658,12.258472,-41.91306,6.26,,
4659,12.252361,70.20000,5.71,,
4660,12.257111,57.03250,3.31,δ UMa,Megrez
4662,12.263444,-17.54194,2.59,γ Crv,Gienah
4663,12.266722,14.89889,5.10,6 Com,
4664,12.273194,-72.61472,6.22,,
4665,12.261500,72.55083,6.29,,
4666,12.268778,40.66028,5.66,2 CVn,
4667,12.272361,23.94528,4.95,7 Com,
4668,12.275028,33.06139,5.00,,
4669,12.285000,-65.69278,6.06,,
4670,12.284250,-16.69361,6.05,,
4671,12.292806,-67.96083,4.11,ε Mus,
4672,12.291528,53.19111,5.81,,
4673,12.291806,28.93722,5.70,,
4674,12.305750,-79.31222,4.26,β Cha,
4675,12.296472,-36.09389,6.15,,
4676,12.295639,15.14417,6.34,,
4679,12.307250,-64.00306,4.04,ζ Cru,
4680,12.308778,30.24917,6.23,,
4681,12.311194,-0.78722,5.90,13 Vir,
4682,12.316583,-55.14306,5.00,,
4683,12.280944,86.43611,6.33,,
4684,12.317250,26.00778,6.48,,
4685,12.321972,23.03472,6.27,8 Com,
4686,12.255639,87.70000,6.28,,
4687,12.313861,75.16056,5.38,,
4688,12.324889,28.15694,6.33,9 Com,
4689,12.331778,-0.66694,3.89,η Vir,Zaniah
4690,12.330194,48.98417,5.29,3 CVn,
4691,12.336306,-22.17556,5.97,,
4692,12.341111,-65.84278,6.21,,
4693,12.338806,26.61944,5.54,,
4694,12.338250,26.00194,6.15,,
4695,12.339167,3.31250,4.96,16 Vir,
4696,12.342694,-22.21583,5.21,ζ Crv,
4697,12.345278,17.79278,4.74,11 Com,
4699,12.348806,-13.56556,5.14,,
4700,12.356000,-60.40111,3.59,ε Cru,Ginan
4701,12.347444,57.86389,5.55,70 UMa,
4702,12.365972,-56.37472,5.92,,
4703,12.368694,-67.52194,5.15,ζ² Mus,
4704,12.369972,-68.30750,5.74,ζ¹ Mus,
4705,12.369667,24.77389,6.19,,
4706,12.380361,-57.67611,5.39,,
4707,12.375083,25.84611,4.81,12 Com,
4708,12.375556,5.30556,6.40,17 Vir,
4709,12.427083,-86.15056,6.33,,
4710,12.387167,-67.63167,6.36,,
4711,12.389333,-24.84056,5.68,6 Crv,
4712,12.393167,-35.41278,5.32,,
4713,12.393583,-39.30306,6.40,,
4714,12.395806,-38.91111,5.79,,
4715,12.396389,42.54278,6.06,4 CVn,
4716,12.400417,51.56222,4.80,5 CVn,
4717,12.405139,26.09861,5.18,13 Com,
4718,12.412417,-41.38417,6.25,,
4719,12.407417,25.58278,6.42,,
4720,12.421472,-65.77056,6.30,,
4721,12.419028,-42.51444,6.11,,
4722,12.419917,-11.61028,5.95,,
4723,12.421778,-27.74917,6.09,,
4724,12.422722,-35.18639,5.73,,
4725,12.420861,23.92611,6.03,,
4726,12.417556,56.77750,5.81,71 UMa,
4727,12.418444,63.80278,6.32,,
4728,12.430806,39.01861,5.02,6 CVn,
4729,12.441917,-63.12250,4.86,,
4730,12.443306,-63.09917,1.33,α¹ Cru,Acrux
4731,12.443472,-63.09944,1.73,α² Cru,
4732,12.442111,-51.45083,4.82,,
4733,12.440028,27.26833,4.95,14 Com,
4734,12.446722,-48.91333,6.26,,
4735,12.447694,-32.83000,5.55,,
4736,12.456833,-63.78917,6.00,,
4737,12.448972,28.26833,4.36,γ Com,
4738,12.449806,26.82556,5.00,16 Com,
4739,12.457972,-58.99194,5.50,,
4740,12.440056,71.92972,6.24,,
4741,12.461694,8.61028,6.37,,
4742,12.463722,-16.63194,6.35,,
4743,12.467333,-50.23056,3.91,σ Cen,
4744,12.471917,-64.34139,6.04,,
4745,12.459750,55.71278,5.70,73 UMa,
4746,12.464333,-4.61528,6.22,,
4747,12.473750,-61.79528,6.22,,
4748,12.472917,-39.04139,5.44,,
4749,12.475944,-56.40778,6.15,,
4752,12.481861,25.91278,5.29,17 Com,
4753,12.490806,24.10889,5.48,18 Com,
4754,12.498306,-56.52472,5.80,,
4755,12.499417,-41.73611,6.02,,
4756,12.495333,20.89611,5.69,20 Com,
4757,12.497750,-16.51556,2.95,δ Crv,Algorab
4758,12.501333,-13.39306,6.35,,
4759,12.504861,-23.69667,5.63,,
4760,12.499250,58.40583,5.35,74 UMa,
4761,12.500806,51.53556,6.21,7 CVn,
4762,12.501194,58.76750,6.08,75 UMa,
4763,12.519417,-57.11333,1.63,γ Cru,Gacrux
4764,12.521306,-57.08111,6.42,γ Cru,
4765,12.501861,69.20111,4.95,4 Dra,
4766,12.516833,24.56722,5.46,21 Com,
4767,12.513917,53.07667,6.21,,
4768,12.527861,-59.42389,5.48,,
4769,12.536111,-73.00167,5.88,,
4770,12.522611,7.60417,6.05,,
4771,12.532167,-63.50611,5.95,,
4772,12.527417,-5.05250,6.19,,
4773,12.541111,-72.13306,3.87,γ Mus,
4774,12.534583,-32.53361,6.46,,
4775,12.534500,-16.19611,4.31,η Crv,
4776,12.543333,-13.85917,5.74,,
4777,12.550806,10.29556,6.26,20 Vir,
4778,12.556222,-19.79194,6.26,,
4779,12.559528,-12.83028,5.58,,
4780,12.559500,24.28306,6.29,22 Com,
4781,12.563000,-9.45194,5.48,21 Vir,
4782,12.566444,-49.90944,6.38,,
4783,12.560806,33.24750,5.42,,
4784,12.563167,33.38472,6.24,,
4785,12.562361,41.35750,4.26,β CVn,Chara
4786,12.573111,-23.39667,2.65,β Crv,Kraz
4787,12.558056,69.78833,3.87,κ Dra,
4788,12.578417,-44.67333,5.77,,
4789,12.580861,22.62917,4.81,23 Com,
4790,12.591389,-61.84194,6.22,,
4792,12.585500,18.37694,5.02,24 Com,
4793,12.585583,21.88139,5.85,,
4794,12.595972,-41.02194,5.13,,
4795,12.578889,70.02194,4.94,6 Dra,
4796,12.600333,-39.87000,5.80,,
4797,12.599611,-20.52722,6.20,,
4798,12.619722,-69.13556,2.69,α Mus,
4799,12.613167,-5.83194,5.87,25 Vir,
4800,12.606472,59.48694,5.50,,
4801,12.616194,17.08944,5.68,25 Com,
4802,12.628389,-48.54111,3.86,τ Cen,
4803,12.628389,-27.13889,5.45,,
4804,12.654028,-75.36944,6.49,,
4805,12.634556,3.28250,6.33,,
4806,12.647917,-67.19306,6.25,,
4807,12.639556,1.85472,5.71,,
4809,12.645722,-18.25028,6.00,,
4810,12.650972,-30.42222,5.89,,
4811,12.646194,40.87444,6.37,9 CVn,
4812,12.650583,22.65944,6.38,,
4813,12.654111,-7.99556,4.66,χ Vir,
4814,12.665444,-66.51167,6.26,,
4815,12.652028,21.06250,5.46,26 Com,
4816,12.654694,35.95194,6.45,,
4817,12.664583,-39.98750,4.64,,
4818,12.689722,-46.14556,5.84,,
4819,12.691944,-48.95972,2.17,γ Cen,
4820,12.701417,-69.40750,6.33,,
4821,12.687778,-13.01361,6.08,,
4822,12.687833,-13.01500,5.98,,
4823,12.699056,-59.68583,4.93,,
4824,12.692889,10.42639,6.19,27 Vir,
4825,12.694333,-1.44944,3.65,γ Vir,Porrima
4826,12.694333,-1.44944,3.68,γ Vir,
4827,12.697000,-19.75861,6.03,,
4828,12.698083,10.23556,4.88,ρ Vir,
4829,12.699194,6.80667,5.59,31 Vir,
4830,12.713972,-63.05861,5.31,,
4831,12.709833,-48.81306,4.66,,
4832,12.713778,-55.94722,6.08,,
4833,12.692750,62.71306,6.07,76 UMa,
4834,12.719194,-56.17611,6.00,,
4835,12.724500,-58.90306,6.40,,
4836,12.723972,-40.17778,6.44,,
4837,12.727250,-1.57694,5.93,,
4838,12.732972,-36.34917,6.39,,
4839,12.733472,-28.32389,5.48,,
4840,12.717833,61.15556,6.38,,
4841,12.750472,-68.83111,6.16,,
4842,12.760528,-60.98111,4.69,ι Cru,
4843,12.740861,44.10306,6.33,,
4844,12.771361,-68.10806,3.05,β Mus,
4845,12.749861,39.27889,5.95,10 CVn,
4846,12.752167,45.44028,4.99,,La Superba
4847,12.760306,7.67333,5.22,32 Vir,
4848,12.772972,-56.48889,4.65,,
4849,12.772917,9.54000,5.67,33 Vir,
4850,12.779444,-33.31556,5.86,,
4851,12.777417,16.57750,5.12,27 Com,
4852,12.740556,80.62111,6.40,,
4853,12.795333,-59.68861,1.25,β Cru,Mimosa
4854,12.783972,5.95083,6.34,,
4855,12.787111,11.95806,6.07,34 Vir,
4856,12.792611,-6.30194,6.26,,
4857,12.798250,-24.85167,6.44,,
4858,12.797611,3.57278,6.41,35 Vir,
4859,12.788583,62.78083,5.89,,
4860,12.807333,-27.59750,5.66,,
4862,12.829139,-71.98639,5.55,,
4863,12.792889,66.79028,5.43,7 Dra,Tianyi
4864,12.813056,24.84028,6.31,,
4865,12.815056,14.12250,5.70,29 Com,
4866,12.811611,48.46694,6.27,11 CVn,
4867,12.810944,60.32000,5.85,,
4869,12.821500,27.55222,5.78,30 Com,
4870,12.916278,-85.12333,5.46,ι Oct,
4871,12.838778,-48.45972,6.24,,
4872,12.849417,-52.78750,5.73,,
4873,12.838167,22.86333,6.43,,
4874,12.844778,-33.99944,4.91,,
4875,12.836306,37.51694,5.89,,
4876,12.854944,-60.32972,5.72,,
4877,12.856361,-10.33833,6.41,,
4878,12.860250,3.05667,6.02,37 Vir,
4879,12.865778,-39.68083,5.98,,
4880,12.868139,-48.09417,6.33,,
4881,12.866083,-26.73806,6.15,,
4882,12.873500,-53.82944,6.24,,
4883,12.861639,27.54056,4.94,31 Com,
4884,12.870083,17.07389,6.32,32 Com,
4885,12.884417,-54.95250,5.93,,
4886,12.874333,16.12250,6.30,,
4887,12.889389,-60.32861,5.76,,
4888,12.885250,-48.94333,4.33,,
4889,12.890611,-40.17889,4.27,,
4890,12.896972,-60.37694,5.90,κ Cru,
4891,12.886444,-3.55306,6.11,38 Vir,
4892,12.818500,83.41806,5.85,,
4893,12.820444,83.41278,5.28,,
4894,12.888278,21.24500,4.90,35 Com,
4896,12.893917,-4.22389,6.44,,
4897,12.910889,-59.14667,4.62,λ Cru,
4898,12.909889,-57.17778,4.03,μ¹ Cru,
4899,12.910222,-57.16833,5.17,μ² Cru,
4900,12.897139,12.41861,6.25,41 Vir,
4901,12.905194,-11.64861,6.00,,
4902,12.905889,-9.53889,4.79,ψ Vir,
4903,12.916250,-44.15194,5.89,,
4904,12.903639,33.53444,6.26,,
4905,12.900472,55.95972,1.77,ε UMa,Alioth
4906,12.922056,-42.91583,5.47,,
4907,12.942083,-72.18528,5.93,,
4908,12.932500,-56.83611,5.32,,
4909,12.915694,47.19667,5.84,,
4910,12.926722,3.39750,3.38,δ Vir,Minelauva
4911,12.931472,-15.32694,6.17,,
4913,12.951222,-51.19861,5.16,,
4914,12.933444,38.31472,5.60,α¹ CVn,
4915,12.933806,38.31833,2.90,α² CVn,Cor Caroli
4916,12.924583,65.43861,5.24,8 Dra,Taiyi
4917,12.938222,54.09944,5.82,,
4918,12.959222,-22.75389,6.31,,
4919,12.952139,46.17694,6.12,,
4920,12.982056,17.40944,4.78,36 Com,
4921,12.994306,-3.81194,5.79,44 Vir,
4922,13.009056,-33.50528,6.02,,
4923,13.037833,-71.54889,3.62,δ Mus,
4924,13.004583,30.78500,4.90,37 Com,
4925,13.009972,-3.36861,5.99,46 Vir,
4926,13.010778,18.37306,6.20,,
4927,12.979806,75.47250,6.01,,
4928,12.998639,66.59722,5.32,9 Dra,
4929,13.019333,17.12306,5.96,38 Com,
4930,13.051444,-71.47611,6.03,,
4931,13.012167,56.36639,4.93,78 UMa,
4932,13.036278,10.95917,2.83,ε Vir,Vindemiatrix
4933,13.059222,-49.52722,4.85,ξ¹ Cen,
4934,13.029667,63.61028,6.00,,
4935,13.062806,-20.58306,5.58,,
4938,13.080028,-41.19667,6.26,,
4939,13.091889,-52.11500,6.43,,
4940,13.104639,-48.46361,4.71,,
4941,13.109750,-41.58861,5.59,,
4942,13.115167,-49.90611,4.27,ξ² Cen,
4943,13.095694,35.79889,5.25,14 CVn,
4944,13.123389,-59.86056,5.99,,
4945,13.097861,45.26861,5.63,,
4946,13.105889,21.15333,5.99,39 Com,
4949,13.106278,22.61611,5.60,40 Com,
4950,13.080472,73.02528,6.31,,
4951,13.127306,-53.45972,5.71,,
4952,13.135278,-65.30639,5.51,θ Mus,
4953,13.106306,62.04194,6.14,,
4954,13.119639,27.62472,4.80,41 Com,
4955,13.131611,-10.74028,5.19,49 Vir,
4956,13.131556,27.55583,6.19,,
4957,13.142361,-8.98444,5.55,,
4958,13.150917,-23.11806,4.95,ψ Hya,
4959,13.154000,-9.53833,6.32,,
4960,13.153444,10.02222,5.78,,
4961,13.162583,-10.32944,5.94,50 Vir,
4962,13.163278,16.84861,5.91,,
4963,13.165833,-5.53889,4.38,θ Vir,
4964,13.160750,37.42306,6.02,,
4965,13.182889,-52.56694,6.06,,
4966,13.197667,-69.94194,5.91,,
4967,13.161667,38.53389,6.28,15 CVn,
4968,13.166472,17.52944,5.22,α Com,Diadem
4969,13.166472,17.52944,5.22,α Com,
4970,13.185778,-42.23306,5.79,,
4971,13.167556,38.49889,5.91,17 CVn,
4972,13.198083,-63.30278,6.33,,
4973,13.189778,-43.36889,5.25,,
4975,13.204833,-59.92083,4.60,,
4976,13.238111,-78.44722,5.85,,
4977,13.213583,-66.22694,5.90,,
4978,13.194222,-26.55167,6.50,,
4979,13.200889,-37.80306,4.85,,
4980,13.215556,-59.81667,6.16,,
4981,13.200972,-16.19861,5.04,53 Vir,
4982,13.214139,-42.69972,6.22,,
4983,13.197889,27.87806,4.26,β Com,
4984,13.202333,24.25806,6.33,,
4985,13.223194,-50.70000,5.89,,
4986,13.209139,11.55611,5.77,,
4988,13.236694,-58.68389,5.89,,
4989,13.237444,-59.10333,4.92,,
4990,13.224111,-18.82667,6.28,54 Vir,
4991,13.232639,-43.13889,6.16,,
4992,13.220111,18.72694,6.11,,
4993,13.254139,-67.89444,4.80,η Mus,
4994,13.257139,-69.67972,6.37,,
4995,13.236361,-19.93083,5.33,55 Vir,
4996,13.245306,-48.95667,5.89,,
4997,13.228611,40.15278,4.92,,
4998,13.242028,11.33167,5.67,,
4999,13.252694,-36.37111,6.19,,
5000,13.279111,-65.13833,6.07,,
5001,13.266333,-19.94306,5.22,57 Vir,
5002,13.286944,-66.78361,4.87,,
5004,13.258889,40.85528,5.79,19 CVn,
5006,13.281417,-31.50611,5.10,,
5007,13.270639,19.05167,6.45,,
5008,13.287194,-43.97944,5.84,,
5009,13.207056,80.47139,6.25,,
5010,13.275639,19.78528,6.45,,
5011,13.279583,9.42417,5.22,59 Vir,
5012,13.321917,-72.03556,6.04,,
5013,13.287667,13.67556,5.33,,
5014,13.291639,-0.67667,6.37,,
5015,13.293417,5.46972,4.80,σ Vir,
5016,13.309611,-51.28611,6.19,,
5017,13.292361,40.57250,4.73,20 CVn,
5018,13.274611,68.40806,6.20,,
5019,13.306750,-18.31139,4.74,61 Vir,
5020,13.315361,-23.17167,3.00,γ Hya,
5022,13.307722,34.09806,5.82,,
5023,13.304028,49.68194,5.15,21 CVn,
5024,13.343028,-59.77333,6.18,,
5025,13.317833,35.12806,6.02,,
5026,13.343833,-52.74806,5.48,,
5027,13.346750,-55.80056,6.02,,
5028,13.343278,-36.71222,2.75,ι Cen,
5029,13.349361,-46.88056,5.77,,
5030,13.381278,-72.14667,6.05,,
5031,13.344889,2.94167,6.26,,
5032,13.338611,40.15056,5.60,23 CVn,
5033,13.358306,-19.48889,6.21,,
5034,13.376583,-60.97222,6.18,,
5035,13.377194,-60.98833,4.53,,
5036,13.371167,-52.18306,5.83,,
5037,13.361556,2.08722,5.69,,
5038,13.381306,-47.94306,6.16,,
5039,13.384056,-48.56278,6.38,,
5040,13.369361,5.15472,5.87,64 Vir,
5041,13.400139,-64.53583,4.53,,
5042,13.418639,-74.88778,5.05,ι¹ Mus,
5043,13.385750,-33.19000,6.22,,
5044,13.383639,-17.73528,5.37,63 Vir,
5045,13.367722,43.90306,6.35,,
5046,13.397861,-49.82306,6.48,,
5047,13.388583,-4.92444,5.89,65 Vir,
5048,13.420528,-64.48528,5.31,,
5049,13.430583,-70.62750,5.67,,
5050,13.409222,-5.16389,5.75,66 Vir,
5052,13.398333,37.03389,6.07,,
5053,13.408472,12.43194,6.44,,
5054,13.398750,54.92528,2.27,ζ UMa,Mizar
5055,13.399000,54.92167,3.95,ζ UMa,
5056,13.419889,-11.16139,0.98,α Vir,Spica
5057,13.418528,23.85444,5.78,,
5058,13.435500,-39.75528,5.09,,
5059,13.436500,-1.19250,5.97,,
5060,13.448917,-41.49806,5.69,,
5061,13.451750,-49.14389,6.31,,
5062,13.420417,54.98806,4.01,80 UMa,Alcor
5063,13.455778,-49.38083,6.28,,
5064,13.445333,-12.70778,5.25,68 Vir,
5065,13.454083,-40.16306,6.40,,
5066,13.479556,-69.62806,6.20,,
5067,13.437944,46.02806,5.88,,
5068,13.457556,-15.97361,4.76,69 Vir,
5069,13.485444,-64.67583,6.11,,
5070,13.433306,63.26111,6.50,,
5071,13.490333,-51.16528,5.06,,
5072,13.473833,13.77889,4.98,70 Vir,
5073,13.435583,72.39139,5.79,,
5076,13.466528,52.74583,6.34,,
5077,13.473944,40.72972,6.47,,
5078,13.487472,-1.36444,6.43,,
5080,13.495222,-23.28139,4.97,,
5081,13.486944,10.81833,5.65,71 Vir,
5082,13.554111,-77.56833,6.48,,
5083,13.479361,50.71833,6.43,,
5084,13.682083,-85.78611,5.58,κ Oct,
5085,13.474194,59.94583,5.40,,
5086,13.500028,7.17889,6.17,,
5088,13.507139,-6.47028,6.09,72 Vir,
5089,13.517417,-39.40750,3.88,,
5090,13.525917,-28.11278,6.47,,
5091,13.449083,78.64389,5.77,,
5092,13.534806,-38.39917,6.16,,
5093,13.559917,-65.63250,6.37,,
5094,13.534111,-18.72889,6.01,73 Vir,
5095,13.532750,-6.25583,4.69,74 Vir,
5096,13.521056,42.10611,6.08,,
5097,13.543306,-28.69278,5.69,,
5098,13.542917,-29.56528,6.45,,
5099,13.547694,-15.36306,5.55,75 Vir,
5100,13.549472,-10.16500,5.21,76 Vir,
5102,13.546694,24.34639,6.11,,
5103,13.574694,-48.27222,6.33,,
5104,13.578778,-33.31083,6.44,,
5105,13.568861,3.65889,4.94,78 Vir,
5106,13.577917,-13.21444,5.91,,
5107,13.578222,-0.59583,3.37,ζ Vir,Heze
5108,13.572722,38.78917,6.37,,
5109,13.568694,55.34861,5.60,81 UMa,
5110,13.579944,37.18250,4.98,,
5111,13.592028,-5.39611,5.73,80 Vir,
5112,13.574250,49.01611,4.70,24 CVn,
5113,13.620056,-61.69194,5.63,,
5114,13.592583,10.20472,6.49,,
5115,13.653306,-75.68389,6.34,,
5117,13.614028,-34.46778,6.50,,
5118,13.618333,-44.14333,5.98,,
5119,13.646028,-70.44500,6.10,,
5120,13.613444,-26.49500,5.78,,
5121,13.623250,-46.42833,5.90,,
5122,13.635444,-58.41500,6.42,,
5123,13.616417,24.61333,5.74,,
5124,13.646972,-57.62306,6.01,,
5126,13.611056,49.48667,6.49,,
5127,13.624333,36.29500,4.82,25 CVn,
5128,13.645000,-29.56083,5.83,,
5130,13.669694,-64.57694,5.79,,
5132,13.664778,-53.46639,2.30,ε Cen,
5133,13.628611,50.71472,6.48,,
5134,13.666583,-49.95028,6.00,,
5135,13.661333,-39.74806,6.27,,
5136,13.663500,-40.05194,5.60,,
5137,13.650639,18.26528,6.48,,
5138,13.659611,10.74611,5.57,,
5139,13.619722,71.24222,5.50,,
5140,13.700306,-58.78722,5.38,,
5141,13.695750,-54.56000,5.01,,
5142,13.658444,52.92139,5.46,82 UMa,
5143,13.671000,31.01194,6.21,,
5144,13.677917,19.95556,5.75,1 Boo,
5145,13.677528,28.06528,6.23,,
5147,13.696028,-33.59694,6.05,,
5148,13.673111,50.51944,6.32,,
5149,13.683972,22.49583,5.62,2 Boo,
5150,13.693556,-8.70306,5.01,82 Vir,
5151,13.715583,-56.76806,6.00,,
5152,13.715167,-50.79056,6.41,,
5153,13.672583,57.20750,6.29,,
5154,13.678972,54.68167,4.66,83 UMa,
5155,13.715278,-41.40111,5.98,,
5156,13.703528,8.38833,6.16,,
5157,13.727778,-42.06750,5.98,,
5158,13.737750,-51.01306,6.47,,
5159,13.717694,3.53806,5.36,84 Vir,
5160,13.708000,41.67417,6.30,,
5161,13.712056,34.98889,5.98,,
5162,13.691639,64.82250,5.85,,
5164,13.729222,22.70028,6.13,,
5165,13.741611,-16.17917,5.60,83 Vir,
5166,13.746028,-25.50083,6.21,,
5167,13.760250,-26.11611,5.81,,
5168,13.761444,-33.04389,4.23,1 Cen,
5169,13.731861,52.06444,6.02,,
5170,13.759750,-15.76750,6.19,85 Vir,
5172,13.777583,-51.43278,4.65,,
5173,13.765639,-12.42667,5.51,86 Vir,
5174,13.782333,-36.25194,5.15,,
5175,13.791000,-50.24944,5.91,,
5176,13.794000,-50.32111,5.45,,
5177,13.753667,55.87944,6.50,,
5178,13.787083,-9.70917,6.05,,
5179,13.770417,41.08861,5.87,,
5180,13.771944,38.50389,5.94,,
5181,13.790389,-17.86000,5.43,87 Vir,
5182,13.778694,25.70222,5.95,3 Boo,
5183,13.782528,6.35056,6.33,,
5184,13.710917,78.06444,5.91,,
5185,13.787694,17.45667,4.50,τ Boo,
5186,13.783278,38.54278,5.50,,
5187,13.776583,54.43278,5.70,84 UMa,
5188,13.927417,-82.66611,5.95,,
5190,13.825083,-41.68778,3.41,ν Cen,
5191,13.792333,49.31333,1.86,η UMa,Alkaid
5192,13.824083,-34.45083,4.19,2 Cen,
5193,13.826944,-42.47389,3.04,μ Cen,
5194,13.863167,-69.40139,5.75,,
5195,13.810750,31.19028,5.62,,
5196,13.831194,-18.13417,4.97,89 Vir,
5197,13.835139,-29.08139,6.18,,
5198,13.838722,-39.90111,6.44,,
5200,13.824611,15.79778,4.07,υ Boo,
5201,13.828556,21.26417,4.91,6 Boo,
5203,13.706417,82.75250,5.98,,
5204,13.829167,36.63278,6.38,,
5205,13.840194,5.49722,6.01,,
5206,13.863111,-46.89917,5.77,,
5207,13.868000,-52.81167,5.25,,
5208,13.860167,-36.43333,6.35,,
5209,13.855667,-24.39083,6.45,,
5210,13.863778,-32.99444,4.56,3 Cen,
5211,13.863917,-32.99472,6.06,3 Cen,
5212,13.866917,-31.61944,6.12,,
5213,13.829306,61.48917,5.96,,
5215,13.852556,34.66444,5.87,,
5216,13.841028,58.53944,6.46,,
5217,13.895306,-53.37361,5.89,,
5218,13.913583,-67.65250,5.71,,
5219,13.863194,34.44417,4.74,,
5220,13.871778,12.16528,6.04,,
5221,13.886806,-31.92778,4.73,4 Cen,
5222,13.892444,-35.66417,5.54,,
5223,13.899139,-47.12806,6.10,,
5224,13.897833,-35.31444,6.19,,
5225,13.886917,17.93278,5.70,7 Boo,
5226,13.857194,64.72333,4.65,10 Dra,
5227,13.849778,68.31528,6.40,,
5228,13.904611,-28.56972,6.04,,
5229,13.886194,28.64806,5.90,,
5230,13.920056,-52.16111,5.71,,
5231,13.925667,-47.28833,2.55,ζ Cen,
5232,13.911694,-1.50306,5.15,90 Vir,
5233,13.916167,-8.05889,6.19,,
5234,13.938833,-54.13194,6.14,,
5235,13.911417,18.39778,2.68,η Boo,Muphrid
5236,13.942500,-54.70444,6.00,,
5238,13.897500,53.72861,5.70,86 UMa,
5239,13.938750,-46.59250,5.83,,
5240,14.009111,-78.59000,6.09,,
5241,13.960806,-63.68667,4.71,,
5242,13.975333,-65.80056,6.20,,
5243,13.930556,14.05639,6.16,,
5244,13.941083,1.05056,5.91,92 Vir,
5245,13.936250,32.03250,6.32,,
5246,13.957694,-23.02278,6.14,,
5247,13.942833,27.49194,5.01,9 Boo,
5248,13.971194,-42.10083,3.83,φ Cen,
5249,13.978000,-44.80361,3.87,υ¹ Cen,
5250,13.975306,-24.97222,5.15,47 Hya,
5251,13.988139,-50.37000,5.91,,
5252,14.004806,-61.48139,6.49,,
5253,14.014500,-66.26861,5.97,,
5254,13.977750,14.64944,6.00,,
5255,13.977472,21.69611,5.76,10 Boo,
5256,13.958917,61.49278,6.37,,
5257,14.000028,-25.01028,5.77,48 Hya,
5258,13.997028,-3.54972,6.40,,
5259,14.021944,-40.22222,6.13,,
5260,14.028722,-45.60361,4.34,υ² Cen,
5261,14.088833,-76.79667,5.50,θ Aps,
5262,14.022333,8.89472,5.99,,
5263,14.019583,27.38667,6.23,11 Boo,
5264,14.027444,1.54444,4.26,τ Vir,
5265,14.039667,-27.43000,5.48,,
5266,14.057278,-56.21361,5.92,,
5267,14.063722,-60.37306,0.61,β Cen,Hadar
5268,14.050472,-31.68389,6.18,,
5269,14.057639,-41.42333,6.11,,
5270,14.042167,9.68639,6.20,,
5271,14.036722,45.75361,6.27,,
5272,14.064750,-22.42167,6.30,,
5273,14.058972,10.78667,6.30,,
5274,14.060222,7.54639,6.26,,
5275,14.065500,4.90083,6.24,,
5276,14.070722,-5.38139,6.39,,
5277,14.074167,-14.97167,6.28,,
5278,14.096250,-54.66944,6.17,,
5279,14.140861,-74.85028,6.02,,
5280,14.049917,50.97194,6.15,,
5281,14.106972,-59.71556,6.42,,
5282,14.030722,68.67861,6.34,,
5283,14.077083,2.29750,6.28,,
5285,14.100778,-41.17972,4.36,χ Cen,
5286,14.103028,-43.09194,6.20,,
5287,14.106194,-26.68250,3.27,π Hya,
5288,14.111389,-36.37000,2.06,θ Cen,Menkent
5289,14.137306,-63.20806,6.40,,
5290,14.111889,-9.31333,5.46,95 Vir,
5291,14.073139,64.37583,3.65,α Dra,Thuban
5292,14.148972,-59.27667,6.34,,
5293,14.175250,-70.30556,6.05,,
5294,14.147750,-43.47111,6.17,,
5295,14.183861,-69.71972,6.06,,
5296,14.159722,-51.50472,6.00,,
5297,14.165222,-53.43917,4.75,,
5298,14.150167,-10.33444,6.47,96 Vir,
5299,14.132167,43.85444,5.27,,
5300,14.138139,49.45806,5.25,13 Boo,
5301,14.180694,-16.30194,4.91,,
5302,14.146111,59.33778,6.46,,
5303,14.303833,-81.00778,4.91,η Aps,
5304,14.173306,25.09167,4.83,12 Boo,
5305,14.115667,74.59361,6.45,3 UMi,
5306,14.281917,-77.66389,6.47,,
5307,14.192000,1.36222,6.43,,
5308,14.221222,-53.66583,5.56,,
5309,14.206806,-24.36417,6.34,,
5310,14.187528,32.29556,6.11,,
5311,14.227750,-54.62583,6.11,,
5312,14.212778,-27.26111,5.08,50 Hya,
5313,14.204389,2.40944,5.01,,
5314,14.220333,-26.61222,6.24,,
5315,14.214944,-10.27361,4.19,κ Vir,Kang
5316,14.249167,-57.08583,5.07,,
5317,14.228000,-0.84556,5.91,,
5318,14.245167,-41.83750,5.61,,
5319,14.255889,-53.50972,6.39,,
5320,14.277389,-66.58778,5.75,,
5321,14.147472,77.54750,4.82,4 UMi,
5322,14.239250,-5.94750,6.36,,
5323,14.234778,12.95944,5.54,14 Boo,
5324,14.250361,-29.28194,6.08,,
5325,14.260778,-45.00083,6.31,,
5326,14.276167,-59.91389,6.39,,
5327,14.406472,-82.84861,6.42,,
5329,14.224722,51.79028,4.54,κ² Boo,
5330,14.247444,10.10056,5.29,15 Boo,
5331,14.248056,3.33611,6.45,,
5332,14.256694,-18.20083,5.43,,
5333,14.244722,21.87333,6.39,,
5334,14.201111,69.43250,5.24,,
5335,14.239861,41.51889,6.24,,
5336,14.372972,-80.10889,5.06,ε Aps,
5338,14.266917,-6.00056,4.08,ι Vir,Syrma
5339,14.448583,-83.66778,4.32,δ Oct,
5340,14.261028,19.18250,-0.04,α Boo,Arcturus
5341,14.272639,-6.62194,6.44,,
5342,14.275028,-3.19639,6.15,,
5343,14.267833,18.91194,5.98,,
5344,14.284389,-18.58528,6.22,,
5346,14.275778,20.12139,6.25,,
5347,14.273389,39.74472,6.38,,
5349,14.330972,-61.27306,5.23,,
5350,14.269417,51.36722,4.75,ι Boo,
5351,14.273056,46.08833,4.18,λ Boo,Xuange
5352,14.291222,15.26333,5.80,,
5353,14.300167,-7.54250,6.47,,
5354,14.323389,-46.05778,3.55,ι Lup,
5355,14.310639,-18.71611,5.90,,
5356,14.316889,-25.81556,5.87,,
5357,14.323306,-37.00361,5.94,,
5358,14.338750,-56.38667,4.33,,
5359,14.318500,-13.37111,4.52,λ Vir,Khambalia
5360,14.289194,51.30722,6.20,,
5361,14.299944,35.50944,4.81,,
5362,14.336028,-43.05889,5.56,,
5363,14.297000,48.00167,6.32,,
5364,14.345139,-45.18722,4.77,,
5365,14.321194,13.00417,5.41,18 Boo,
5366,14.325694,-2.26556,5.14,υ Vir,
5367,14.342611,-37.88528,4.05,ψ Cen,
5368,14.328028,0.38417,6.19,,
5370,14.329222,16.30694,4.86,20 Boo,
5371,14.376944,-58.45944,4.92,,
5373,14.329917,38.79389,6.33,,
5374,14.335750,30.42917,6.44,,
5375,14.377417,-48.32028,6.09,,
5376,14.372139,-34.78694,5.56,,
5377,14.388972,-50.77222,6.02,,
5378,14.383944,-39.51222,4.42,,
5379,14.418417,-68.19528,5.61,,
5380,14.396778,-53.17667,6.00,,
5381,14.384944,-27.75389,4.77,51 Hya,
5382,14.427639,-66.17333,6.36,,
5383,14.390444,-11.71417,6.21,2 Lib,
5384,14.387583,1.24167,6.27,,
5386,14.389639,8.44667,5.12,,
5387,14.385222,25.33806,6.22,,
5388,14.400250,8.24361,5.95,,
5389,14.493556,-76.72917,6.07,,
5390,14.413500,-24.80639,5.32,,
5391,14.451972,-65.82167,5.85,,
5392,14.403139,5.82000,5.10,,
5393,14.411361,-11.66972,6.49,,
5394,14.405083,8.08500,6.19,,
5395,14.435611,-45.22139,4.56,τ¹ Lup,
5396,14.436333,-45.37944,4.35,τ² Lup,
5398,14.437056,-42.31917,6.32,,
5399,14.429917,-26.85250,6.48,,
5400,14.447194,-39.87389,6.35,,
5401,14.453389,-46.13444,5.83,,
5402,14.424778,38.39306,6.27,,
5403,14.478750,-59.19778,6.45,,
5404,14.419944,51.85083,4.05,θ Boo,
5405,14.440944,19.22694,5.39,22 Boo,
5406,14.456778,-6.12028,6.17,104 Vir,
5407,14.469556,-29.49167,4.97,52 Hya,
5408,14.521250,-67.71722,5.83,,
5409,14.470028,-2.22806,4.81,φ Vir,Elgafar
5410,14.478250,-6.90056,5.42,106 Vir,
5412,14.502389,-45.32167,5.50,,
5413,14.505806,-49.51917,5.37,,
5416,14.471222,36.19694,6.10,,
5417,14.515694,-40.84500,6.39,,
5418,14.497361,0.82889,5.94,,
5419,14.519667,-38.86972,5.97,,
5420,14.477167,49.84472,5.59,24 Boo,
5422,14.497139,31.79111,6.06,,
5423,14.493556,41.79583,6.35,,
5424,14.512611,4.77222,6.02,,
5425,14.543583,-50.45694,4.42,σ Lup,
5426,14.559000,-54.99833,5.87,,
5427,14.558306,-52.68000,5.87,,
5428,14.552667,-30.71417,6.09,,
5429,14.530500,30.37139,3.58,ρ Boo,
5430,14.458750,75.69611,4.25,5 UMi,
5432,14.588111,-60.01583,6.40,,
5433,14.538944,26.67722,6.01,,
5434,14.542361,22.26000,5.92,26 Boo,
5435,14.534639,38.30833,3.03,γ Boo,Seginus
5436,14.512806,63.18556,6.09,,
5437,14.528556,60.22556,6.27,,
5438,14.580750,-20.43917,6.50,,
5439,14.592083,-41.51722,5.87,,
5440,14.591778,-42.15778,2.31,η Cen,
5441,14.555639,36.95944,6.43,,
5442,14.541917,55.39778,5.76,,
5443,14.629528,-67.93222,6.04,,
5444,14.605278,-46.24528,5.55,,
5445,14.569917,32.53444,6.33,,
5446,14.606722,-39.59722,6.13,,
5447,14.578000,29.74500,4.46,σ Boo,
5448,14.577361,36.62583,6.03,,
5449,14.612278,-40.21167,5.74,,
5450,14.622250,-46.13389,5.41,,
5451,14.571083,57.06528,6.48,,
5452,14.577667,49.36833,5.74,,
5453,14.631444,-49.42583,4.05,ρ Lup,
5454,14.601917,23.25028,6.38,,
5455,14.616611,-12.30528,6.20,,
5456,14.638778,-38.79417,6.02,,
5457,14.653056,-46.58417,6.07,,
5458,14.656861,-49.05556,6.39,,
5459,14.659972,-60.83528,-0.01,α¹ Cen,Rigil Kentaurus
5460,14.660028,-60.83556,1.33,α² Cen,Toliman
5461,14.675778,-56.44083,6.30,,
5462,14.637222,18.29833,5.91,,
5463,14.708444,-64.97528,3.19,α Cir,
5464,14.636806,43.64194,5.70,,
5465,14.698806,-58.61611,6.22,,
5466,14.683722,-36.13500,5.67,,
5467,14.637556,54.02333,5.85,,
5468,14.647278,44.40444,5.39,33 Boo,
5469,14.698833,-47.38833,2.30,α Lup,
5470,14.797667,-79.04472,3.83,α Aps,
5471,14.699333,-37.79361,4.00,,
5472,14.672750,21.97556,6.10,,
5473,14.678444,13.53417,5.91,,
5474,14.697528,-30.93333,6.37,,
5475,14.678778,16.41833,4.94,π¹ Boo,
5476,14.678861,16.41778,5.88,π² Boo,
5477,14.685806,13.72833,4.83,ζ Boo,
5478,14.685806,13.72833,4.43,ζ Boo,
5479,14.560639,79.66028,6.26,,
5480,14.694111,8.16167,4.86,31 Boo,
5481,14.695417,11.66056,5.56,32 Boo,
5482,14.754806,-62.87583,5.36,,
5483,14.698389,21.12361,6.38,,
5484,14.720444,-24.99750,5.73,4 Lib,
5485,14.727611,-35.17361,4.05,,
5486,14.748750,-58.47778,6.11,,
5487,14.717667,-5.65833,3.88,μ Vir,
5488,14.753028,-55.60194,6.10,,
5489,14.749778,-35.19194,4.92,,
5490,14.723722,26.52778,4.81,34 Boo,
5491,15.471972,-88.13306,6.48,,
5492,14.700889,61.26194,6.25,,
5493,14.729000,40.45917,5.73,,
5494,14.774750,-47.44111,5.74,,
5495,14.783694,-52.38361,5.21,,
5496,14.753250,-1.41778,6.07,,
5497,14.766694,-25.44306,4.94,54 Hya,
5498,14.786750,-52.20556,6.07,,
5499,14.768556,-23.15306,5.81,,
5500,14.812333,-66.59389,5.91,,
5501,14.758389,0.71722,5.69,108 Vir,
5502,14.754028,16.96444,4.60,ο Boo,
5503,14.766056,-15.45972,6.33,5 Lib,
5504,14.769694,-21.17611,6.40,,
5505,14.749778,27.07500,5.12,ε Boo,
5506,14.749778,27.07417,2.70,ε Boo,Izar
5507,14.755750,18.88472,6.13,,
5508,14.784750,-38.29083,5.94,,
5509,14.792250,-43.55750,6.30,,
5510,14.753806,32.78833,6.28,,
5511,14.770806,1.89278,3.72,109 Vir,
5512,14.768333,15.13194,5.63,,
5513,14.787139,-21.32472,6.06,,
5514,14.789583,-25.62444,5.63,55 Hya,
5515,14.818583,-56.66778,6.23,,
5516,14.795778,-26.08750,5.24,56 Hya,
5517,14.799306,-26.64639,5.77,57 Hya,
5518,14.798583,-12.83972,6.35,,
5519,14.810583,-36.63472,6.04,,
5520,14.887139,-73.19000,5.60,,
5521,14.821861,-24.25167,5.68,,
5522,14.815028,-0.84778,6.14,,
5523,14.821972,-14.14889,5.31,μ Lib,
5524,14.806472,24.36667,6.14,,
5525,15.030778,-83.22778,5.65,π¹ Oct,
5526,14.838139,-27.96028,4.41,58 Hya,
5527,14.876389,-63.81000,5.87,,
5528,14.860667,-43.57556,4.32,ο Lup,
5529,14.818528,37.81111,6.16,,
5530,14.844778,-15.99722,5.15,α¹ Lib,
5531,14.847972,-16.04167,2.75,α² Lib,Zubenelgenubi
5532,14.832889,28.61583,5.80,,
5533,14.821861,46.11611,5.74,38 Boo,Merga
5534,14.837722,23.91194,5.85,,
5535,14.850278,-2.29917,4.94,11 Lib,
5536,14.850028,-0.25722,6.18,,
5538,14.828139,48.72056,5.69,39 Boo,
5539,14.911778,-65.99139,6.09,ζ Cir,
5540,14.964694,-76.66278,5.34,,
5541,14.841556,37.27194,5.48,,
5542,14.875861,-30.57694,6.29,,
5543,14.880861,-37.80333,5.03,,
5544,14.856472,19.10111,4.55,ξ Boo,
5545,15.079639,-83.03833,5.65,π² Oct,
5546,14.926278,-60.11417,5.20,,
5547,15.003278,-77.16028,5.93,,
5548,14.905583,-24.64222,5.30,12 Lib,
5549,14.910556,-33.30056,5.82,,
5550,14.889806,15.70444,6.40,,
5551,14.945556,-62.78083,5.11,θ Cir,
5552,14.857333,59.29389,5.46,,
5553,14.889917,19.15278,6.01,,
5554,14.906361,-11.89833,5.80,ξ¹ Lib,
5555,14.998889,-75.03250,6.20,,
5556,14.938139,-52.80972,5.38,,
5557,15.185639,-84.78750,5.91,ω Oct,
5558,14.929083,-33.85583,5.32,,
5559,14.942222,-47.87917,5.64,,
5561,14.943278,-39.41611,6.36,,
5562,14.941917,-32.63667,6.06,,
5563,14.845083,74.15556,2.08,β UMi,Kochab
5564,14.946139,-11.40972,5.46,ξ² Lib,
5565,14.953778,-29.15778,6.29,,
5566,14.969111,-48.86306,6.35,,
5567,14.937000,14.44639,5.77,,
5568,14.957778,-21.41556,5.74,,
5569,14.932972,32.30028,6.12,,
5570,14.953056,-4.34639,4.49,16 Lib,
5571,14.975528,-43.13389,2.68,β Lup,
5572,14.976889,-39.90667,6.15,,
5573,14.959250,-0.16750,5.53,,
5574,14.951000,21.55528,6.49,,
5575,14.953250,16.38833,5.71,,
5576,14.986028,-42.10417,3.13,κ Cen,
5577,14.977556,-27.65722,5.65,59 Hya,
5579,14.987194,-37.88139,6.47,,
5580,14.990861,-43.16000,6.10,,
5581,14.939722,49.62861,5.63,,
5582,14.981556,-11.14417,5.87,18 Lib,
5583,14.981333,-4.98917,6.09,,
5584,14.989750,4.56778,5.93,,
5585,15.020278,-38.05833,5.89,,
5586,15.016222,-8.51889,4.92,δ Lib,
5587,15.032806,-34.35889,6.22,,
5588,14.993583,39.26528,5.64,40 Boo,
5589,14.959722,65.93250,4.60,,
5590,15.022167,-2.75500,5.52,,
5591,15.035111,-28.06056,5.85,60 Hya,
5592,15.014556,22.04556,6.38,,
5593,15.080056,-64.03167,5.17,η Cir,
5594,15.030250,-0.14056,5.71,,
5595,15.049806,-32.64333,5.44,,
5596,14.839000,82.51194,5.64,,
5597,15.010750,47.27778,6.37,,
5600,15.035139,25.00806,4.81,ω Boo,
5601,15.048333,2.09139,4.40,110 Vir,
5602,15.032444,40.39056,3.50,β Boo,Nekkar
5603,15.067833,-25.28194,3.29,σ Lib,Brachium
5604,15.078583,-40.86139,6.41,,
5605,15.085333,-47.05111,4.72,π Lup,
5606,15.085333,-47.05111,4.82,π Lup,
5607,15.088639,-41.06722,5.15,,
5608,15.024194,60.20444,5.93,,
5609,15.051694,35.20583,5.51,,
5610,15.068444,5.49250,6.50,,
5611,15.132444,-65.27556,6.17,,
5615,15.103861,-36.26417,6.27,,
5616,15.074083,26.94750,4.54,ψ Boo,
5617,15.123861,-49.08833,5.77,,
5618,15.063167,47.65444,4.76,44 Boo,
5619,15.109250,-30.91889,5.96,,
5620,15.107528,-22.03194,6.17,,
5621,15.158306,-67.08417,5.76,,
5622,15.110444,-16.25694,5.20,ν Lib,
5623,15.157083,-63.64278,6.28,,
5624,15.136694,-40.58389,5.79,,
5625,15.144194,-42.86778,5.85,,
5626,15.147389,-45.27972,4.05,λ Lup,
5627,15.090500,48.15111,5.57,47 Boo,
5628,15.209389,-72.77028,6.01,,
5629,15.066056,65.91972,6.13,,
5630,15.109750,36.45556,6.35,,
5631,15.127861,5.49806,6.16,,
5632,15.179056,-61.42250,6.30,,
5633,15.122333,18.44167,6.02,,
5634,15.121694,24.86917,4.93,45 Boo,
5635,15.104639,54.55639,5.25,,
5636,15.168750,-38.79250,5.98,,
5637,15.187778,-55.34611,5.54,,
5638,15.139944,26.30111,5.67,46 Boo,
5639,15.148167,13.23500,6.10,,
5640,15.143194,25.10861,5.81,,
5641,15.171833,-26.33278,5.76,,
5642,15.193028,-45.27750,6.44,,
5644,15.238639,-70.07944,5.81,,
5645,15.216944,-61.74389,6.32,,
5646,15.198917,-48.73778,3.87,κ¹ Lup,
5647,15.199333,-48.74361,5.69,κ² Lup,
5648,15.138750,50.05500,6.39,,
5649,15.204750,-52.09917,3.41,ζ Lup,
5650,15.208694,-48.21861,6.33,,
5651,15.213750,-44.50056,4.82,,
5652,15.203694,-19.79167,4.54,ι¹ Lib,
5653,15.218722,-36.09139,6.10,,
5654,15.201194,18.97583,5.89,,
5655,15.221528,-24.00833,6.47,,
5656,15.222000,-19.64750,6.08,ι² Lib,
5657,15.224639,-25.30917,6.45,23 Lib,
5658,15.231472,-26.19361,5.84,,
5660,15.243694,-31.51917,4.91,1 Lup,
5661,15.276778,-60.90389,5.73,,
5662,15.242694,-17.76861,6.17,26 Lib,
5663,15.264944,-48.07417,5.95,,
5664,15.282417,-60.95750,5.09,δ Cir,
5665,15.225528,22.98333,6.30,,
5666,15.294139,-63.61056,4.86,ε Cir,
5667,15.267778,-41.49111,5.16,,
5668,15.269583,-43.48472,6.04,,
5669,15.247417,-5.50278,6.28,,
5670,15.291889,-58.80111,4.07,β Cir,
5671,15.315167,-68.67944,2.89,γ TrA,
5672,15.178917,67.78139,6.17,,
5673,15.226556,38.26472,6.20,,
5674,15.235028,31.78806,5.99,,
5675,15.253167,4.93944,5.33,3 Ser,
5676,15.241444,29.16417,5.26,χ Boo,
5677,15.236194,42.17139,6.13,,
5678,15.273056,-22.39944,5.50,,
5679,15.263639,0.37222,5.63,4 Ser,
5680,15.313583,-60.49639,5.46,,
5681,15.258389,33.31472,3.47,δ Boo,
5682,15.302611,-41.06083,6.28,,
5683,15.308889,-47.87500,4.27,μ Lup,
5684,15.344639,-67.48139,6.28,,
5685,15.283444,-9.38306,2.61,β Lib,Zubeneschamali
5686,15.297194,-30.14889,4.34,2 Lup,
5687,15.315667,-40.78833,5.59,,
5688,15.311472,-31.20944,6.18,,
5689,15.325444,-37.09667,6.20,,
5690,15.307278,-0.46139,5.89,,
5691,15.243972,67.34667,5.13,,
5692,15.306806,20.57278,5.70,,
5694,15.321889,1.76528,5.06,5 Ser,
5695,15.356194,-40.64750,3.22,δ Lup,
5696,15.359806,-40.74972,6.20,,
5697,15.358361,-38.21917,6.48,,
5698,15.368972,-47.92778,5.00,ν¹ Lup,
5699,15.363389,-48.31778,5.65,ν² Lup,
5700,15.386222,-60.65694,5.67,,
5701,15.348250,-18.15861,6.17,28 Lib,
5702,15.325056,32.51528,6.32,,
5703,15.350389,-15.54833,6.30,ο Lib,
5704,15.389639,-59.32083,4.51,γ Cir,
5705,15.363444,-36.26139,3.56,φ¹ Lup,
5706,15.346417,-2.41333,6.35,,
5707,15.352111,-5.82472,5.54,,
5708,15.378028,-44.68944,3.37,ε Lup,
5709,15.335694,29.61611,5.51,ο CrB,
5710,15.350556,0.71528,5.35,6 Ser,
5711,15.351917,24.95778,6.39,,
5712,15.385944,-36.85861,4.54,φ² Lup,
5713,15.437417,-68.30917,5.89,,
5714,15.284972,71.82389,5.02,11 UMi,
5715,15.334778,51.95861,5.66,,
5716,15.344889,44.43417,6.19,,
5717,15.373111,12.56750,6.28,7 Ser,
5718,15.363500,32.93389,5.37,50 Boo,
5719,15.412472,-39.71028,5.37,υ Lup,
5720,15.397833,-12.36944,5.72,,
5721,15.395472,-1.02250,6.12,8 Ser,
5723,15.403306,-10.32222,4.94,ε Lib,
5724,15.422278,-38.73361,4.60,,
5725,15.459194,-64.53139,5.71,,
5726,15.377056,39.58139,5.50,,
5727,15.386750,30.28778,5.58,η CrB,
5728,15.386750,30.28778,6.08,η CrB,
5729,15.721333,-84.46528,5.57,ρ Oct,
5730,15.525222,-73.38944,5.49,κ¹ Aps,
5731,15.377028,62.04722,5.98,,
5732,15.401417,45.27111,6.01,,
5733,15.408167,37.37722,4.31,μ¹ Boo,Alkalurops
5734,15.408583,37.34778,6.50,μ² Boo,
5735,15.345472,71.83389,3.05,γ UMi,Pherkad
5736,15.455056,-36.76778,5.45,,
5737,15.377333,63.34139,5.79,,
5738,15.474222,-51.59750,6.10,,
5739,15.429833,15.42806,5.17,τ¹ Ser,
5740,15.431472,19.48083,6.27,,
5741,15.438167,34.33583,5.46,,
5742,15.490083,-46.73278,5.24,,
5743,15.470944,-16.71639,5.64,ζ¹ Lib,
5744,15.415500,58.96611,3.29,ι Dra,Edasich
5745,15.460806,25.10167,6.02,,
5746,15.477278,1.84222,5.17,10 Ser,
5747,15.463806,29.10583,3.68,β CrB,Nusakan
5748,15.442361,54.02000,6.45,,
5749,15.510083,-20.72833,6.22,,
5750,15.511222,-16.60944,5.82,ζ³ Lib,
5751,15.534556,-38.62306,6.25,,
5752,15.479028,47.20139,6.15,,
5753,15.530639,-32.88111,6.46,,
5754,15.461333,62.27556,6.50,,
5755,15.464278,60.67028,5.90,,
5756,15.528722,-20.16472,6.22,,
5757,15.655083,-77.91806,6.18,,
5759,15.482444,55.19500,6.43,,
5760,15.506306,31.28611,6.46,,
5761,15.507750,36.80417,6.37,,
5762,15.543528,-19.67056,5.52,,
5763,15.515500,40.83306,5.02,ν¹ Boo,
5764,15.548667,-16.85278,5.50,ζ⁴ Lib,
5767,15.567111,-40.06611,5.82,,
5768,15.489222,62.09972,6.38,,
5769,15.522889,36.61639,6.38,,
5770,15.536028,16.05611,6.22,τ² Ser,
5771,15.612000,-66.31694,4.11,ε TrA,
5772,15.549417,-1.18639,5.51,11 Ser,
5773,15.572472,-39.34944,6.36,,
5774,15.529722,40.89944,5.02,ν² Boo,
5775,15.577028,-28.04694,5.15,36 Lib,
5776,15.585694,-41.16694,2.78,γ Lup,
5777,15.569639,-10.06444,4.62,37 Lib,
5778,15.548833,31.35917,4.14,θ CrB,
5780,15.574056,-9.18333,5.17,,
5781,15.598111,-44.95861,4.54,,
5782,15.672556,-73.44667,5.65,κ² Aps,
5783,15.564667,17.13778,6.45,,
5784,15.603361,-44.39694,5.43,,
5785,15.515472,64.20861,5.79,,
5786,15.698500,-76.08194,5.95,,
5787,15.592111,-14.78944,3.91,γ Lib,Zubenelhakrabi
5788,15.580028,10.53750,3.80,δ Ser,
5789,15.580028,10.53917,3.80,δ Ser,
5790,15.603167,-33.09278,6.24,,
5792,15.669861,-70.22778,6.44,,
5793,15.578139,26.71472,2.23,α CrB,Alphecca
5794,15.617083,-28.13500,3.58,υ Lib,
5795,15.592556,17.65556,6.12,τ³ Ser,
5796,15.598167,11.26556,6.07,,
5797,15.634222,-42.56750,4.33,ω Lup,
5798,15.647083,-52.37278,5.44,,
5800,15.587500,39.01000,5.11,μ CrB,
5801,15.624583,-26.28000,6.19,,
5802,15.608222,10.01000,5.26,16 Ser,
5803,15.665694,-59.90833,5.95,,
5804,15.608139,16.11889,5.93,τ⁵ Ser,
5806,15.630028,-23.14167,5.78,,
5807,15.645083,-39.12806,6.04,,
5808,15.597028,38.37389,6.42,,
5809,15.637694,-28.20667,6.32,,
5810,15.637861,-21.01611,5.84,,
5811,15.587861,53.92194,5.97,,
5812,15.644278,-29.77778,3.66,τ Lib,
5814,15.648472,-19.30194,5.38,41 Lib,
5815,15.644444,-8.79444,6.50,,
5816,15.644472,-8.79111,6.48,,
5818,15.599194,54.63056,5.74,,
5819,15.655917,-23.15028,6.34,,
5820,15.662778,-34.41194,4.67,ψ¹ Lup,
5821,15.682861,-47.73556,6.23,,
5822,15.670944,-31.21361,6.34,,
5823,15.630444,40.35333,5.24,φ Boo,
5824,15.671361,-23.81806,4.96,42 Lib,
5825,15.686472,-44.66111,4.64,,
5826,15.523583,77.34944,4.96,θ UMi,
5827,15.646917,34.67500,6.11,,
5828,15.625556,54.50889,5.87,,
5830,15.637833,46.79778,5.75,,
5831,15.669556,12.05306,6.25,,
5832,15.710333,-49.48944,6.04,,
5833,15.656167,36.63667,6.00,ζ¹ CrB,
5834,15.656306,36.63583,5.07,ζ² CrB,
5835,15.642861,50.42333,5.84,,
5836,15.731972,-60.28722,6.48,,
5837,15.710639,-37.42500,5.24,,
5838,15.699111,-19.67889,4.74,κ Lib,
5839,15.711389,-34.71056,4.75,ψ² Lup,
5840,15.683111,16.02472,6.01,τ⁶ Ser,
5841,15.652639,57.92444,6.45,,
5842,15.692528,19.67028,4.52,ι Ser,
5843,15.696500,12.84750,5.33,χ Ser,
5844,15.627528,69.28333,5.62,,
5845,15.698528,18.46389,5.81,τ⁷ Ser,
5846,15.739611,-41.81944,5.94,,
5847,15.723583,-15.04333,6.31,,
5848,15.734556,-15.67278,5.41,η Lib,
5849,15.712389,26.29556,3.84,γ CrB,
5850,15.719611,13.66778,6.48,,
5851,15.798222,-65.44250,6.18,,
5852,15.798250,-65.44250,6.39,,
5853,15.733833,2.51500,5.88,ψ Ser,
5854,15.737806,6.42556,2.65,α Ser,Unukalhai
5855,15.733139,32.51583,5.56,π CrB,
5857,15.714083,52.36083,5.51,,
5858,15.745028,17.26417,6.14,τ⁸ Ser,
5859,15.756528,5.44694,5.58,,
5860,15.778944,-34.68250,5.61,,
5861,15.761028,0.89139,6.33,,
5862,15.790389,-40.19417,6.42,,
5863,15.768222,-1.80444,5.40,25 Ser,
5864,15.791389,-37.91639,6.01,,
5865,15.813972,-52.43806,6.07,,
5866,15.779278,-6.12028,6.24,,
5867,15.769806,15.42194,3.67,β Ser,
5868,15.774056,7.35306,4.43,λ Ser,
5869,15.835250,-53.20944,5.77,,
5870,15.788139,14.11528,5.71,υ Ser,
5871,15.832639,-48.91194,5.84,,
5872,15.837861,-45.40167,6.12,,
5873,15.851889,-55.05583,5.73,,
5874,15.803694,13.78861,6.00,,
5875,15.815778,-3.81861,5.53,,
5877,15.800556,31.73583,6.44,,
5878,15.776333,55.47472,5.92,,
5879,15.812333,18.14167,4.09,κ Ser,Gudja
5880,15.809556,28.15667,5.85,,
5881,15.827000,-3.43028,3.53,μ Ser,
5882,15.858750,-47.06056,6.01,,
5883,15.849306,-33.62722,3.95,χ Lup,
5884,15.889667,-62.60694,6.19,,
5885,15.849639,-25.75139,4.64,1 Sco,
5886,15.777778,62.59944,5.19,,
5887,15.793889,55.37667,5.86,,
5888,15.838194,2.19639,5.23,ω Ser,
5889,15.826583,26.06833,4.63,δ CrB,
5891,15.924889,-68.60306,5.09,κ TrA,
5892,15.846944,4.47778,3.71,ε Ser,
5893,15.870222,-29.88667,6.40,,
5894,15.844917,15.13361,5.20,,
5895,15.854333,-3.09056,5.11,36 Ser,
5896,15.860667,-14.13361,6.19,,
5897,15.919028,-63.43056,2.85,β TrA,
5898,15.914611,-60.74333,6.15,,
5899,15.854417,20.97778,4.76,ρ Ser,
5900,15.925639,-60.17778,5.77,,
5901,15.853861,35.65750,4.82,κ CrB,
5902,15.888917,-20.16722,5.03,λ Lib,
5903,15.734306,77.79444,4.32,ζ UMi,
5904,15.893528,-25.32722,4.59,2 Sco,
5905,15.935000,-60.48278,5.76,,
5906,15.898278,-24.53306,5.39,,
5907,15.898833,-23.97806,5.42,,
5908,15.897083,-16.72944,4.15,θ Lib,
5909,15.882278,17.40361,6.36,,
5910,15.908333,-27.33861,6.14,,
5911,15.886694,13.19667,6.10,39 Ser,
5912,15.910972,-25.24361,5.87,3 Sco,
5913,15.893028,16.07500,6.09,,
5914,15.877917,42.45167,4.62,χ Her,
5915,15.916750,-19.38306,5.94,47 Lib,
5916,15.925111,-31.08361,6.21,,
5917,15.925028,-26.26583,5.62,4 Sco,
5918,15.935139,-39.86417,6.03,,
5919,15.911194,8.58028,6.29,40 Ser,
5920,15.982806,-65.03778,5.75,,
5921,15.951056,-48.16222,6.31,,
5922,15.871278,55.82667,5.81,,
5923,15.937194,-31.78583,6.29,,
5924,15.909611,20.31083,5.44,,
5925,15.948194,-33.96639,5.12,ξ¹ Lup,
5926,15.948389,-33.96417,5.62,ξ² Lup,
5927,15.937333,-14.39944,6.37,,
5928,15.948083,-29.21417,3.88,ρ Sco,Iklil
5929,15.955917,-36.18500,5.80,,
5930,15.942611,-14.82917,6.13,,
5931,15.927722,18.62056,6.26,,
5932,15.910528,43.13861,5.37,2 Her,
5933,15.940889,15.66167,3.85,γ Ser,
5934,15.961222,-20.98306,5.85,,
5935,15.975194,-37.50306,6.31,,
5936,15.929889,37.94694,5.45,λ CrB,
5937,15.998333,-54.02111,6.10,,
5938,15.925167,42.56611,5.75,4 Her,
5939,16.019639,-63.77667,6.41,,
5940,15.954056,14.41444,5.54,φ Ser,
5941,15.969833,-14.27944,4.88,48 Lib,
5942,15.976333,-24.83139,5.43,,
5943,15.991750,-41.74444,4.99,,
5944,15.980861,-26.11417,2.89,π Sco,Fang
5945,15.999444,-40.65278,6.49,,
5946,16.018444,-54.57778,6.13,,
5947,15.959806,26.87778,4.15,ε CrB,
5948,16.002028,-38.39694,3.41,η Lup,
5949,15.930472,58.91167,6.31,,
5950,15.958306,39.69528,6.31,,
5951,16.047889,-62.54167,6.25,,
5952,16.014917,-40.43528,6.21,,
5953,16.005556,-22.62167,2.32,δ Sco,Dschubba
5954,16.005444,-16.53333,5.47,49 Lib,
5955,16.098833,-72.40083,5.70,,
5956,16.022083,-31.88944,6.33,,
5957,15.982694,36.64389,5.62,,
5958,15.991722,25.92028,2.00,,
5959,16.013222,-8.41139,5.55,50 Lib,
5960,15.963167,54.74972,4.95,,
5961,16.058861,-57.77528,4.63,ι¹ Nor,
5962,16.053583,-49.22972,4.65,η Nor,
5963,16.014194,4.42750,5.83,,
5964,15.984556,49.88111,6.05,,
5965,16.044278,-29.13583,6.03,,
5966,16.020639,17.81833,5.12,5 Her,
5967,16.056722,-38.60250,4.89,,
5968,16.017417,33.30361,5.41,ρ CrB,
5969,16.055722,-25.86528,5.00,,
5970,16.059528,-32.00056,6.01,,
5971,16.024056,29.85111,4.99,ι CrB,
5972,16.038250,22.80444,4.83,π Ser,
5973,16.065194,-24.72639,6.21,,
5974,16.071611,-33.21444,6.10,,
5975,16.076861,-37.86306,5.90,,
5976,16.062694,4.98667,6.08,43 Ser,
5977,16.072806,-11.37306,5.07,ξ Sco,
5978,16.072806,-11.37306,4.77,ξ Sco,
5979,16.123333,-56.19139,6.16,,
5980,16.108167,-45.17333,4.72,δ Nor,
5981,16.034861,52.91583,5.93,,
5982,16.046639,46.03667,4.76,υ Her,
5983,16.055389,36.63167,5.83,,
5984,16.090611,-19.80556,2.62,β¹ Sco,Acrab
5985,16.090694,-19.80194,4.92,β² Sco,
5986,16.031472,58.56528,4.01,θ Dra,
5987,16.109861,-36.80222,4.23,θ Lup,
5988,16.101750,-23.60639,5.92,,
5990,16.099944,-6.13944,6.41,,
5991,16.121222,-36.75556,5.73,,
5992,16.093833,8.09611,6.29,,
5993,16.113444,-20.66917,3.96,ω¹ Sco,
5994,16.155167,-57.93444,5.57,ι² Nor,
5995,16.052583,59.41083,6.19,,
5996,16.117611,-14.07083,6.32,,
5997,16.123417,-20.86861,4.32,ω² Sco,
5998,16.131083,-24.46194,6.33,,
6001,16.135444,-26.32667,5.38,,
6002,16.126778,-12.74556,5.78,11 Sco,
6003,16.145472,-23.68556,5.88,,
6004,16.127083,9.89167,5.63,45 Ser,
6005,16.122833,21.82250,6.14,,
6006,16.158806,-32.64972,6.19,,
6007,16.164611,-33.54583,5.54,,
6008,16.134583,17.04694,5.00,κ Her,Marsic
6009,16.134694,17.05444,6.25,κ Her,
6010,16.141111,8.53417,5.73,47 Ser,
6011,16.149694,3.45444,5.91,,
6012,16.165333,-18.34083,6.47,,
6013,16.146278,17.20583,6.14,8 Her,
6014,16.153111,6.37889,5.97,,
6015,16.188250,-41.11972,5.86,,
6016,16.164028,-3.46694,5.37,,
6017,16.183889,-29.41639,5.13,,
6018,16.149528,36.49083,4.76,τ CrB,
6019,16.222944,-55.54083,5.81,ζ Nor,
6020,16.339111,-78.69583,4.68,δ¹ Aps,
6021,16.340778,-78.66722,5.27,δ² Aps,
6022,16.221333,-53.67167,5.83,,
6023,16.146167,44.93500,4.26,φ Her,
6024,16.224639,-54.63056,4.94,κ Nor,
6025,16.105472,67.81028,5.44,,
6026,16.199611,-19.44972,6.30,ν Sco,
6027,16.199917,-19.46056,4.01,ν Sco,Jabbah
6028,16.205056,-27.92639,4.59,13 Sco,
6029,16.204417,-28.41750,5.67,12 Sco,
6030,16.257306,-63.68556,3.85,δ TrA,
6031,16.200000,-10.06417,4.94,ψ Sco,
6033,16.202028,-8.54750,5.43,16 Sco,
6034,16.058694,76.79361,5.56,,
6035,16.191306,16.66556,6.08,,
6036,16.150806,57.93778,6.33,,
6037,16.284861,-67.94139,5.75,,
6038,16.157222,55.82889,6.49,,
6039,16.193889,23.49472,5.70,10 Her,
6040,16.263806,-57.91222,5.63,,
6041,16.215694,-4.22083,6.25,,
6042,16.229361,-24.42194,6.41,,
6043,16.194361,33.34250,6.29,,
6044,16.239528,-33.01139,5.92,,
6045,16.254250,-47.37222,5.14,θ Nor,
6046,16.196667,36.42500,5.63,,
6047,16.220944,5.02111,5.48,9 Her,
6048,16.230806,-11.83750,5.22,χ Sco,
6049,16.256667,-42.89972,6.14,,
6050,16.196556,42.37444,5.87,,
6051,16.241333,-21.10750,6.41,,
6052,16.212583,26.67083,6.50,,
6053,16.244194,-18.53528,6.32,,
6054,16.248222,-25.47694,6.05,,
6055,16.278639,-53.81111,5.44,,
6056,16.239083,-3.69444,2.74,δ Oph,Yed Prior
6057,16.237083,5.90194,6.31,,
6058,16.283583,-50.06833,4.99,γ¹ Nor,
6059,16.289139,-53.08667,6.33,,
6060,16.260361,-8.36944,5.50,18 Sco,
6061,16.264306,-14.84917,6.09,,
6062,16.314417,-57.89972,6.49,,
6063,16.244667,33.85861,5.64,σ CrB,
6065,16.257972,18.80833,5.69,16 Her,
6067,16.282028,-3.95333,6.18,,
6068,16.263167,27.42222,6.14,,
6069,16.206972,67.14417,6.21,,
6070,16.304972,-28.61389,4.78,,
6071,16.321583,-42.67389,5.45,λ Nor,
6072,16.330667,-50.15556,4.02,γ² Nor,
6073,16.340333,-55.14000,5.77,,
6074,16.279111,29.15028,5.78,υ CrB,
6075,16.305361,-4.69250,3.24,ε Oph,Yed Posterior
6076,16.318806,-20.21778,6.29,,
6077,16.325750,-30.90667,5.49,,
6078,16.316778,-14.87250,5.94,,
6079,16.180417,75.87750,5.48,19 UMi,
6080,16.342389,-39.43083,6.12,,
6081,16.343944,-24.16944,4.55,ο Sco,
6082,16.208944,75.21056,6.39,20 UMi,
6083,16.374444,-49.57222,5.33,,
6084,16.353139,-25.59278,2.89,σ Sco,Alniyat
6085,16.374694,-43.91222,5.88,,
6086,16.287583,59.75500,5.40,,
6087,16.334528,21.13250,6.05,,
6088,16.242639,73.39500,5.98,,
6089,16.422778,-63.12472,6.15,,
6090,16.319778,49.03806,5.91,,
6091,16.331972,39.70861,5.46,,
6092,16.329000,46.31333,3.89,τ Her,
6093,16.367889,1.02917,4.82,σ Ser,
6094,16.400361,-39.19306,5.40,,
6095,16.365333,19.15306,3.75,γ Her,
6096,16.377472,-2.07972,6.23,,
6097,16.399083,-33.19944,6.47,,
6098,16.474472,-70.08444,4.91,ζ TrA,
6099,16.415056,-45.34917,6.33,,
6100,16.408806,-37.56583,5.42,,
6101,16.302611,68.55444,6.41,,
6102,16.557500,-78.89722,3.89,γ Aps,
6103,16.368278,30.89194,4.85,ξ CrB,
6104,16.401722,-20.03750,4.50,ψ Oph,
6106,16.411028,-29.70472,5.84,,
6107,16.372611,33.79917,5.20,ν¹ CrB,
6108,16.374778,33.70361,5.39,ν² CrB,
6109,16.465917,-64.05806,5.27,ι TrA,
6110,16.382361,32.33306,6.40,,
6111,16.403000,6.94806,5.85,21 Her,
6112,16.426444,-23.44722,5.02,ρ Oph,
6113,16.426417,-23.44611,5.92,ρ Oph,
6114,16.470889,-58.59972,5.69,,
6115,16.453083,-47.55500,4.47,ε Nor,
6116,16.291750,75.75528,4.95,η UMi,
6117,16.423611,14.03333,4.57,ω Her,Cujam
6118,16.450389,-18.45639,4.42,χ Oph,
6120,16.495833,-57.75583,6.06,,
6121,16.436528,11.40750,6.11,,
6122,16.470750,-37.17944,5.79,,
6123,16.423389,37.39389,5.54,25 Her,
6124,16.447250,2.34750,6.07,,
6125,16.513722,-61.63361,5.20,,
6126,16.363528,69.10944,5.25,,
6127,16.407028,55.20500,5.74,,
6128,16.462083,-7.59806,5.23,,
6129,16.463361,-8.37167,4.63,υ Oph,
6130,16.396389,61.69667,5.67,,
6131,16.495083,-46.24333,5.35,,
6132,16.399861,61.51417,2.74,η Dra,Athebyne
6134,16.490111,-26.43194,0.96,α Sco,Antares
6135,16.572028,-70.98806,5.50,,
6136,16.476111,0.66500,5.39,,
6137,16.480250,-8.12889,6.48,,
6139,17.016250,-86.36444,6.04,,
6140,16.496361,-14.55083,5.68,,
6141,16.503444,-25.11500,4.79,22 Sco,
6142,16.528250,-41.81694,5.33,,
6143,16.523028,-34.70444,4.23,,
6144,16.508306,-7.51500,6.50,,
6145,16.523000,-26.53778,6.10,,
6146,16.477361,41.88167,5.04,30 Her,
6147,16.518972,-16.61278,4.28,φ Oph,
6148,16.503667,21.48972,2.77,β Her,Kornephoros
6149,16.515222,1.98389,3.82,λ Oph,Marfik
6150,16.478722,51.40778,6.29,,
6151,16.595778,-65.49528,5.52,θ TrA,
6152,16.509333,20.47917,5.25,,
6153,16.535611,-21.46639,4.45,ω Oph,
6154,16.520389,22.19528,5.76,,
6155,16.568056,-44.04528,4.94,μ Nor,
6156,16.501667,48.96083,6.45,34 Her,
6157,16.517444,35.22500,6.25,,
6158,16.543250,5.52111,5.63,28 Her,
6159,16.543417,11.48806,4.84,29 Her,
6160,16.585528,-45.24472,6.46,,
6161,16.466389,68.76806,5.00,15 Dra,
6162,16.529806,45.59833,5.65,,
6163,16.717944,-77.51750,4.24,β Aps,
6164,16.606250,-42.85889,5.47,,
6165,16.598056,-28.21611,2.82,τ Sco,Paikauhale
6166,16.606250,-35.25556,4.16,,
6167,16.647972,-60.99028,6.18,,
6168,16.568389,42.43694,4.20,σ Her,
6169,16.590639,17.05722,6.41,,
6170,16.540472,60.82333,5.94,,
6171,16.605972,-2.32472,5.75,12 Oph,
6172,16.689806,-68.29611,5.91,η¹ TrA,
6173,16.428639,78.96389,5.56,,
6174,16.640611,-43.39861,5.83,,
6175,16.619306,-10.56722,2.56,ζ Oph,
6176,16.611944,15.49806,6.30,,
6177,16.680694,-60.44611,6.18,,
6178,16.651444,-37.21750,5.91,,
6179,16.633778,-6.53806,6.09,,
6180,16.524472,72.61194,6.30,,
6181,16.630000,13.68694,6.31,,
6182,16.722806,-67.43250,6.03,,
6183,16.603111,46.61333,5.79,,
6184,16.603194,52.90028,5.53,16 Dra,
6185,16.603806,52.92444,5.08,17 Dra,
6187,16.688972,-48.76306,5.65,,
6188,16.694500,-49.65167,5.65,,
6189,16.660861,-9.55444,6.35,,
6190,16.676250,-20.40861,6.26,,
6191,16.510778,77.44667,6.34,,
6192,16.695972,-33.14639,5.87,,
6193,16.693389,-24.46806,6.09,,
6195,16.677417,4.21972,5.77,37 Her,
6196,16.692889,-17.74222,4.96,,
6197,16.717611,-46.07056,6.23,,
6198,16.615278,63.07278,6.16,,
6199,16.633444,56.01556,5.29,,
6200,16.645806,48.92833,4.90,42 Her,
6201,16.686528,-1.00056,6.24,,
6202,16.698250,-19.92444,5.57,,
6203,16.680944,12.39500,6.08,,
6204,16.777778,-67.10972,5.13,,
6205,16.695139,1.18111,5.74,14 Oph,
6206,16.729306,-41.11889,6.20,,
6207,16.744389,-53.15250,5.96,,
6208,16.683500,24.85861,6.06,,
6209,16.731639,-41.11306,6.12,,
6210,16.729889,-38.15667,6.05,,
6211,16.727417,-32.10611,6.46,,
6212,16.688111,31.60306,2.81,ζ Her,
6213,16.693528,26.91694,5.92,39 Her,
6214,16.745167,-40.83972,5.71,,
6215,16.772556,-58.50361,5.74,,
6217,16.811083,-69.02778,1.92,α TrA,Atria
6218,16.750056,-28.50972,6.02,,
6219,16.788750,-58.34139,5.58,,
6220,16.714944,38.92222,3.53,η Her,
6221,16.779944,-39.37722,5.48,,
6222,16.731028,34.03889,5.99,,
6223,16.681972,64.58917,4.83,18 Dra,
6224,16.758250,1.02028,6.03,16 Oph,
6226,16.716222,55.69028,6.16,,
6227,16.756250,15.74528,5.56,,
6228,16.763861,8.58250,5.15,43 Her,
6229,16.829750,-59.04139,3.76,η Ara,
6230,16.753250,43.21722,6.05,,
6231,16.871500,-67.68194,6.32,,
6232,16.786056,2.06444,6.10,19 Oph,
6233,16.864972,-65.37556,6.13,,
6234,16.796222,5.24667,5.24,45 Her,
6235,16.807500,-14.90944,6.03,,
6236,16.843306,-50.04556,6.47,,
6237,16.754944,56.78194,4.85,,
6238,16.631361,78.91833,6.32,,
6239,16.802472,13.59056,6.35,,
6240,16.824389,-15.66750,6.10,,
6241,16.836056,-34.29333,2.29,ε Sco,Larawag
6242,16.788833,42.23889,5.87,,
6243,16.830556,-10.78306,4.65,20 Oph,
6244,16.849944,-37.51444,6.11,,
6245,16.859361,-41.23056,5.22,,
6246,16.826278,13.26139,5.91,,
6247,16.864500,-38.04750,3.08,μ¹ Sco,Xamidimura
6248,16.839528,-2.65389,6.32,,
6249,16.871972,-41.85444,6.49,,
6250,16.838722,7.24778,5.49,47 Her,
6251,16.900139,-57.90944,5.94,,
6252,16.872250,-38.01750,3.57,μ² Sco,Pipirima
6253,16.923528,-63.26972,6.02,,
6254,16.820611,45.98333,4.82,52 Her,
6255,16.856917,1.21611,5.51,21 Oph,
6256,16.827917,43.43056,6.13,,
6257,16.895139,-43.05083,5.96,,
6258,16.844167,29.80667,5.72,50 Her,
6259,16.845306,32.55361,6.13,,
6260,16.900500,-41.80639,5.45,,
6261,16.899667,-41.99472,6.32,,
6262,16.899917,-42.36222,4.73,ζ¹ Sco,
6263,16.903278,-41.85028,6.45,,
6264,16.843361,41.89667,6.29,,
6266,16.907472,-42.47889,5.88,,
6267,16.718333,77.51417,5.98,,
6269,16.890333,-20.41556,5.88,,
6270,16.862583,24.65639,5.04,51 Her,
6271,16.909722,-42.36139,3.62,ζ² Sco,
6272,16.916222,-41.15111,5.77,,
6273,16.910000,-30.58722,6.35,,
6274,16.935806,-50.67500,6.33,,
6275,16.941306,-52.28389,5.94,,
6276,16.992722,-69.26833,5.79,,
6277,16.902944,-1.61222,6.25,,
6279,16.882806,31.70167,5.32,53 Her,
6280,16.909917,-6.15389,5.25,23 Oph,
6281,16.900139,10.16528,4.38,ι Oph,
6282,16.932722,-33.50722,6.37,,
6283,16.943333,-40.82361,6.15,,
6284,16.933833,-16.80611,6.37,,
6285,16.977000,-55.99028,3.13,ζ Ara,
6286,16.888222,47.41694,6.00,,
6287,16.915333,20.95861,5.41,,
6288,16.953083,-33.25944,5.48,27 Sco,
6289,16.971667,-50.64111,5.55,,
6290,16.921111,13.61972,6.34,,
6291,16.946667,-23.15000,5.58,24 Oph,
6292,16.917250,25.73056,6.08,56 Her,
6293,16.922833,18.43333,5.35,54 Her,
6294,16.951111,-19.54000,6.27,,
6295,16.993083,-53.16056,4.06,ε¹ Ara,
6296,16.957250,-10.96333,6.19,,
6297,17.001722,-54.59694,5.65,,
6298,16.981222,-37.62111,6.09,,
6299,16.961139,9.37500,3.20,κ Oph,
6300,17.007528,-48.64778,6.00,,
6301,16.958889,13.88417,6.37,,
6304,17.029833,-58.95833,6.11,,
6305,16.958611,25.35278,6.28,57 Her,
6307,16.961750,24.38139,6.32,,
6308,16.999333,-25.09194,5.86,,
6310,17.002639,-24.98917,5.75,26 Oph,
6311,17.010250,-35.93417,5.97,,
6312,17.029472,-51.13083,6.45,,
6313,16.963944,42.51250,6.34,,
6314,17.052444,-53.23694,5.29,ε² Ara,
6315,16.933806,65.13472,4.89,19 Dra,
6316,17.031306,-32.14361,5.03,,
6318,17.017667,-4.22250,4.82,30 Oph,
6319,16.940333,65.03917,6.41,20 Dra,
6320,17.073528,-57.71222,5.73,,
6321,17.030889,-18.88556,6.26,29 Oph,
6322,16.766139,82.03722,4.23,ε UMi,
6323,17.061583,-47.16000,6.06,,
6324,17.004833,30.92639,3.92,ε Her,
6325,17.016139,22.63222,5.65,,
6326,17.025833,14.94944,6.31,,
6327,17.064111,-38.15222,5.91,,
6329,17.033083,8.45056,6.33,,
6330,16.989306,56.68861,6.03,,
6331,17.084806,-45.50167,6.28,,
6332,17.026778,33.56833,5.25,59 Her,
6333,17.038528,25.50556,5.75,,
6334,17.080389,-34.12278,4.87,,
6335,16.938000,73.12778,6.30,,
6336,17.038111,31.88472,6.36,,
6337,17.052167,14.09194,4.98,,
6338,17.096833,-44.10500,6.19,,
6340,17.079250,-20.49472,6.30,,
6341,17.060917,13.60528,5.93,,
6342,17.066111,13.56750,6.08,,
6343,17.064639,19.69056,6.35,,
6344,17.105639,-37.22750,5.98,,
6345,16.984056,69.18639,6.40,,
6347,17.107889,-35.45111,6.13,,
6348,17.021306,60.64917,6.13,,
6349,17.088028,0.70250,6.01,,
6350,17.103278,-21.56472,6.30,,
6351,17.064861,34.79028,6.04,,
6352,17.078139,19.59917,6.17,,
6353,17.092306,-0.89194,5.64,,
6354,17.114778,-26.51306,6.29,,
6355,17.089639,12.74083,4.91,60 Her,
6356,17.168417,-61.67556,6.39,,
6357,17.205500,-70.72111,6.22,,
6358,17.102694,9.73333,6.37,,
6359,17.103639,10.45417,6.37,,
6360,17.037583,64.60056,6.10,,
6361,17.114694,-1.65639,6.38,,
6362,17.084722,43.81222,6.43,,
6363,17.080500,48.80417,6.09,,
6364,17.105028,22.08417,5.56,,
6365,17.137472,-17.60917,5.99,,
6366,17.146528,-30.40361,5.97,,
6367,17.137111,-1.07944,6.06,,
6368,17.221528,-67.19667,5.89,,
6369,17.088833,54.47028,5.83,μ Dra,
6370,17.088806,54.47028,5.80,μ Dra,Alrakis
6371,17.178417,-44.55750,5.08,,
6372,17.148472,-3.88278,6.36,,
6373,17.276556,-74.53306,6.25,,
6374,17.194139,-48.87417,5.84,,
6375,17.163333,-10.52333,5.56,,
6376,17.129639,40.51611,6.34,,
6377,17.133889,35.93528,5.39,,
6378,17.172972,-15.72472,2.43,η Oph,Sabik
6379,17.027833,75.29722,6.21,,
6380,17.202556,-43.23917,3.33,η Sco,
6381,17.204500,-39.50694,5.67,,
6382,17.204583,-38.82222,6.30,,
6383,17.138083,50.84222,6.46,,
6384,17.237000,-56.88833,6.09,,
6387,17.206944,-27.76194,6.14,,
6388,17.159250,40.77722,5.08,,
6389,17.216306,-32.43861,6.01,,
6390,17.195889,7.89472,6.33,,
6391,17.184222,24.23778,6.19,63 Her,
6393,17.207722,10.58528,5.33,37 Oph,
6395,17.175167,52.40889,6.29,,
6396,17.146444,65.71472,3.17,ζ Dra,Aldhibah
6397,17.255361,-33.54833,5.53,,
6398,17.259972,-38.59389,5.96,,
6399,17.194500,49.74667,6.04,,
6401,17.255833,-26.60278,5.11,36 Oph,
6402,17.255778,-26.60139,5.07,36 Oph,Guniibuu
6403,17.264306,-30.21056,6.21,,
6404,17.255639,-14.58389,5.99,,
6405,17.272639,-35.74944,6.12,,
6406,17.244139,14.39028,3.48,α¹ Her,Rasalgethi
6407,17.244222,14.39000,5.39,α² Her,
6408,17.320111,-59.69444,5.91,,
6409,17.284361,-32.66278,5.55,,
6410,17.250528,24.83917,3.14,δ Her,Sarin
6411,17.368306,-70.12333,5.41,ι Aps,
6412,17.270611,2.18611,6.17,,
6413,17.278556,-6.24500,6.09,,
6414,17.275472,1.21056,5.88,,
6415,17.276861,-0.44528,4.73,41 Oph,
6416,17.317556,-46.63389,5.48,,
6417,17.366500,-67.77056,4.78,ζ Aps,
6418,17.250778,36.80917,3.16,π Her,
6419,17.261556,23.74278,5.96,,
6420,17.313333,-44.12972,5.76,,
6421,17.209056,62.87444,5.56,,
6422,17.305667,-32.55333,6.36,,
6423,17.325083,-50.06333,6.27,,
6424,17.300194,-24.28694,5.20,ο Oph,
6426,17.315889,-34.98972,5.91,,
6428,17.305333,-16.31194,6.43,,
6429,17.524250,-80.85917,5.88,,
6430,17.293306,23.09083,6.45,,
6431,17.288750,33.10000,4.82,68 Her,
6432,17.301389,17.31806,6.00,,
6433,17.310278,10.86444,5.03,,
6435,17.331472,-17.75639,6.02,,
6436,17.294528,37.29167,4.65,69 Her,
6438,17.381944,-58.01028,5.88,,
6439,17.333194,-5.91722,6.32,,
6440,17.400306,-62.86417,5.70,,
6442,17.385250,-56.52528,5.80,,
6443,17.313472,28.82306,5.65,,
6444,17.306472,38.81139,5.94,,
6445,17.350056,-21.11278,4.39,ξ Oph,
6446,17.347139,-12.84694,4.33,ν Ser,
6447,17.405194,-60.67361,5.77,,
6448,17.274833,60.67056,6.32,,
6449,17.347972,-10.69611,6.46,,
6450,17.377611,-37.80500,6.41,,
6451,17.387806,-47.46833,5.25,ι Ara,
6452,17.338583,18.05722,5.00,,
6453,17.366833,-24.99944,3.27,θ Oph,
6454,17.377222,-35.91000,6.47,,
6455,17.336056,25.53750,5.38,,
6456,17.381917,-37.22056,5.93,,
6457,17.348389,24.49944,5.12,70 Her,
6458,17.344333,32.46778,5.39,72 Her,
6459,17.389333,-28.14306,5.35,43 Oph,
6460,17.403611,-44.16250,5.12,,
6461,17.421667,-55.53000,2.85,β Ara,
6462,17.423222,-56.37750,3.34,γ Ara,
6463,17.359278,16.73083,6.35,,
6464,17.339194,46.24083,5.59,74 Her,
6465,17.380917,-2.38833,6.29,,
6466,17.358667,28.75806,6.35,,
6467,17.342667,48.18833,6.43,,
6468,17.433333,-50.63361,5.23,κ Ara,
6469,17.362111,39.97444,5.51,,
6470,17.417417,-34.69639,6.16,,
6471,17.468806,-63.03639,6.24,,
6472,17.411667,-21.44167,5.85,,
6473,17.410306,-18.44583,6.21,,
6474,17.418389,-24.24361,6.19,,
6475,17.448972,-51.94917,6.19,,
6476,17.399333,8.85278,5.77,,
6477,17.447639,-45.84361,5.29,,
6478,17.453444,-50.63028,5.92,,
6479,17.362611,53.42056,5.67,,
6480,17.401833,22.96028,5.74,73 Her,
6481,17.408750,16.30111,5.71,,
6482,17.409389,15.60611,6.35,,
6483,17.466000,-52.29722,5.75,,
6484,17.394639,37.14667,5.47,ρ Her,
6485,17.394722,37.14583,4.52,ρ Her,
6486,17.439500,-24.17528,4.17,44 Oph,
6487,17.477417,-55.16972,5.94,,
6488,17.400611,38.58278,6.49,,
6489,17.432750,-1.65167,6.44,,
6490,17.448667,-25.94333,6.44,,
6491,17.407528,36.95194,6.28,,
6492,17.455917,-29.86694,4.29,45 Oph,
6493,17.443861,-5.08667,4.54,,
6494,17.460417,-29.72444,6.00,,
6495,17.431778,16.91750,5.98,,
6496,17.450583,-12.51250,6.21,,
6497,17.438611,7.59556,6.06,,
6498,17.441917,4.14028,4.34,σ Oph,
6499,17.433583,26.87889,6.41,,
6500,17.518306,-60.68389,3.62,δ Ara,
6501,17.482250,-36.77833,6.02,,
6502,17.446972,20.08083,5.54,,
6503,17.490472,-38.51667,6.39,,
6504,17.467306,-8.20833,6.37,,
6505,17.523056,-56.92056,5.95,,
6506,17.446167,34.69583,5.94,,
6507,17.480472,0.33056,5.44,,
6508,17.512722,-37.29583,2.69,υ Sco,Lesath
6509,17.445611,48.26000,5.85,77 Her,
6510,17.530694,-49.87611,2.95,α Ara,
6511,17.428139,60.04833,5.65,,
6512,17.496500,-5.91972,6.37,,
6513,17.530306,-46.03639,6.03,,
6516,17.506611,-1.06250,5.31,,
6517,17.529833,-33.70278,6.44,,
6518,17.416722,67.30639,6.43,,
6519,17.523611,-23.96278,4.81,51 Oph,
6520,17.529000,-26.26972,6.05,,
6521,17.506222,11.92500,6.39,,
6522,17.540139,-34.27972,6.17,,
6523,17.552056,-41.17361,5.84,,
6524,17.522583,2.72444,5.59,,
6525,17.593028,-59.84611,6.28,,
6526,17.512306,26.11056,4.41,λ Her,Maasym
6527,17.560139,-37.10389,1.63,λ Sco,Shaula
6528,17.515389,31.15833,5.61,,
6529,17.326944,80.13639,5.72,,
6530,17.588889,-53.35278,6.10,,
6531,17.511194,38.88222,6.43,,
6532,17.537500,11.93028,6.42,,
6533,17.530444,28.40750,5.62,78 Her,
6534,17.558306,-5.74472,5.62,,
6535,17.578472,-32.58167,5.70,,
6536,17.507222,52.30139,2.79,β Dra,Rastaban
6537,17.594333,-46.50556,4.59,σ Ara,
6539,17.595278,-37.44000,6.48,,
6540,17.512167,57.87639,6.40,,
6541,17.556333,19.25667,5.64,,
6542,17.560944,16.31750,5.69,,
6543,17.561889,14.84167,6.48,,
6544,17.579556,-11.24194,5.55,,
6546,17.609111,-38.63528,4.29,,
6547,17.624222,-50.06000,5.93,,
6548,17.576861,9.58667,5.81,53 Oph,
6549,17.634889,-54.50028,5.25,π Ara,
6550,17.552028,41.24361,5.74,,
6551,17.574222,16.50389,6.40,,
6552,18.026139,-85.21472,6.45,,
6553,17.622000,-42.99778,1.87,θ Sco,Sargas
6554,17.536278,55.18417,4.88,ν¹ Dra,
6555,17.537778,55.17306,4.87,ν² Dra,
6556,17.582250,12.56000,2.08,α Oph,Rasalhague
6557,17.624111,-38.06556,6.26,,
6558,17.635694,-42.88056,6.10,,
6559,17.599889,20.99611,6.10,,
6560,17.558806,57.55889,6.17,,
6561,17.626444,-15.39861,3.54,ξ Ser,
6562,17.626722,-15.57111,5.94,,
6563,17.595111,37.30167,6.10,,
6564,17.602194,28.18472,6.38,,
6565,17.738806,-72.22083,6.49,,
6566,17.532750,68.13500,5.05,27 Dra,
6567,17.630750,-8.11889,4.62,μ Oph,
6568,17.635972,-10.92639,5.75,,
6569,17.673222,-49.41556,4.77,λ Ara,
6570,17.610194,30.78528,6.02,,
6571,17.625306,24.31000,5.77,79 Her,
6572,17.687861,-46.92194,5.79,,
6573,17.583194,61.87500,5.23,26 Dra,
6574,17.610444,48.58556,5.37,82 Her,
6575,17.652361,2.02806,6.26,,
6576,17.701083,-50.51056,6.24,,
6577,17.649389,13.32917,6.12,,
6578,17.669944,-2.15250,6.19,,
6579,17.647139,32.73944,6.37,,
6580,17.708139,-39.03000,2.41,κ Sco,
6581,17.690250,-12.87528,4.26,ο Ser,
6582,17.762222,-64.72389,3.62,η Pav,
6583,17.714167,-36.94583,5.54,,
6584,17.665972,31.20250,6.03,,
6585,17.735750,-51.83417,5.15,μ Ara,Cervantes
6586,17.748833,-57.54528,6.01,,
6587,17.718583,-33.05111,6.40,,
6588,17.657750,46.00639,3.80,ι Her,
6589,17.686389,15.17806,6.34,,
6590,17.692306,6.31278,5.95,,
6591,17.678111,31.28750,6.28,,
6592,17.684861,24.51333,6.36,,
6593,17.721611,-27.88417,6.36,,
6594,17.699639,15.95194,5.52,,
6595,17.723833,-21.68333,4.87,58 Oph,
6596,17.615861,68.75806,4.80,ω Dra,
6597,17.745000,-42.72889,5.87,,
6598,17.611028,69.57083,6.42,,
6600,17.730167,-13.50861,6.39,,
6601,17.729722,-7.07944,6.30,,
6602,17.707889,24.56417,5.52,83 Her,
6603,17.724556,4.56722,2.77,β Oph,Cebalrai
6604,17.722778,14.29500,6.24,,
6606,17.619111,72.45583,5.86,,
6607,17.689389,51.81806,5.99,,
6608,17.722667,24.32778,5.71,84 Her,
6609,17.742778,2.57944,6.17,61 Oph,
6611,17.738139,14.41028,6.19,,
6612,17.718222,44.08444,6.34,,
6613,17.785361,-38.11167,6.43,,
6614,17.810583,-55.40167,6.11,,
6615,17.793083,-40.12694,3.03,ι¹ Sco,
6616,17.792667,-27.83083,4.54,3 Sgr,
6617,17.796000,-22.47806,6.18,,
6618,17.733139,53.80167,5.75,,Alruba
6619,17.761194,31.50472,6.23,,
6620,17.793556,-14.72583,5.94,,
6621,17.807722,-26.97500,6.35,,
6622,17.841167,-53.61222,5.92,,
6623,17.774306,27.72056,3.42,μ Her,
6624,17.859861,-60.16444,5.78,,
6627,17.785556,17.69722,5.72,,
6628,17.819583,-31.70333,4.83,,
6629,17.798222,2.70722,3.75,γ Oph,
6630,17.830972,-37.04333,3.21,,Fuyue
6631,17.836444,-40.09056,4.81,ι² Sco,
6632,17.853056,-53.13056,6.09,,
6633,17.805611,3.80417,6.22,,
6634,17.888444,-65.48917,6.49,,
6635,17.961611,-76.17750,6.07,,
6636,17.698972,72.14889,4.58,ψ¹ Dra,Dziban
6637,17.699444,72.15694,5.79,ψ¹ Dra,
6638,17.806889,20.56556,5.69,,
6639,17.821917,1.96111,6.47,,
6640,17.862361,-45.60056,6.11,,
6641,17.785583,47.61222,6.43,,
6642,17.813306,19.25528,6.12,,
6643,17.859111,-40.77250,5.96,,
6644,17.813667,25.62278,5.12,87 Her,
6646,18.090750,-81.48639,6.35,,
6647,17.870444,-34.79917,5.90,,
6648,17.872139,-34.41667,5.84,,
6649,17.881306,-41.99667,6.20,,
6650,17.845417,11.94667,6.17,,
6651,17.880333,-34.11417,6.06,,
6652,17.882194,-35.01861,6.45,,
6653,17.882750,-35.62417,6.03,,
6654,17.839694,29.32222,5.50,,
6655,17.846778,22.31639,5.98,,
6656,17.817861,50.78111,5.02,30 Dra,
6657,17.888778,-34.73056,6.17,,
6658,17.889806,-34.89528,5.60,,
6659,17.866528,-1.23667,6.35,,
6660,17.895972,-34.78583,6.38,,
6661,17.877444,-6.14361,6.21,,
6662,17.898583,-34.75250,5.96,,
6663,17.899472,-34.83167,6.42,,
6665,17.866250,15.32583,6.46,,
6666,17.884333,-10.89972,6.18,,
6667,17.876500,1.30500,5.95,,
6668,17.907556,-34.46639,5.96,,
6669,17.853889,40.07250,6.46,,
6670,17.887278,6.10139,5.77,,
6671,17.918861,-36.47583,6.06,,
6672,17.915000,-24.88722,6.20,,
6673,17.867972,39.98222,6.04,,
6674,17.866944,46.64333,6.38,,
6675,17.946500,-44.34222,4.86,,
6676,17.903944,11.13056,6.38,,
6677,17.888361,40.00806,5.16,90 Her,
6678,17.948833,-40.30556,6.43,,
6680,17.944972,-28.06528,5.80,,
6681,17.938611,-15.81250,5.89,,
6682,17.963250,-41.71611,4.88,,
6683,17.966056,-39.13694,6.29,,
6684,17.938444,0.67028,5.82,,
6685,17.923667,26.05000,5.46,89 Her,
6686,17.946583,-4.08194,5.47,,
6687,17.930778,22.46417,5.58,,
6688,17.892139,56.87278,3.75,ξ Dra,Grumium
6689,17.951194,0.06639,5.97,,
6690,17.948889,6.48778,6.29,,
6691,17.982111,-36.85833,5.74,,
6692,17.977528,-28.75917,6.01,,
6693,17.984778,-30.25306,5.16,,
6695,17.937556,37.25056,3.86,θ Her,
6696,17.957472,11.04417,6.36,,
6697,17.953972,23.99583,6.30,,
6698,17.983778,-9.77361,3.34,ν Oph,
6699,17.923250,55.97139,6.10,,
6700,17.996556,-23.81611,4.76,4 Sgr,
6701,17.824167,76.96278,5.04,35 Dra,
6702,17.946778,45.35083,6.02,,
6703,17.962750,29.24778,3.70,ξ Her,
6704,18.000028,-20.33917,6.21,,
6705,17.943444,51.48889,2.23,γ Dra,Eltanin
6706,17.993528,-4.82139,5.87,,
6707,17.975056,30.18944,4.41,ν Her,
6708,18.030083,-36.37778,6.30,,
6709,18.004306,0.62944,6.37,,
6710,18.008056,-3.69028,4.62,ζ Ser,
6711,17.978417,36.28778,6.00,,
6712,18.004389,4.36861,4.64,66 Oph,
6713,18.000944,16.75083,4.67,93 Her,
6714,18.010750,2.93167,3.97,67 Oph,
6715,18.023083,-17.15694,6.28,6 Sgr,
6716,18.031778,-22.78056,5.77,,
6717,17.836250,78.30667,6.24,,
6718,17.981194,45.47611,6.48,,
6719,18.014694,6.26833,6.34,,
6720,18.007694,19.50583,6.50,,
6721,18.913028,-87.60583,5.28,χ Oct,
6722,18.015889,15.09333,6.26,,
6723,18.029222,1.30528,4.45,68 Oph,
6724,18.047528,-24.28222,5.34,7 Sgr,
6725,17.919778,72.00500,5.45,ψ² Dra,
6726,18.010111,33.21389,5.99,,
6728,17.998944,45.50139,5.67,,
6729,18.024972,21.59528,5.18,95 Her,
6730,18.025111,21.59556,4.96,95 Her,
6731,18.187694,-75.89139,5.86,,
6733,18.051389,-8.18028,5.94,τ Oph,
6734,18.051361,-8.18056,5.24,τ Oph,
6735,17.907389,75.17083,6.36,,
6736,18.064556,-24.36056,5.97,9 Sgr,
6737,18.026639,33.31139,6.15,,
6738,18.039750,20.83361,5.28,96 Her,
6739,18.080667,-35.90139,6.00,,
6740,18.130083,-64.55000,6.41,,
6741,18.041694,22.92306,6.21,97 Her,
6742,18.083694,-29.58000,4.69,γ¹ Sgr,
6743,18.110528,-50.09167,3.66,θ Ara,
6744,18.054083,19.61306,6.50,,
6745,18.143000,-63.66833,4.35,π Pav,
6746,18.096806,-30.42417,2.99,γ² Sgr,Alnasl
6747,18.077028,1.91917,6.14,,
6748,18.106583,-36.01972,5.95,,
6749,18.113833,-43.42472,5.77,,
6750,18.113833,-43.42472,5.77,,
6751,18.209583,-73.67167,5.85,,
6752,18.090917,2.49944,4.03,70 Oph,
6753,18.052500,48.46444,6.21,,
6754,18.077833,23.94250,6.34,,
6755,18.102056,-8.32389,5.85,,
6756,18.104222,-4.75139,5.77,,
6757,18.102056,-0.44667,6.34,,
6759,18.141694,-45.76722,6.15,,
6760,18.166000,-59.04000,6.38,,
6761,18.173917,-62.00222,5.49,ι Pav,
6762,18.119833,-21.44389,6.28,,
6763,18.091722,21.64694,6.15,,
6765,18.100528,22.21889,5.06,98 Her,
6766,18.134722,-28.45722,4.57,,
6767,18.083556,41.94667,6.34,,
6768,18.097111,32.23056,5.71,,
6769,18.130111,-17.15417,5.52,,
6770,18.121778,8.73389,4.64,71 Oph,
6771,18.122500,9.56389,3.73,72 Oph,
6775,18.117083,30.56194,5.04,99 Her,
6777,18.166639,-32.71972,6.43,,
6778,18.184583,-47.51306,6.07,,
6779,18.125722,28.76250,3.83,ο Her,
6780,18.168250,-30.72861,5.53,,
6781,18.130417,26.10139,5.86,100 Her,
6782,18.130417,26.09750,5.90,100 Her,
6783,18.187167,-45.95444,4.53,ε Tel,
6784,18.142694,14.28472,6.37,,
6785,18.162056,-13.93444,6.39,,
6786,18.184889,-41.35917,5.86,,
6787,18.145972,20.81444,4.36,102 Her,
6788,18.182000,-33.79972,6.16,,
6789,17.536917,86.58639,4.36,δ UMi,Yildun
6790,18.114861,50.82278,6.29,,
6791,18.124667,43.46167,5.00,,
6792,18.118417,49.71056,6.32,,
6793,18.133944,36.40139,5.48,,
6794,18.148028,20.04528,5.10,101 Her,
6795,18.159389,3.99333,5.73,73 Oph,
6796,18.237833,-63.68944,6.47,,
6797,18.165000,3.11972,5.69,,
6798,18.187444,-19.84222,6.36,,
6799,18.152833,30.46944,6.38,,
6800,18.177861,3.32417,5.51,,
6801,18.195389,-23.70111,4.98,11 Sgr,
6803,18.169083,16.47667,6.09,,
6804,18.220167,-41.33611,5.47,,
6805,18.261361,-63.05556,5.60,,
6806,18.160417,38.45750,6.40,,
6807,18.166389,36.46639,5.58,,
6808,18.300250,-68.22917,6.33,,
6809,18.000944,80.00083,6.04,40 Dra,
6810,18.002556,80.00417,5.68,41 Dra,
6811,17.513333,86.96806,5.79,24 UMi,
6812,18.229389,-21.05889,3.86,μ Sgr,Polis
6814,18.195861,33.44694,5.88,,
6815,18.198389,31.40528,4.97,104 Her,
6816,18.237750,-21.71306,5.44,14 Sgr,
6817,18.175444,54.28667,5.95,,
6818,18.264639,-44.20667,5.46,,
6819,18.285417,-56.02333,5.33,,
6820,18.221250,21.88028,6.12,,
6821,18.283583,-51.06833,6.06,,
6822,18.253583,-20.72833,5.38,15 Sgr,
6823,18.253583,-20.38806,5.95,16 Sgr,
6824,18.211833,41.14694,6.36,,
6825,18.258556,-18.66139,6.07,,
6826,18.218000,38.77361,6.04,,
6827,18.185306,60.40944,6.49,,
6828,18.327833,-63.88694,6.18,,
6829,18.393361,-75.04417,5.47,φ Oct,
6830,18.266111,-3.61750,6.36,,
6832,18.293778,-36.76167,3.11,η Sgr,
6833,18.293361,-34.10722,6.16,,
6834,18.268222,2.37778,6.01,,
6835,18.290000,-28.65250,6.19,,
6836,18.289917,-28.28917,6.40,,
6837,18.488750,-80.23278,5.95,,
6838,18.286556,-17.37389,5.75,,
6839,18.311111,-42.28833,6.30,,
6840,18.281417,-3.00722,6.00,,
6842,18.300889,-27.04250,4.65,,
6843,18.290056,-9.75861,6.31,,
6845,18.260778,42.15944,5.59,,
6847,18.259056,45.20944,6.29,,
6849,18.244750,56.58833,6.37,,
6850,18.231611,64.39722,5.03,36 Dra,
6851,18.300806,13.77694,6.30,,
6852,18.302139,18.13139,5.99,,
6853,18.285222,40.93667,6.11,,
6855,18.387111,-61.49389,4.36,ξ Pav,
6856,18.348694,-37.48750,6.45,,
6857,18.319306,7.25972,5.39,,
6858,18.335778,-15.83167,5.39,,
6859,18.349917,-29.82806,2.70,δ Sgr,Kaus Media
6860,18.319639,24.44611,5.27,105 Her,
6861,18.358722,-24.91500,6.25,,
6862,18.371833,-38.65694,5.10,,
6863,18.356417,-18.86000,5.75,,
6864,18.366722,-28.43000,6.16,,
6865,18.254722,68.75583,5.95,37 Dra,
6866,18.347806,3.37722,4.86,74 Oph,
6867,18.331139,29.66611,5.99,,
6868,18.338306,21.96139,4.95,106 Her,
6869,18.355167,-2.89889,3.26,η Ser,
6870,18.381417,-36.66944,5.34,,
6871,18.425417,-63.02139,6.14,,
6872,18.331028,36.06444,4.33,κ Lyr,
6873,18.357917,5.43583,6.13,,
6874,18.391361,-36.23833,5.55,,
6875,18.405056,-44.11028,5.25,,
6876,18.349194,29.85889,5.63,108 Her,
6877,18.350278,28.87000,5.12,107 Her,
6878,18.383944,-10.21861,6.33,,
6879,18.402861,-34.38472,1.85,ε Sgr,Kaus Australis
6880,18.332250,51.34778,6.30,,
6881,18.386722,-12.01472,5.73,,
6882,18.369083,23.28528,5.41,,
6883,18.376472,12.02889,5.89,,
6884,18.394306,-8.93417,4.68,ζ Sct,
6885,18.380278,17.82667,5.25,,
6886,18.351972,49.72556,6.40,,
6887,18.384139,16.68806,6.22,,
6888,18.417083,-30.75667,5.60,18 Sgr,
6889,18.422694,-35.99167,6.15,,
6890,18.400972,-3.58333,6.38,,
6891,18.359083,49.12167,5.05,,
6892,18.411694,-7.07528,6.31,,
6893,18.431833,-33.94528,6.30,,
6894,18.448306,-48.11694,5.46,,
6895,18.394972,21.76972,3.84,109 Her,
6896,18.422500,-20.54167,4.81,21 Sgr,
6897,18.449556,-45.96833,3.51,α Tel,
6898,18.415833,-1.57944,6.15,,
6899,18.548694,-73.96556,5.89,,
6901,18.399278,38.73917,6.36,,
6902,18.427444,8.03194,5.65,,
6903,18.403833,39.50722,5.12,μ Lyr,
6904,18.416250,27.39528,6.27,,
6905,18.480528,-49.07083,4.13,ζ Tel,
6906,18.432056,14.96667,6.37,,
6907,18.463750,-29.81639,5.92,,
6908,18.499083,-57.52306,5.76,,
6909,18.462167,-26.63472,6.31,,
6910,18.474194,-38.99556,5.64,,
6911,18.396611,53.30083,6.32,,
6912,18.703917,-81.80778,6.27,,
6913,18.466167,-25.42167,2.81,λ Sgr,Kaus Borealis
6914,18.468389,-26.75722,6.27,,
6915,18.486917,-43.84583,6.36,,
6916,18.522889,-62.27833,4.64,ν Pav,
6917,18.433000,29.82889,5.83,,
6918,18.453472,0.19611,5.21,59 Ser,
6919,18.465694,-17.80000,6.20,,
6920,18.345972,71.33778,4.22,φ Dra,
6922,18.498833,-47.22028,5.70,,
6923,18.398472,58.80056,4.98,39 Dra,
6925,18.463972,3.74861,6.07,,
6926,18.482611,-26.58167,6.50,,
6927,18.350944,72.73278,3.57,χ Dra,
6928,18.466333,6.19417,5.73,,
6930,18.486639,-14.56583,4.70,γ Sct,
6931,18.517500,-41.91361,6.04,,
6932,18.496333,-14.58167,5.96,,
6933,18.503306,-18.72889,5.66,,
6934,18.529278,-45.91500,4.96,δ¹ Tel,
6935,18.494722,-1.98528,5.39,60 Ser,
6936,18.518000,-32.98917,5.34,,
6937,18.532278,-43.50778,5.72,,
6938,18.533889,-45.75722,5.07,δ² Tel,
6939,18.558194,-58.70917,6.44,,
6940,18.503972,-5.72417,6.28,,
6942,18.539278,-39.70389,5.16,,
6943,18.493250,23.86611,5.90,,
6944,18.523972,-18.40278,5.14,,
6945,18.433083,65.56361,4.82,42 Dra,Fafnir
6946,18.523806,-10.79583,5.72,,
6948,18.550250,-39.89222,6.22,,
6949,18.461750,59.54917,6.43,,
6950,18.511556,20.81528,6.50,,
6951,18.558389,-42.31250,4.64,θ CrA,
6952,18.556472,-38.72028,6.32,κ¹ CrA,
6953,18.556417,-38.72611,5.65,κ² CrA,
6954,18.575333,-52.89194,6.22,,
6955,18.517889,16.92861,5.77,,
6956,18.539111,-14.64417,6.37,,
6957,18.532500,-1.00306,5.94,61 Ser,
6958,18.535278,3.65972,6.43,,
6959,18.545361,-14.86556,5.50,,
6960,18.566056,-33.01667,5.28,,
6961,18.564861,-24.03250,5.49,24 Sgr,
6962,18.560833,-14.85361,5.76,,
6963,18.556361,-5.91139,6.36,,
6966,18.546167,23.61694,5.84,,
6967,18.556472,8.26833,6.42,,
6968,18.547194,30.55417,5.48,,
6969,18.589250,-20.84083,6.48,,
6970,18.584000,-10.97722,5.14,,
6972,18.599917,-29.69917,6.37,,
6973,18.586778,-8.24417,3.85,α Sct,
6976,18.579861,10.89167,6.40,,
6977,18.586833,18.20333,5.78,,
6978,18.542917,57.04556,4.77,45 Dra,
6980,18.591778,23.60556,5.61,,
6981,18.598111,16.97556,6.21,,
6982,18.717250,-71.42806,4.01,ζ Pav,
6983,18.565750,52.35361,5.36,,
6984,18.587083,34.45778,6.10,,
6985,18.607722,9.12250,5.39,,
6986,18.653972,-47.90972,5.86,,
6987,18.610861,6.67194,5.45,,
6988,18.631778,-21.39778,5.94,,
6989,18.634611,-14.00472,6.47,,
6990,18.641861,-23.50500,5.81,,
6991,18.659722,-43.18611,5.37,,
6992,18.620167,11.42167,6.42,,
6993,18.626667,-0.30944,5.75,,
6994,18.797056,-77.86722,6.39,,
6995,18.619167,16.19833,6.29,,
6996,18.706250,-64.64306,6.37,,
6997,18.610333,33.46889,5.42,,
6998,18.648167,-21.05194,5.86,,
6999,18.639917,-3.19361,6.49,,
7001,18.615639,38.78361,0.03,α Lyr,Vega
7002,18.639167,8.83389,6.40,,
7003,18.612667,43.22194,6.20,,
7004,18.727000,-64.55111,5.78,,
7005,18.691833,-48.09500,6.49,,
7006,18.495806,77.54694,5.64,,
7007,18.666806,-7.79056,5.84,,
7008,18.660250,5.26417,6.38,,
7009,18.635139,39.66806,6.04,,
7010,18.664333,7.35833,6.28,,
7011,18.697667,-23.83333,6.23,26 Sgr,
7012,18.757472,-64.87139,4.79,,
7013,18.603694,65.48861,6.06,,
7014,18.695139,-14.56417,6.42,,
7015,18.753194,-61.09500,6.04,,
7016,18.667222,30.84944,6.36,,
7017,18.659194,40.93500,6.25,,
7018,18.625972,62.52667,5.74,,
7019,18.670056,38.36722,6.45,,
7020,18.704556,-9.05250,4.72,δ Sct,
7021,18.729694,-38.32361,5.13,λ CrA,
7022,18.756583,-56.88167,6.22,,
7023,18.715333,-19.28389,6.35,,
7024,18.710028,-7.07333,6.15,,
7025,18.402556,83.17528,6.17,,
7026,18.735472,-36.71861,6.32,,
7027,18.828750,-72.99472,6.06,,
7028,18.664667,52.19611,6.00,,
7029,18.738722,-35.64194,4.87,,
7030,18.694806,31.61778,6.41,,
7031,18.749222,-39.68639,5.43,,
7032,18.725361,-8.27528,4.90,ε Sct,
7033,18.702250,34.74667,6.47,,
7034,18.730944,-6.81861,6.31,,
7035,18.747111,-25.01111,5.83,,
7036,18.810500,-65.07778,5.73,θ Pav,
7038,18.755194,-21.00139,6.36,,
7039,18.760944,-26.99083,3.17,φ Sgr,
7040,18.747194,2.06000,5.02,4 Aql,
7041,18.721306,39.30028,6.45,,
7042,18.682306,62.74972,6.09,,
7043,18.726694,36.55667,6.01,,
7044,18.731000,31.92667,5.70,,
7045,18.767000,-19.60639,6.42,,
7046,18.772389,-22.39222,5.37,28 Sgr,
7047,18.744500,23.58972,6.31,,
7048,18.757889,5.49972,5.83,,
7049,18.710528,55.53944,5.04,46 Dra,
7050,18.795722,-40.40611,5.24,μ CrA,
7051,18.739000,39.67000,5.06,ε¹ Lyr,
7052,18.738972,39.67111,6.02,ε¹ Lyr,
7053,18.739694,39.61306,5.14,ε² Lyr,
7054,18.739694,39.61278,5.37,ε² Lyr,
7055,18.778694,-10.12500,5.71,,
7056,18.746222,37.60500,4.36,ζ¹ Lyr,
7057,18.746722,37.59444,5.73,ζ² Lyr,
7059,18.774583,-0.96167,5.90,5 Aql,
7060,18.724722,53.87194,6.11,,
7061,18.761028,20.54639,4.19,110 Her,
7062,18.814028,-43.68000,5.49,η¹ CrA,
7063,18.786250,-4.74778,4.22,β Sct,
7064,18.767917,26.66222,4.83,,
7065,18.824278,-45.81028,5.81,,
7066,18.791389,-5.70500,5.20,,
7067,18.778167,18.70583,6.17,,
7068,18.826389,-43.43389,5.61,η² CrA,
7069,18.783694,18.18139,4.36,111 Her,
7071,18.748722,54.89667,6.23,,
7072,18.812583,-18.60139,6.47,,
7073,18.770278,41.44167,6.07,,
7074,18.870278,-62.18750,4.22,λ Pav,
7075,18.738389,61.04806,5.99,,
7076,18.800750,4.24139,6.21,,
7078,18.827806,-20.32472,5.24,29 Sgr,
7079,18.804556,23.51417,6.15,,
7081,18.799306,31.75694,6.06,,
7082,18.719500,70.79278,6.44,,
7083,18.828056,-5.91278,5.99,,
7084,18.778639,52.98806,5.88,,
7085,18.826972,0.83583,6.25,,
7086,18.814833,19.32861,5.88,,
7087,18.877667,-52.10750,5.17,κ Tel,
7090,18.794444,49.07500,6.40,,
7092,18.874194,-46.59528,5.54,,
7093,18.886694,-51.93111,6.31,,
7094,18.849583,-9.77417,5.83,,
7095,18.884028,-48.36000,6.19,,
7096,18.804472,48.76750,6.12,,
7097,18.883222,-46.58583,6.19,,
7100,18.829417,32.81278,5.91,ν¹ Lyr,
7101,18.856139,-3.31778,6.10,8 Aql,
7102,18.831361,32.55083,5.25,ν² Lyr,
7103,18.874583,-26.65028,6.29,,
7104,18.876944,-29.37944,6.13,,
7106,18.834667,33.36278,3.45,β Lyr,Sheliak
7107,18.949167,-67.23361,4.44,κ Pav,
7109,18.867194,13.96556,6.14,,
7110,18.883861,-9.57611,6.34,,
7111,18.948528,-62.80111,6.48,,
7112,18.859972,28.78361,6.18,,
7113,18.871222,21.42528,5.48,112 Her,
7114,18.900028,-21.35972,5.69,33 Sgr,
7115,18.860139,36.53861,6.09,,
7116,18.902833,-22.74500,4.83,ν¹ Sgr,Ainalrami
7117,18.762972,74.08556,5.27,,
7118,18.868639,41.38333,6.28,,
7119,18.911972,-15.60306,5.10,,
7120,18.918639,-22.67139,4.99,ν² Sgr,
7121,18.921083,-26.29667,2.02,σ Sgr,Nunki
7122,18.938028,-42.71056,5.36,,
7123,18.859722,52.97500,5.51,,
7124,18.772833,75.43389,5.35,50 Dra,
7125,18.853361,59.38833,4.66,ο Dra,
7126,18.925278,-16.37667,5.79,,
7127,18.976778,-60.20056,5.14,ω Pav,
7128,18.933500,-23.17361,5.93,,
7129,18.944583,-37.34333,5.38,,
7130,19.000972,-66.65333,6.01,,
7131,18.895444,36.97167,5.58,δ¹ Lyr,
7132,18.903667,27.90944,5.62,,
7133,18.912472,22.64500,4.59,113 Her,
7134,18.974361,-52.93861,4.87,λ Tel,
7135,18.924306,6.61528,5.57,,
7136,18.959639,-39.82333,6.31,,
7137,18.887111,50.70833,4.92,,
7139,18.908389,36.89889,4.30,δ² Lyr,
7140,18.914583,33.96861,6.02,,
7141,18.937000,4.20361,4.62,θ¹ Ser,Alya
7142,18.937389,4.20194,4.98,θ² Ser,
7143,18.939639,-1.80000,6.22,,
7144,18.940444,2.47111,6.15,,
7145,18.955694,-20.65639,5.08,ξ¹ Sgr,
7146,18.914500,41.60278,5.44,,
7148,18.935056,18.10528,5.69,,
7149,18.951028,-5.84611,4.83,η Sct,
7150,18.962167,-21.10667,3.51,ξ² Sgr,
7151,18.972583,-31.03611,6.12,,
7152,18.978722,-37.10750,4.87,ε CrA,
7153,18.896194,57.48694,6.22,,
7154,18.913083,48.85972,5.77,,
7156,18.986417,-39.53472,6.49,,
7157,18.922250,43.94611,4.04,13 Lyr,
7158,18.954611,2.53528,5.57,64 Ser,
7159,18.973500,-22.52944,6.14,,
7160,18.760583,79.94250,6.39,,
7161,19.058250,-68.75528,5.88,,
7162,18.950444,32.90139,5.22,,
7163,18.973278,6.24028,6.21,,
7164,18.990778,-18.56694,6.37,,
7165,18.970750,17.36083,5.38,,
7166,18.989944,-12.84056,5.53,,
7167,18.979694,13.90667,5.89,10 Aql,
7168,19.006889,-24.94222,6.36,,
7170,19.017861,-37.06194,6.40,,
7171,18.979194,19.79417,6.50,,
7172,18.984917,13.62250,5.23,11 Aql,
7174,18.967194,38.26611,5.89,,
7175,18.945833,57.81500,5.66,48 Dra,
7176,18.993722,15.06833,4.02,ε Aql,
7177,19.035750,-41.91000,6.23,,
7178,18.982389,32.68944,3.24,γ Lyr,Sulafat
7179,18.979611,40.67917,6.22,,
7180,18.906639,71.29722,4.82,υ Dra,
7181,18.995972,26.23056,5.27,,
7182,19.027167,-22.69556,6.24,,
7183,18.999472,22.81472,6.29,,
7184,18.957889,58.22528,6.46,,
7185,18.986750,39.21778,6.41,,
7186,19.025972,-15.28250,6.32,,
7187,18.940444,65.25806,5.63,,
7188,19.051917,-42.09528,4.75,ζ CrA,
7190,19.065944,-51.01861,5.93,,
7191,18.954833,62.39667,6.45,,
7192,19.000250,32.14556,4.93,λ Lyr,
7193,19.028000,-5.73889,4.02,12 Aql,
7194,19.043528,-29.88028,2.60,ζ Sgr,Ascella
7195,19.041028,-24.84694,5.65,,
7196,18.983222,50.80944,6.30,,
7197,19.054917,-38.25333,5.74,,
7198,19.018194,19.30972,6.39,,
7199,18.892556,75.78750,6.22,,
7202,19.021500,26.29139,5.69,,
7203,19.051056,-19.24528,6.05,,
7204,19.015333,33.80222,6.01,,
7205,19.051944,-19.10333,6.37,,
7207,19.030417,22.26389,6.40,,
7208,19.039333,8.37417,6.30,,
7209,19.048472,-3.69889,5.42,14 Aql,
7210,19.003806,50.53361,5.38,,
7211,19.073639,-31.04694,5.50,,
7212,19.030083,33.62139,6.39,,
7213,19.105528,-52.34083,5.16,ρ Tel,
7214,19.058944,1.81889,5.83,,
7215,19.024000,46.93472,5.01,16 Lyr,
7216,19.047944,19.66111,6.09,,
7217,19.078056,-21.74167,3.77,ο Sgr,
7218,19.012056,55.65833,5.48,49 Dra,
7221,19.164639,-68.42472,5.33,,
7223,19.115444,-48.29917,5.97,,
7225,19.082667,-4.03139,5.42,15 Aql,
7226,19.106972,-37.06333,4.93,γ CrA,
7227,19.106972,-37.06333,4.99,γ CrA,
7228,21.146167,-88.95639,5.47,σ Oct,Polaris Australis
7229,19.035278,52.26111,6.31,,
7230,19.094778,-15.66028,5.97,,
7232,19.114583,-37.81028,6.16,,
7233,19.147806,-55.72028,6.49,,
7234,19.115667,-27.67056,3.32,τ Sgr,
7235,19.090167,13.86333,2.99,ζ Aql,Okab
7236,19.104139,-4.88250,3.44,λ Aql,
7237,19.082750,31.74444,5.56,,
7238,19.082861,30.73333,6.06,,
7239,19.114528,-16.22889,6.03,,
7240,19.125250,-28.63694,6.04,,
7241,19.119028,-18.73778,6.29,,
7242,19.139139,-40.49667,4.59,δ CrA,
7243,19.106167,8.23000,6.09,,
7244,19.096417,29.92167,6.31,,
7246,19.137389,-24.65694,6.30,,
7248,19.116278,11.07139,5.09,18 Aql,
7249,19.137972,-19.29000,5.54,,
7250,19.110667,24.25083,5.77,,
7251,19.082000,53.39667,5.38,51 Dra,
7252,19.086083,49.92333,6.43,,
7253,19.110472,28.62861,5.55,,
7254,19.157861,-37.90444,4.11,α CrA,Meridiana
7255,19.161028,-39.82806,6.46,,
7257,19.166056,-41.89250,5.88,,
7258,19.104722,41.41389,6.49,,
7259,19.167139,-39.34083,4.11,β CrA,
7260,19.132583,16.85333,6.07,,
7261,19.123778,32.50167,5.23,17 Lyr,
7262,19.121694,36.10028,5.28,ι Lyr,
7263,19.134333,21.69889,6.23,,
7264,19.162722,-21.02361,2.89,π Sgr,Albaldah
7265,19.163361,-19.80361,6.13,,
7266,19.149972,6.07333,5.22,19 Aql,
7267,19.144500,16.85139,6.48,,
7268,19.183833,-39.00500,6.36,,
7269,19.164333,-0.42806,6.34,,
7270,19.188583,-29.50222,6.30,,
7271,19.212806,-50.48639,6.13,,
7274,19.274583,-69.19056,6.27,τ Pav,
7275,19.140500,52.42556,5.81,,
7276,19.207778,-21.65806,6.41,,
7277,19.220472,-25.90667,5.80,,
7278,19.286667,-66.66139,5.53,,
7279,19.211306,-7.93944,5.34,20 Aql,
7280,19.191917,26.73583,6.36,,
7281,19.244361,-45.19333,5.92,,
7282,19.220972,-12.28250,5.51,,
7283,19.196111,31.28333,5.98,19 Lyr,
7284,19.189750,40.42917,6.18,,
7286,19.210194,21.55444,5.93,,
7287,19.228528,2.29361,5.15,21 Aql,
7288,19.228917,5.51583,6.49,,
7289,19.272694,-45.46639,5.40,,
7290,19.162722,65.97861,6.25,55 Dra,
7291,19.259222,-24.17917,6.25,,
7292,19.259000,-25.25667,4.85,ψ Sgr,
7295,19.194583,56.85917,5.12,53 Dra,
7296,19.275778,-33.52167,6.25,,
7297,19.302611,-53.38667,6.38,,
7298,19.229306,39.14611,4.39,η Lyr,Aladfar
7299,19.250722,20.20333,6.00,,
7300,19.255583,15.08361,5.57,,
7301,19.254833,21.23222,5.64,1 Sge,
7302,19.256889,30.52639,5.85,,
7303,19.275278,4.83472,5.59,22 Aql,
7304,19.293917,-18.95306,4.96,43 Sgr,
7306,19.270278,21.39028,4.77,1 Vul,
7307,19.274111,14.54472,5.63,,
7308,19.266500,27.92694,6.16,,
7309,19.232000,57.70500,4.99,54 Dra,
7310,19.209250,67.66167,3.07,δ Dra,Altais
7311,19.255361,50.07083,6.27,,
7312,19.152722,76.56056,5.13,59 Dra,
7313,19.296722,2.03167,6.19,,
7314,19.272806,38.13361,4.36,θ Lyr,
7315,19.296944,11.59528,5.28,ω¹ Aql,
7316,19.327778,-35.42139,5.59,,
7317,19.316694,-15.53639,6.06,,
7318,19.295444,23.02556,5.43,2 Vul,
7319,19.309028,1.08528,5.10,23 Aql,
7320,19.401500,-68.37111,6.34,,
7321,19.314139,0.33917,6.41,24 Aql,
7322,19.280944,46.99917,6.00,,
7325,19.314639,9.61806,6.32,,
7327,19.343917,-22.40250,5.58,,
7328,19.285056,53.36861,3.77,κ Cyg,
7329,19.380861,-54.42361,5.05,η Tel,
7330,19.358306,-34.98389,6.48,,
7331,19.327583,12.37472,5.53,28 Aql,
7332,19.331389,11.53500,6.02,ω² Aql,
7333,19.342472,-5.41583,5.01,26 Aql,
7334,19.369333,-42.01611,6.34,,
7336,19.343250,-0.89222,5.49,27 Aql,
7337,19.377306,-44.45889,4.01,β¹ Sgr,Arkab Prior
7338,19.317000,37.44528,6.22,,
7339,19.360306,-19.23417,6.26,,
7340,19.361222,-17.84722,3.93,ρ¹ Sgr,
7341,19.310472,49.56972,6.31,,
7342,19.362111,-15.95500,4.61,υ Sgr,
7343,19.387000,-44.79972,4.29,β² Sgr,Arkab Posterior
7344,19.364139,-18.30833,5.87,ρ² Sgr,
7345,19.327472,37.33056,6.31,,
7346,19.342528,35.18611,6.31,,
7347,19.372417,-8.20111,6.31,,
7348,19.398111,-40.61611,3.97,α Sgr,Rukbat
7349,19.372639,-0.25250,5.83,,
7350,19.405944,-43.72306,6.17,,
7351,19.326806,54.37611,6.26,,
7352,19.259167,73.35556,4.45,τ Dra,
7353,19.384611,-7.40028,6.32,,
7354,19.380111,9.91306,6.35,,
7355,19.408361,-27.86556,6.04,,
7356,19.337806,57.64528,5.91,,
7358,19.380806,26.26250,5.18,3 Vul,
7359,19.375944,33.51806,6.06,,
7360,19.417806,-29.30917,5.93,,
7362,19.421250,-24.50861,5.03,χ¹ Sgr,
7363,19.424917,-23.96222,5.43,χ³ Sgr,
7364,19.396361,20.26444,6.40,,
7365,19.357056,57.76694,6.43,,
7367,19.422667,-13.89694,5.69,,
7368,19.392778,33.22222,6.37,,
7369,19.406139,16.93778,6.25,2 Sge,
7370,19.463361,-54.32528,5.69,,
7371,19.344472,65.71472,4.59,π Dra,
7372,19.402111,29.62139,4.97,2 Cyg,
7373,19.416167,11.94444,5.16,31 Aql,
7375,19.438667,-21.77667,5.59,50 Sgr,
7376,19.401694,36.45194,6.36,,
7377,19.424972,3.11472,3.36,δ Aql,
7378,19.436417,-15.05306,5.72,,
7380,19.449028,-29.74333,5.67,,
7382,19.399028,43.38806,5.84,,
7383,19.519694,-68.43389,5.96,,
7384,19.422889,20.27139,6.31,,
7385,19.424611,19.79861,5.16,4 Vul,
7386,19.423833,24.91278,6.19,,
7387,19.441972,0.33861,4.66,ν Aql,
7388,19.497944,-55.44139,6.13,,
7389,19.440028,13.02389,5.74,,
7390,19.437000,20.09778,5.63,5 Vul,
7391,19.441306,19.89139,5.81,,
7392,19.489972,-43.44583,5.71,,
7393,19.509583,-55.11000,6.30,μ Tel,
7394,17.282444,89.03778,6.38,λ UMi,
7395,19.435861,36.31778,5.15,4 Cyg,
7396,19.459417,14.28250,6.32,,
7397,19.472444,2.93028,5.85,,
7398,19.497833,-26.98556,5.52,,
7400,19.483611,1.95028,5.80,35 Aql,
7403,19.460139,37.94111,6.34,,
7404,19.488333,0.24611,6.25,,
7405,19.478417,24.66500,4.44,α Vul,Anser
7406,19.482500,24.76861,5.81,8 Vul,
7407,19.489472,14.59583,5.56,,
7408,19.457194,52.32056,5.75,ι¹ Cyg,
7409,19.489139,20.27972,6.33,7 Vul,
7410,19.515000,-21.31222,6.13,,
7411,19.548278,-53.18583,5.75,,
7412,19.502917,2.90417,6.09,,
7413,19.440694,62.55722,6.38,,
7414,19.511056,-2.78889,5.03,36 Aql,
7415,19.509194,3.44444,6.05,,
7416,19.556000,-45.27194,5.61,,
7417,19.512028,27.95972,3.08,β¹ Cyg,Albireo
7418,19.512583,27.96528,5.11,β² Cyg,
7419,19.513028,36.22861,6.25,,
7420,19.495083,51.72972,3.79,ι² Cyg,
7421,19.522722,26.61722,5.87,,
7422,19.569028,-40.03472,5.89,,
7423,19.361167,79.60278,6.05,,
7424,19.586944,-48.09917,4.90,ι Tel,
7426,19.529528,34.45306,4.74,8 Cyg,
7427,19.522028,50.30667,5.53,,
7428,19.520444,55.73194,6.37,,
7429,19.568167,7.37889,4.45,μ Aql,
7430,19.585361,-10.56028,5.12,37 Aql,
7431,19.600472,-24.71917,5.65,51 Sgr,
7432,19.591611,-7.46028,6.34,,
7433,19.592667,-12.25278,6.27,,
7434,19.640528,-57.98333,6.18,,
7435,19.664472,-66.68556,6.39,,
7437,19.576361,19.77333,5.00,9 Vul,
7438,19.590333,2.91333,6.38,,
7439,19.607250,-18.85278,6.11,,
7440,19.611778,-24.88361,4.60,52 Sgr,
7441,19.580806,29.46306,5.38,9 Cyg,
7442,19.561556,49.26250,5.96,,
7443,19.617583,-18.23111,5.64,,
7444,19.578111,42.41278,5.35,,
7446,19.614861,-7.02750,4.95,κ Aql,
7447,19.612028,-1.28639,4.36,ι Aql,
7448,19.552806,60.15861,6.29,,
7449,19.604389,14.39167,6.38,,
7450,19.516722,70.98944,6.07,,
7451,19.572167,51.23667,5.73,,
7452,19.602306,22.58583,6.32,,
7454,19.626222,-14.30167,5.47,,
7455,19.693750,-65.85417,6.09,,
7456,19.614583,11.27333,5.98,,
7457,19.596750,36.94444,6.05,11 Cyg,
7459,19.671750,-54.41750,6.26,,
7460,19.629806,-4.64750,5.46,42 Aql,
7461,19.661667,-45.27806,6.25,,
7462,19.539333,69.66111,4.68,σ Dra,Alsafi
7463,19.621500,16.46278,5.66,ε Sge,
7466,19.619278,29.33361,6.43,,
7467,19.615722,38.38389,6.50,,
7468,19.610528,44.69500,5.17,,
7469,19.607361,50.22111,4.48,θ Cyg,
7470,19.663722,-23.42778,6.34,53 Sgr,
7471,19.646944,3.38167,6.35,,
7472,19.638194,20.78278,6.48,,
7473,19.668639,-23.42861,5.97,,
7474,19.653222,5.39778,5.17,σ Aql,
7475,19.657056,16.57139,6.38,,
7476,19.678722,-16.29333,6.20,54 Sgr,
7477,19.632417,49.28444,6.47,,
7478,19.656278,30.15333,4.69,φ Cyg,
7479,19.668278,18.01389,4.37,α Sge,Sham
7480,19.678694,-0.62111,5.67,45 Aql,
7481,19.662500,33.97917,6.10,,
7482,19.674528,20.47667,6.50,,
7483,19.657361,42.81833,5.40,14 Cyg,
7484,19.644778,54.97389,5.82,,
7486,19.684861,13.81556,6.01,,
7487,19.659556,45.95806,6.20,,
7488,19.684139,17.47611,4.37,β Sge,
7489,19.708639,-16.12389,5.06,55 Sgr,
7490,19.687472,22.45278,6.36,,
7491,19.727111,-37.53889,6.16,,
7492,19.678111,43.07778,6.16,,
7493,19.703556,12.19333,6.34,46 Aql,
7494,19.933750,-81.34972,6.39,,
7495,19.680611,45.52500,5.06,,
7496,19.725972,-15.47000,5.49,,
7497,19.709444,11.82667,5.27,χ Aql,
7498,19.823694,-72.50333,5.41,,
7499,19.699306,40.25389,6.23,,
7501,19.713639,29.33167,6.49,,
7502,19.712389,32.42667,5.94,,
7503,19.696917,50.52528,5.96,16 Cyg,
7504,19.697778,50.51750,6.20,,
7505,19.719306,30.67861,6.05,,
7506,19.728583,25.77194,5.49,10 Vul,
7507,19.767000,-31.90861,5.52,,
7508,19.732194,27.13556,6.28,,
7509,19.701139,55.46333,6.48,,
7510,19.800333,-56.36250,5.35,ν Tel,
7511,19.742806,13.30278,6.26,ψ Aql,
7512,19.730944,34.16250,6.05,,
7513,19.831472,-66.81278,6.45,,
7514,19.729167,41.77306,5.84,,
7515,19.772694,-19.76111,4.86,56 Sgr,
7516,19.764500,-2.88333,6.48,,
7517,19.737944,37.35444,4.89,15 Cyg,
7519,19.761083,7.61333,5.91,υ Aql,
7521,19.815306,-52.88806,6.25,,
7522,19.720722,58.01639,6.22,,
7523,19.746944,40.71667,6.34,,
7524,19.850361,-65.60500,6.05,,
7525,19.771000,10.61333,2.72,γ Aql,Tarazed
7526,19.727667,57.04250,6.27,,
7527,19.839361,-61.06139,6.21,,
7528,19.749583,45.13083,2.87,δ Cyg,Fawaris
7529,19.761000,36.09111,6.43,,
7530,19.764278,35.01278,6.09,,
7531,19.845778,-59.19306,5.42,,
7532,19.800833,-13.70333,6.11,,
7534,19.773778,33.72778,4.99,17 Cyg,
7535,19.776389,32.88861,6.18,,
7536,19.789806,18.53417,3.82,δ Sge,
7537,19.837167,-47.55722,5.94,,
7538,19.819889,-28.78889,6.05,,
7540,19.796833,25.38389,5.95,,
7541,19.817278,-10.87083,6.04,,
7542,19.808444,10.69417,6.44,,
7543,19.791056,38.40750,5.77,,
7544,19.811694,11.81583,5.72,π Aql,
7545,19.738472,69.33694,5.92,,
7546,19.816306,19.14222,5.00,ζ Sge,
7547,19.790778,47.90778,6.12,,
7548,19.877111,-54.97111,5.74,,
7549,19.877500,-54.97667,6.50,,
7551,19.814056,33.43722,6.44,,
7552,19.864056,-39.87444,5.33,,
7553,19.846333,-10.76361,5.39,51 Aql,
7555,19.824306,38.71000,6.11,,
7556,19.831833,28.44056,6.38,,
7557,19.846389,8.86833,0.77,α Aql,Altair
7558,19.911222,-61.17083,6.24,,
7559,19.853083,-2.46083,6.13,,
7560,19.850444,10.41556,5.11,ο Aql,
7561,19.870000,-19.04500,5.92,57 Sgr,
7562,19.854917,9.63028,6.25,,
7563,19.779083,68.43833,6.34,,
7564,19.842750,32.91417,4.23,χ Cyg,
7565,19.851139,22.61000,4.95,12 Vul,
7566,19.842778,38.72250,5.12,19 Cyg,
7567,19.843694,40.59972,5.69,,
7568,19.846389,37.82639,6.06,,
7569,19.867639,11.62889,6.13,,
7570,19.874556,1.00556,3.90,η Aql,
7571,19.885111,-14.60306,6.48,,
7573,19.867111,24.99222,5.57,,
7574,19.872722,18.67194,6.23,9 Sge,
7575,19.888528,-3.11444,5.65,,
7576,19.843806,52.98806,5.03,20 Cyg,
7577,19.855389,47.37722,6.20,,
7578,19.904917,-23.94111,6.18,,
7579,19.978139,-69.16389,5.75,,
7581,19.921028,-41.86833,4.13,ι Sgr,
7582,19.802889,70.26778,3.83,ε Dra,
7583,19.871194,36.43222,6.10,,
7584,19.902278,-8.57417,5.79,56 Aql,
7585,19.918083,-33.04639,6.46,,
7587,19.951722,-58.90139,5.26,,
7588,19.981389,-68.76222,6.39,,
7589,19.866417,47.02750,5.62,,
7590,20.009861,-72.91056,3.96,ε Pav,
7591,19.868667,47.93194,5.91,,
7592,19.891028,24.07972,4.58,13 Vul,
7593,19.910444,-8.22722,5.71,57 Aql,
7594,19.910583,-8.23722,6.49,57 Aql,
7595,19.904139,8.46139,4.71,ξ Aql,Libertas
7596,19.912444,0.27361,5.61,58 Aql,
7597,19.930667,-26.29944,4.70,ω Sgr,Terebellum
7598,19.911194,7.14028,6.15,,
7600,19.883667,47.80750,6.29,,
7601,19.908639,24.31944,5.52,,
7602,19.921889,6.40667,3.71,β Aql,Alshain
7603,20.006389,-66.94944,5.76,μ¹ Pav,
7604,19.949111,-27.17000,4.52,59 Sgr,
7606,19.913417,36.99611,5.76,,
7608,19.888167,57.52361,5.14,23 Cyg,
7609,19.933694,16.63472,5.36,10 Sge,
7610,19.937306,11.42389,5.28,φ Aql,
7611,19.893167,59.70889,6.06,,
7612,20.031222,-66.94417,5.31,μ² Pav,
7613,19.931028,38.48667,4.94,22 Cyg,
7614,19.965833,-15.49139,5.02,61 Sgr,
7615,19.938444,35.08333,3.89,η Cyg,
7616,19.950056,20.99806,6.48,,
7617,19.982333,-30.53806,6.28,,
7618,19.982556,-26.19556,4.83,60 Sgr,
7619,19.927167,52.43889,4.92,ψ Cyg,
7620,19.945611,36.25083,6.02,,
7621,20.007028,-49.35111,6.17,,
7622,19.962611,16.78917,5.53,11 Sge,
7623,19.995611,-35.27639,4.37,θ¹ Sgr,
7624,19.997583,-34.69778,5.30,θ² Sgr,
7625,20.029083,-59.37611,5.13,,
7626,19.922806,58.25028,6.09,,
7627,20.007361,-43.04333,6.14,,
7628,19.953861,40.36806,5.45,,
7629,20.004417,-37.70222,5.95,,
7630,20.013417,-45.11306,5.81,,
7631,20.005639,-33.70389,5.66,,
7632,19.945861,50.90250,6.43,,
7633,19.932056,58.84611,4.96,,
7634,19.938611,56.68694,6.12,,
7635,19.979278,19.49222,3.47,γ Sge,
7636,19.989639,1.37778,6.17,,
7637,19.996500,-9.95833,5.88,,
7638,19.965611,42.26083,6.43,,
7639,20.024000,-40.81417,6.29,,
7640,19.977222,30.98361,5.49,,
7641,19.986250,23.10139,5.67,14 Vul,
7642,19.976222,38.10556,6.32,,
7643,20.023306,-22.73722,6.01,,
7644,20.092444,-67.32083,6.07,,
7645,20.000917,17.51667,5.37,13 Sge,
7646,19.989028,45.77222,5.92,,
7647,19.998667,37.04278,5.19,25 Cyg,
7648,20.016361,8.55806,5.91,,
7649,20.032944,-13.63694,5.71,63 Sgr,
7650,20.044306,-27.70972,4.58,62 Sgr,
7651,19.987611,52.05583,6.15,,
7652,20.059306,-37.94083,4.77,,
7653,20.018361,27.75361,4.64,15 Vul,
7654,19.974639,63.53417,5.96,,
7655,20.020917,37.09889,6.20,,
7656,20.029083,24.80028,5.88,,
7657,20.033722,24.93806,5.22,16 Vul,
7658,20.062306,-22.59556,6.45,,
7659,20.072111,-32.05639,4.99,,
7660,20.022667,50.10472,5.05,26 Cyg,
7662,20.054556,18.50056,5.96,,
7663,20.139028,-66.35472,6.45,,
7664,20.058333,16.03139,5.67,,
7665,20.145444,-66.18194,3.56,δ Pav,
7666,19.978306,70.36694,6.33,,
7667,20.073111,-0.70944,5.68,62 Aql,
7669,20.068972,7.27806,5.52,τ Aql,
7670,20.060389,29.89667,5.71,,
7671,20.084833,-11.59944,6.34,,
7672,20.068389,17.07000,5.80,15 Sge,
7673,20.123111,-52.88083,4.94,ξ Tel,
7674,20.126417,-55.01639,6.26,,
7676,20.024583,64.82111,5.27,64 Dra,
7677,20.082944,23.21028,6.45,,
7678,20.076694,32.21861,5.64,,
7679,20.085972,19.99111,5.10,η Sge,
7680,20.090694,15.50028,6.34,,
7681,20.103389,-4.07833,6.47,,
7683,20.086056,38.47833,6.19,,
7684,20.074667,48.22972,6.16,,
7685,20.046972,67.87361,4.51,ρ Dra,
7686,19.993500,76.48139,6.20,69 Dra,
7687,20.085194,51.83944,6.14,,
7688,20.114833,23.61444,5.07,17 Vul,
7689,20.106056,35.97250,5.36,27 Cyg,
7690,20.133833,-0.67833,5.99,64 Aql,
7691,20.185333,-57.52389,6.37,,
7692,20.089306,56.34139,6.21,,
7693,20.130639,9.39972,6.43,,
7694,20.142028,-10.06278,6.18,,
7695,20.079056,63.89056,6.26,,
7696,20.135139,16.66417,6.42,,
7697,20.103833,53.16583,5.85,,
7698,20.415111,-83.31056,6.17,,
7699,20.128167,34.42306,6.11,,
7700,20.143972,10.72583,6.31,,
7701,20.092444,61.99556,5.39,66 Dra,
7703,20.186639,-36.10111,5.32,,
7704,20.081472,68.02722,6.28,,
7705,20.165722,20.91528,6.48,θ Sge,
7706,20.206639,-42.78056,6.22,,
7707,20.240806,-63.41583,6.09,,
7708,20.157111,36.83972,4.93,28 Cyg,
7709,20.186139,-8.84222,6.49,,
7710,20.188417,-0.82139,3.23,θ Aql,
7711,20.175972,26.90417,5.52,18 Vul,
7712,20.199417,-12.39250,6.34,ξ¹ Cap,
7713,20.184306,21.13472,6.22,,
7714,20.238611,-52.44556,5.65,,
7715,20.207194,-12.61750,5.85,ξ² Cap,
7716,20.189194,21.87556,6.26,,
7717,20.209778,0.86750,6.27,,
7718,20.196667,26.80889,5.49,19 Vul,
7719,20.200194,26.47889,5.92,20 Vul,
7720,20.220528,-1.00944,5.47,66 Aql,
7722,20.254833,-27.03278,5.73,,
7724,20.237944,15.19750,4.95,ρ Aql,
7725,20.264056,-30.00528,6.30,,
7726,20.208833,51.46361,6.01,,
7727,20.193028,62.07861,5.75,68 Dra,
7728,20.273250,-36.45444,6.39,,
7730,20.221667,46.81583,4.83,30 Cyg,
7731,20.237361,28.69472,5.18,21 Vul,
7732,20.317500,-63.23111,6.27,,
7733,20.228556,43.37917,6.14,,
7734,20.234722,36.60528,6.45,,
7735,20.227194,46.74139,3.79,31 Cyg,
7736,20.242222,36.80639,4.97,29 Cyg,
7738,20.273000,-12.33694,6.32,3 Cap,
7739,20.254417,25.59194,4.78,,
7740,20.223306,56.56778,4.30,33 Cyg,
7741,20.258389,23.50861,5.15,22 Vul,
7742,20.224361,60.64056,5.79,,
7743,20.256583,33.72944,5.66,,
7744,20.262806,27.81417,4.52,23 Vul,
7745,20.315556,-47.71083,6.31,,
7746,20.272139,21.59861,6.13,18 Sge,
7747,20.294139,-12.50833,4.24,α¹ Cap,
7748,20.300389,-21.81000,5.87,4 Cap,
7749,20.321639,-47.58028,6.13,,
7750,20.148139,77.71139,4.39,κ Cep,
7751,20.257861,47.71444,3.98,32 Cyg,
7752,20.267611,38.89778,6.27,,
7753,20.279750,24.67111,5.32,24 Vul,
7754,20.300917,-12.54472,3.57,α² Cap,Algedi
7755,20.262056,50.23278,6.31,,
7756,20.266833,45.57944,5.91,,
7757,20.274500,37.05639,6.48,,
7758,20.342306,-55.05083,6.27,,
7759,20.282028,40.36500,5.24,,
7760,20.292083,29.14806,6.22,,
7761,20.323222,-19.11861,5.28,σ Cap,
7762,20.291417,42.72194,6.29,,
7763,20.296444,38.03306,4.81,34 Cyg,
7764,20.341139,-29.19722,6.30,,
7765,20.347750,-35.67361,6.46,,
7766,20.361389,-49.99944,6.27,,
7767,20.301944,40.73222,5.84,,
7768,20.328694,-1.07861,6.06,,
7769,20.307944,37.00000,5.58,36 Cyg,
7770,20.310861,34.98278,5.17,35 Cyg,
7771,20.324778,13.21694,6.21,,
7773,20.344389,-12.75917,4.76,ν Cap,Alshat
7774,20.333389,13.54806,5.95,,
7775,20.346278,-14.78500,6.10,,
7776,20.350194,-14.78139,3.08,β Cap,Dabih
7777,20.313778,46.32278,6.45,,
7778,20.339028,14.56917,6.13,,
7779,20.374306,-42.04972,5.59,κ¹ Sgr,
7780,20.339278,17.79306,5.80,,
7781,20.306889,55.39722,5.76,,
7783,20.292028,66.85389,5.93,,
7784,20.337556,39.40333,6.23,,
7785,20.554861,-80.96500,5.77,,
7786,20.332250,46.83750,6.50,,
7787,20.398111,-42.42278,5.64,κ² Sgr,
7788,20.383556,-9.65472,6.30,,
7789,20.367611,24.44611,5.54,25 Vul,
7790,20.427472,-56.73500,1.94,α Pav,Peacock
7791,20.341778,53.59611,6.18,,
7792,20.326861,62.25750,5.72,71 Dra,
7793,20.381194,14.55139,6.17,,
7794,20.386306,5.34306,5.31,,
7795,20.367500,41.13139,6.39,,
7796,20.370472,40.25667,2.20,γ Cyg,Sadr
7797,20.377056,31.26500,6.09,,
7798,20.368167,45.79500,5.58,,
7799,20.429972,-40.79639,6.09,,
7800,20.379250,41.02611,5.93,,
7801,20.424111,-28.66333,5.85,,
7802,20.382083,42.98333,6.20,,
7803,20.410417,1.06861,6.15,,
7804,20.335000,68.88028,5.55,,
7805,20.353167,63.98028,5.69,,
7806,20.397694,32.19000,4.43,39 Cyg,
7807,20.395667,37.47639,5.90,,
7808,20.448056,-37.40306,6.25,,
7809,20.428472,-2.80028,6.11,,
7810,20.428889,10.05639,6.33,,
7811,20.427917,21.40972,5.66,,
7812,20.638500,-81.28889,5.91,,
7813,20.433667,19.86500,6.41,,
7814,20.455333,-18.21167,5.25,π Cap,
7816,20.439778,17.31556,6.22,,
7817,20.479639,-35.59583,6.10,,
7818,20.418083,59.60000,6.44,,
7819,20.478778,-15.74167,6.41,,
7820,20.468750,8.43750,6.25,,
7821,20.473583,-3.35778,6.13,68 Aql,
7822,20.481000,-17.81361,4.78,ρ Cap,
7823,20.452139,34.32889,6.39,,
7824,20.471333,2.93694,6.21,,
7825,20.492028,-22.39167,6.16,,
7826,20.459528,38.44028,5.62,40 Cyg,
7827,20.439861,56.63889,6.36,,
7828,20.450639,49.38333,5.69,43 Cyg,
7830,20.498306,-18.58333,5.94,ο Cap,
7831,20.494167,-2.88556,4.91,69 Aql,
7832,20.515778,-29.11250,6.39,,
7834,20.489917,30.36861,4.01,41 Cyg,
7835,20.489000,36.45472,5.88,42 Cyg,
7836,20.505000,10.89583,6.08,1 Del,
7837,20.517861,-15.05639,6.12,,
7838,20.597694,-69.61111,6.11,,
7839,20.516139,20.60583,6.18,,
7841,20.499972,45.92861,6.41,,
7842,20.547889,-24.94389,6.36,,
7843,20.490861,56.06806,5.91,,
7844,20.500972,48.95167,4.95,ω¹ Cyg,
7845,20.539917,-9.85333,5.65,,
7846,20.565306,-44.51611,5.11,ν Mic,
7847,20.516444,36.93583,6.19,44 Cyg,
7848,20.593000,-60.58167,4.76,φ¹ Pav,
7849,20.532833,25.80444,6.34,,
7850,20.493028,62.99417,4.22,θ Cep,
7851,20.521889,49.22028,5.44,ω² Cyg,
7852,20.553556,11.30333,4.03,ε Del,Aldulfin
7853,20.582083,-38.08972,6.44,,
7854,20.522528,52.30972,6.18,,
7855,20.569917,-13.72111,6.13,,
7856,20.579833,-30.47361,6.40,,
7858,20.565833,13.02722,5.38,η Del,
7859,20.626472,-61.53000,4.88,ρ Pav,
7860,20.529583,56.78000,6.14,,
7862,20.569444,20.98528,6.48,,
7863,20.700806,-76.18056,6.00,μ¹ Oct,
7865,20.592278,-16.52583,6.19,,
7866,20.565056,35.25083,4.61,47 Cyg,
7867,20.563444,41.77222,6.49,,
7868,20.500194,72.53167,6.27,,
7869,20.626111,-47.29139,3.11,α Ind,
7870,20.565250,46.69389,5.78,,
7871,20.588472,14.67417,4.68,ζ Del,
7872,20.664278,-62.90778,6.22,,
7873,20.612111,-2.55000,4.89,70 Aql,
7874,20.602306,25.88250,6.41,26 Vul,
7875,20.667389,-60.54889,5.12,φ² Pav,
7876,20.580667,51.85417,6.11,,
7877,20.631139,-25.10889,6.36,,
7878,20.621750,0.09694,6.22,,
7879,20.525111,74.95472,5.20,73 Dra,
7880,20.617972,26.46194,5.59,27 Vul,
7881,20.699194,-66.76083,5.15,υ Pav,
7882,20.625833,14.59528,3.63,β Del,Rotanev
7883,20.630306,11.37778,5.43,ι Del,
7884,20.638972,-1.10528,4.32,71 Aql,
7885,20.625500,31.57250,6.32,48 Cyg,
7886,20.631833,18.26917,6.25,,
7887,20.625722,31.52194,6.49,,
7888,20.623222,38.32861,6.20,,
7889,20.654556,-14.95472,5.22,τ Cap,
7890,20.653667,-2.41278,6.22,,
7891,20.642028,21.20111,4.82,29 Vul,
7892,20.645528,13.31500,5.72,θ Del,
7893,20.672167,-33.43194,5.47,,
7894,20.642194,24.11611,5.04,28 Vul,
7895,20.643083,23.68056,5.91,,
7896,20.652167,10.08611,5.05,κ Del,
7897,20.656917,0.48639,5.16,1 Aqr,
7898,20.669917,-23.77389,6.37,,
7899,20.651389,15.83806,5.97,,
7900,20.667500,-18.13861,5.10,υ Cap,
7901,20.470722,81.42278,5.46,75 Dra,
7903,20.652944,21.81722,6.08,,
7904,20.649861,30.33444,5.68,,
7905,20.675694,-16.12417,5.80,,
7906,20.660639,15.91194,3.77,α Del,Sualocin
7907,20.664389,11.24972,6.42,,
7908,20.490972,81.09139,5.96,74 Dra,
7909,20.689917,-31.59833,5.76,,
7910,20.690028,-26.00000,6.28,,
7911,20.659250,40.57944,6.06,,
7913,20.749306,-66.20306,3.42,β Pav,
7914,20.679222,19.93528,6.45,,
7915,20.714722,-39.55861,6.29,,
7916,20.650056,56.00500,6.48,,
7917,20.676722,29.80528,6.08,,
7918,20.687833,14.58306,5.99,10 Del,
7919,20.667528,43.45861,5.95,,
7920,20.733972,-51.92111,4.51,η Ind,
7921,20.684056,32.30722,5.51,49 Cyg,
7923,20.699500,17.52139,6.22,,
7924,20.690528,45.28028,1.25,α Cyg,Deneb
7925,20.671639,60.50528,6.01,,
7926,20.699028,41.71694,5.67,,
7928,20.724306,15.07444,4.43,δ Del,
7929,20.703500,50.34000,5.39,51 Cyg,
7930,20.484194,83.62556,6.19,,
7931,20.753667,-27.24722,6.50,,
7932,20.723389,35.58778,6.47,,
7933,20.772250,-39.19917,5.50,,
7934,20.821694,-68.77639,5.41,σ Pav,
7935,20.771833,-36.12028,6.49,,
7936,20.768250,-25.27083,4.14,ψ Cap,
7937,20.769444,-21.51417,5.93,17 Cap,
7938,20.711028,60.60139,6.15,,
7939,20.747917,25.27056,4.91,30 Vul,
7940,20.720417,57.11417,6.32,,
7941,20.757833,18.09028,6.38,,
7942,20.761028,30.71972,4.22,52 Cyg,
7943,20.808111,-43.98861,5.11,ι Mic,
7944,20.739444,56.48806,5.78,,
7945,20.719722,66.65750,5.58,4 Cep,
7946,20.784333,-2.48667,6.27,,
7947,20.777417,16.12444,5.14,γ¹ Del,
7948,20.777639,16.12417,4.27,γ² Del,
7949,20.770194,33.97028,2.46,ε Cyg,Aljanah
7950,20.794611,-9.49583,3.77,ε Aqr,Albali
7951,20.795611,-5.02778,4.42,3 Aqr,
7952,20.824722,-46.22694,4.89,ζ Ind,
7953,20.796750,6.00833,5.58,13 Del,
7954,20.796611,3.30667,6.40,,
7955,20.755861,57.57972,4.51,,
7956,20.786333,34.37417,4.92,,
7957,20.754833,61.83889,3.43,η Cep,
7958,20.777361,46.53167,6.30,,
7959,20.860639,-62.42917,6.28,,
7961,20.821556,-25.78139,5.86,,
7962,20.772556,52.99528,6.33,,
7963,20.790139,36.49083,4.53,λ Cyg,
7964,20.822361,-18.03583,6.21,,
7965,20.832806,-33.77972,4.90,α Mic,
7966,20.789111,45.57972,6.40,,
7967,20.742528,69.75194,6.41,,
7968,20.858361,-51.60833,5.05,ι Ind,
7969,20.797028,47.83194,5.57,,
7970,20.846417,-32.05444,6.36,,
7971,20.850194,-37.91333,5.52,,
7972,20.798000,52.40722,6.27,,
7973,20.827167,12.54528,5.98,15 Del,
7974,20.830083,7.86417,6.33,14 Del,
7975,20.833083,5.54472,6.21,,
7976,20.844944,-12.54500,5.88,,
7977,20.815639,46.11417,4.84,55 Cyg,
7978,20.811861,51.91056,6.29,,
7979,20.866333,-33.17722,6.04,β Mic,
7980,20.863694,-26.91917,4.11,ω Cap,
7982,20.857139,-5.62639,5.99,4 Aqr,
7983,20.831861,46.66111,6.33,,
7984,20.834694,44.05944,5.04,56 Cyg,
7985,20.869083,-5.50694,5.55,5 Aqr,
7986,20.913500,-58.45417,3.65,β Ind,
7987,20.894500,-39.81000,5.35,,
7988,20.857833,28.25056,5.77,,
7989,20.883667,-23.78306,6.33,,
7990,20.877556,-8.98333,4.73,μ Aqr,
7991,20.890278,-30.71861,6.35,,
7992,20.909722,-50.72778,6.24,,
7993,20.821500,64.04222,6.45,,
7994,20.884889,-11.57361,6.38,,
7995,20.868806,27.09694,4.59,31 Vul,
7996,20.866750,32.84917,6.44,,
7997,20.901889,-27.92556,6.41,,
7998,20.899556,-6.88972,6.44,,
7999,20.885389,29.64944,6.34,,
8000,20.913306,-17.92306,5.78,19 Cap,
8001,20.887444,44.38722,4.78,57 Cyg,
8002,20.709778,82.53111,5.75,76 Dra,
8003,20.888500,45.18194,5.45,,
8005,20.898306,33.43778,5.47,,
8008,20.909333,28.05750,5.01,32 Vul,
8010,20.927972,4.53278,6.05,,
8011,20.926861,13.72139,5.17,17 Del,
8012,20.927389,12.56861,5.58,16 Del,
8013,20.946472,-26.29639,5.70,,
8015,20.948333,-9.69750,5.51,7 Aqr,
8016,20.792611,80.55222,5.39,,
8017,20.952944,0.46361,6.05,,
8018,20.961278,-16.03167,5.87,,
8019,21.024472,-68.20972,6.37,,
8020,20.930500,47.41778,5.67,,
8021,21.078611,-77.02389,5.15,α Oct,
8023,20.942972,44.92500,5.96,,
8024,20.978306,-14.48278,6.01,,
8025,20.940417,50.72861,5.81,,
8026,20.940528,49.19583,5.90,,
8027,21.005972,-51.26528,5.76,,
8028,20.952889,41.16722,3.94,ν Cyg,
8029,20.938056,56.88750,6.23,,
8030,20.973861,10.83917,5.48,18 Del,Musica
8031,20.999917,-36.12972,6.11,,
8032,20.971222,22.32583,5.31,33 Vul,
8033,20.993361,-19.03528,6.25,20 Cap,
8034,20.984556,4.29361,5.23,ε Equ,
8035,20.972083,44.47167,5.55,,
8036,20.975222,41.94028,6.16,,
8038,21.001083,7.51639,5.99,,
8039,21.021528,-32.25778,4.67,γ Mic,
8040,20.975028,50.46222,5.61,,
8041,21.009389,-4.73028,6.21,11 Aqr,
8043,20.912306,75.92556,6.05,,
8044,21.007694,19.32944,5.65,,
8045,21.029250,-26.88111,6.05,,
8046,21.040889,-38.53056,5.94,,
8047,20.997111,47.52111,4.74,59 Cyg,
8048,21.049444,-38.63167,5.30,ζ Mic,
8049,20.990389,59.43861,5.51,,
8050,21.052833,-27.73194,6.25,,
8051,21.020250,36.02611,5.97,,
8053,21.019694,46.15583,5.37,60 Cyg,
8054,21.049889,-0.92472,6.50,,
8055,21.087278,-54.72722,5.16,μ Ind,
8056,21.050833,1.53194,6.25,,
8057,21.050500,14.73000,6.31,,
8059,21.067972,-5.82306,5.89,12 Aqr,
8060,21.073417,-19.85500,4.84,η Cap,
8061,21.156194,-73.17306,5.68,,
8062,21.040028,44.79111,6.19,,
8063,21.051333,38.65750,6.07,,
8064,21.046806,45.84889,6.48,,
8065,21.035861,56.66972,5.83,,
8066,21.076306,5.50278,5.61,3 Equ,
8067,21.078250,2.94194,6.42,,
8068,21.079278,2.26972,6.33,,
8069,21.107083,-41.38611,5.53,η Mic,
8070,21.100333,-30.12500,5.68,δ Mic,
8071,21.064472,41.62806,6.33,,
8072,21.057222,50.35194,6.37,,
8073,21.142472,-63.92889,5.76,,
8074,21.062028,46.86194,6.32,,
8075,21.099111,-17.23278,4.07,θ Cap,
8076,21.106861,-32.34167,5.18,,
8077,21.090750,5.95833,5.94,4 Equ,
8078,21.063222,53.28611,5.90,,
8079,21.082194,43.92778,3.72,ξ Cyg,
8080,21.118806,-25.00583,4.50,24 Cap,
8081,21.189083,-72.54417,6.20,,
8082,21.106528,26.92444,6.12,,
8083,21.129056,-17.45528,6.17,,
8084,21.108417,31.18472,5.82,,
8085,21.115167,38.74583,5.21,61 Cyg,
8086,21.115361,38.74333,6.03,61 Cyg,
8087,21.142667,-21.19361,5.30,χ Cap,
8088,21.126000,15.65861,6.34,,
8089,21.110028,47.64833,4.55,63 Cyg,
8090,21.141167,6.98944,6.15,,
8091,21.159167,-20.55639,6.25,27 Cap,
8092,21.222361,-70.12639,5.02,ο Pav,
8093,21.159917,-11.37167,4.51,ν Aqr,
8094,21.144139,30.20583,5.59,,
8095,21.166194,2.94333,6.45,,
8096,21.179694,-9.35389,6.27,,
8097,21.172361,10.13167,4.69,γ Equ,
8098,21.175333,10.04889,6.07,6 Equ,
8099,21.106472,71.43194,5.87,,
8100,21.203778,-40.26944,5.83,,
8102,21.194806,-14.47222,6.48,,
8104,21.217528,-39.42528,5.26,,
8106,21.171000,53.56333,5.73,,
8107,21.175278,47.69194,6.46,,
8108,21.221917,-36.42389,5.96,,
8110,21.221472,-27.61944,5.42,,
8112,21.091472,78.12639,5.91,,
8114,21.262750,-53.26306,5.75,,
8115,21.215611,30.22694,3.20,ζ Cyg,
8116,21.224667,15.98250,6.27,,
8117,21.254083,-40.50639,6.21,,
8119,21.196722,59.98639,5.64,,
8120,21.223972,36.63361,6.05,,
8121,21.243611,0.09222,6.38,,
8122,21.251833,-17.34500,6.04,,
8123,21.241361,10.00694,4.49,δ Equ,
8124,21.263000,-36.21083,6.12,,
8125,21.300083,-64.68167,6.31,,
8126,21.236194,29.90111,6.17,,
8127,21.260528,-20.65167,5.24,φ Cap,
8128,21.262472,-15.17139,5.28,29 Cap,
8129,21.534500,-84.81000,6.45,,
8130,21.246528,38.04556,3.72,τ Cyg,
8131,21.263722,5.24778,3.92,α Equ,Kitalpha
8132,21.277667,-1.60778,6.48,,
8133,21.228500,64.40389,6.39,,
8134,21.287083,-13.27889,6.40,,
8135,21.298972,-32.17250,4.71,ε Mic,
8136,21.260222,47.97361,6.46,,
8137,21.299250,-17.98528,5.43,30 Cap,
8138,21.274889,42.25139,6.43,,
8140,21.331111,-53.44972,4.39,θ Ind,
8141,21.303083,-4.51944,5.82,15 Aqr,
8142,21.315111,-28.76556,6.40,,
8143,21.290278,39.39472,4.23,σ Cyg,
8144,21.289778,42.68333,6.19,,
8145,21.335972,-45.02222,6.00,,
8146,21.298639,34.89694,4.43,υ Cyg,
8147,21.283889,53.99750,6.13,,
8149,21.314444,11.20333,5.96,,
8150,21.287306,55.79806,5.98,,
8151,21.346000,-40.80972,4.82,θ¹ Mic,
8152,21.354556,-49.93778,6.38,,
8153,21.288556,58.61167,6.42,,
8154,21.307556,43.94583,5.00,68 Cyg,
8155,21.315361,41.04083,6.15,,
8156,21.404639,-69.73417,6.41,,
8157,21.322833,38.23750,5.83,,
8158,21.337222,22.02639,6.29,,
8159,21.421694,-71.79944,6.09,,
8160,21.351194,-4.56000,5.87,16 Aqr,
8161,21.324667,49.51028,5.76,,
8162,21.309667,62.58556,2.44,α Cep,Alderamin
8163,21.351333,7.35444,5.82,9 Equ,
8164,21.321056,58.62361,5.66,,
8165,21.351222,23.85583,5.57,,
8166,21.347250,32.45278,5.68,,
8167,21.370778,-16.83444,4.28,ι Cap,
8168,21.261722,77.01222,5.95,,
8169,21.356111,32.61278,6.04,,
8170,21.350389,40.34556,6.40,,
8171,21.322833,64.87194,5.18,6 Cep,
8172,21.383472,-22.66889,5.60,,
8173,21.368111,19.80444,4.08,1 Peg,
8174,21.222639,81.23083,6.15,,
8175,21.382306,-9.31944,5.99,17 Aqr,
8176,21.565111,-82.68306,6.38,,
8177,21.405778,-46.61500,6.31,,
8178,21.381556,6.81111,5.16,β Equ,
8179,21.342639,60.75694,6.11,,
8180,21.406889,-41.00667,5.77,θ² Mic,
8181,21.440722,-65.36611,4.22,γ Pav,
8182,21.378306,30.30972,6.05,,
8183,21.402667,-20.85194,5.41,33 Cap,
8184,21.402194,-22.74694,6.38,,
8185,21.366778,49.38889,5.69,,
8187,21.403194,-12.87806,5.49,18 Aqr,
8188,21.437611,-54.66056,6.12,γ Ind,
8190,21.399667,24.27417,5.71,,
8191,21.406833,10.17417,6.35,,
8192,21.414361,-3.39833,6.36,20 Aqr,
8193,21.396750,37.35139,6.47,,
8194,21.402056,25.31222,6.15,,
8195,21.420306,-9.74861,5.70,19 Aqr,
8196,21.479139,-69.50528,5.34,,
8197,21.406417,24.52889,6.32,,
8198,21.409444,26.17444,5.68,,
8199,21.421389,-3.55667,5.49,21 Aqr,
8200,21.439694,-37.82944,5.63,,
8201,21.555722,-80.03917,6.47,,
8202,21.450444,-42.54778,5.51,,
8203,21.430972,0.53444,6.46,,
8204,21.444444,-22.41139,3.74,ζ Cap,
8205,21.441139,1.10333,6.13,,
8207,21.454111,-21.19611,5.78,35 Cap,
8208,21.422111,46.71444,5.60,,
8209,21.429722,36.66750,5.94,69 Cyg,
8210,21.440750,19.37556,6.07,,
8211,21.483417,-53.70583,6.39,,
8213,21.478722,-21.80722,4.51,36 Cap,
8214,21.484389,-31.23861,6.50,5 PsA,
8215,21.455944,37.11667,5.31,70 Cyg,
8216,21.447667,48.83500,5.31,,
8217,21.461139,27.60861,5.41,35 Vul,
8218,21.445833,52.89861,6.03,,
8219,21.473556,8.19556,6.40,,
8220,21.468972,32.22528,5.80,,
8221,21.483306,17.90583,6.44,,
8223,21.483306,22.17944,5.93,,
8224,21.457028,59.75000,6.10,,
8225,21.499139,23.63889,4.57,2 Peg,
8226,21.481306,55.41861,6.12,,
8227,21.462806,66.80917,5.44,7 Cep,
8228,21.490833,46.54056,5.24,71 Cyg,
8229,21.534972,-41.17917,5.29,ξ Gru,
8230,21.537389,-33.94472,5.97,6 PsA,
8231,21.519333,12.13750,6.08,,
8232,21.525972,-5.57111,2.91,β Aqr,Sadalsuud
8233,21.554917,-52.73750,6.41,,
8234,21.648944,-79.44250,6.18,,
8235,21.542583,-24.59056,6.43,,
8236,21.556528,-44.84861,5.57,,
8237,21.505667,52.95806,6.02,,
8238,21.477667,70.56083,3.23,β Cep,Alfirk
8239,21.413806,80.52472,5.97,,
8241,21.571389,-42.92500,6.32,,
8242,21.524306,52.62000,6.16,,
8243,21.516472,60.45944,5.53,,
8244,21.581389,-29.69611,6.41,,
8245,21.580833,-20.08444,5.69,37 Cap,
8246,21.549056,49.97778,5.75,,
8247,21.587750,-23.45417,6.40,,
8248,21.554972,45.85417,6.25,,
8249,21.634139,-64.82417,6.20,,
8250,21.576111,22.75472,6.47,,
8251,21.588222,-3.98306,5.77,,
8252,21.566361,45.59194,4.02,ρ Cyg,
8253,21.603056,-26.17139,5.73,8 PsA,
8254,21.691250,-77.39000,3.76,ν Oct,
8255,21.579611,38.53417,4.90,72 Cyg,
8256,21.613583,-33.04806,6.11,7 PsA,
8257,21.588611,28.19722,6.31,,
8258,21.590833,24.45222,6.11,,
8259,21.574306,51.69833,6.15,,
8260,21.618000,-19.46611,4.68,ε Cap,
8261,21.603861,30.05556,6.36,,
8262,21.600667,45.37472,5.53,,
8263,21.626056,-0.39028,6.25,,
8264,21.629194,-7.85417,4.69,ξ Aqr,Bunda
8265,21.628806,6.61833,6.18,3 Peg,
8266,21.615833,40.41361,5.01,74 Cyg,
8267,21.629278,19.31861,5.45,5 Peg,
8268,21.651694,-33.67917,6.28,,
8269,21.666583,-52.35917,6.21,,
8270,21.642194,5.77167,5.67,4 Peg,
8271,21.676000,-55.73750,6.33,,
8272,21.624417,44.69667,6.20,,
8273,21.657806,-10.57694,6.08,,
8274,21.645833,25.49889,6.16,,
8275,21.627417,54.04222,6.15,,
8276,21.650306,20.26528,5.85,,
8277,21.659250,2.24361,5.10,25 Aqr,
8278,21.668194,-16.66222,3.68,γ Cap,Nashira
8279,21.632000,62.08194,4.73,9 Cep,
8280,21.848417,-82.71917,5.29,λ Oct,
8281,21.649333,57.48917,5.62,,
8282,21.696139,-25.10194,6.49,,
8283,21.692472,-14.04750,5.18,42 Cap,
8284,21.669750,43.27389,5.11,75 Cyg,
8285,21.700222,-23.26278,5.24,41 Cap,
8286,21.758000,-71.00889,6.01,,
8287,21.702806,1.28528,5.67,26 Aqr,
8288,21.710972,-18.86639,4.73,κ Cap,
8289,21.704306,5.68000,5.30,7 Peg,
8290,21.678694,54.87222,6.20,,
8291,21.692861,40.80528,6.11,76 Cyg,
8292,21.709167,10.82472,6.09,,
8293,21.720417,-19.62083,6.22,,
8295,21.717889,-14.39972,5.88,44 Cap,
8297,21.700306,35.51028,6.07,,
8298,21.702333,45.76583,6.17,,
8299,21.741528,-38.55250,6.30,,
8300,21.706361,41.07722,5.69,77 Cyg,
8301,21.701583,51.18972,4.67,π¹ Cyg,Azelfafage
8302,21.733611,-14.74944,5.99,45 Cap,
8303,21.755278,-49.49861,6.45,,
8304,21.710806,49.60028,6.09,,
8305,21.749111,-33.02583,4.34,ι PsA,
8306,21.718444,41.15500,5.49,,
8307,21.723806,38.28389,5.65,79 Cyg,
8308,21.736444,9.87500,2.39,ε Peg,Enif
8309,21.735722,28.74278,4.73,μ¹ Cyg,
8310,21.735639,28.74306,6.08,μ² Cyg,
8311,21.750083,-9.08250,5.09,46 Cap,
8312,21.712611,59.27111,6.08,,
8313,21.741861,17.35000,4.34,9 Peg,
8314,21.742028,14.77194,5.94,,
8315,21.744083,25.64500,4.13,κ Peg,
8316,21.725111,58.78000,4.08,μ Cep,
8317,21.698694,71.31139,4.56,11 Cep,
8318,21.771194,-9.27583,6.00,47 Cap,
8319,21.775583,-11.36583,5.58,λ Cap,
8320,21.762361,35.85722,6.40,,
8321,21.767889,22.94889,5.29,12 Peg,
8322,21.784000,-16.12722,2.87,δ Cap,Deneb Algedi
8323,21.804389,-47.30361,5.58,,
8324,21.717778,72.32028,5.17,,
8325,21.773333,25.56333,6.28,,
8326,21.795611,-30.89833,5.01,θ PsA,
8327,21.748139,62.46056,5.95,,
8328,21.787222,2.68611,5.64,11 Peg,
8330,21.784639,17.19417,6.21,,
8331,21.833361,-64.71250,5.62,,
8332,21.793917,-5.91722,6.17,,
8333,21.846417,-69.62944,5.53,ο Ind,
8334,21.757472,61.12083,4.29,ν Cep,
8335,21.779889,49.30944,4.23,π² Cyg,
8336,21.802306,36.58056,6.47,,
8337,21.828083,-12.72306,6.31,,
8338,21.808167,38.64861,6.12,,
8339,21.790361,60.69278,5.52,12 Cep,
8340,21.836972,-16.84472,6.38,,
8341,21.824139,20.46250,6.29,,
8342,21.783611,70.15083,6.29,,
8343,21.830750,30.17417,5.04,14 Peg,
8344,21.835750,17.28556,5.29,13 Peg,
8345,21.827806,41.14889,6.48,,
8346,21.861611,-18.62306,6.16,,
8347,21.821944,61.27278,6.17,,
8348,21.859500,19.82667,5.77,,
8349,21.851361,39.53667,6.17,,
8351,21.888278,-13.55167,5.08,μ Cap,
8352,21.919861,-61.88639,5.90,,
8353,21.898806,-37.36500,3.01,γ Gru,Aldhanab
8354,21.874972,28.79333,5.53,15 Peg,
8356,21.884389,25.92500,5.08,16 Peg,
8357,21.866944,55.79694,5.71,,
8358,21.893722,19.66833,5.68,,
8359,21.899389,6.86444,6.15,,
8360,21.902889,-4.27611,5.71,,
8361,21.860361,65.75278,6.37,,
8362,21.937222,-57.89944,6.19,π Ind,
8363,21.909972,-3.30111,6.20,,
8364,21.904833,19.71833,6.39,,
8365,21.932111,-30.60639,6.41,,
8366,21.939667,-37.25361,5.46,,
8367,21.950611,-37.74694,6.18,,
8368,21.965306,-54.99250,4.40,δ Ind,
8369,21.975028,-59.01222,6.12,κ¹ Ind,
8370,22.031139,-77.66250,6.41,,
8371,21.914778,56.61139,5.80,13 Cep,
8372,21.940000,21.23972,6.40,,
8373,21.949000,12.07639,5.54,17 Peg,
8374,21.922417,61.54194,6.13,,
8375,21.925306,65.32083,5.86,,
8376,21.970361,-5.42472,6.33,,
8377,21.950611,48.66861,6.42,,
8378,21.978833,-21.18278,6.12,,
8379,21.988306,-38.39528,5.50,,
8380,22.051056,-76.11861,5.95,,
8381,22.006694,-55.88278,6.01,,
8382,21.981944,-4.37306,6.22,,
8383,21.944194,63.62556,4.91,,
8384,21.953083,66.15611,6.43,,
8385,22.002194,6.71750,6.00,18 Peg,
8386,22.013944,-28.45361,5.42,η PsA,
8387,22.056000,-56.78611,4.69,ε Ind,
8388,21.981500,62.69833,5.93,,
8390,22.018056,0.60500,5.58,28 Aqr,
8391,22.007444,33.00611,6.46,,
8392,22.018167,13.11972,5.60,20 Peg,
8393,22.019222,8.25722,5.65,19 Peg,
8394,22.036639,-17.90361,6.28,,
8395,21.964167,74.99667,6.35,,
8396,22.040722,-16.96417,6.37,29 Aqr,
8397,22.033722,10.97389,6.37,,
8400,21.987500,73.18000,5.03,16 Cep,
8401,22.054556,-6.52250,5.54,30 Aqr,
8402,22.055250,-2.15528,4.69,ο Aqr,
8403,22.030722,52.88222,5.78,,
8404,22.055278,11.38639,5.80,21 Peg,
8405,22.073306,-29.91667,6.47,13 PsA,
8406,22.034611,58.00056,5.56,14 Cep,
8407,22.049083,44.65000,5.60,,
8408,22.076889,-26.82250,5.96,,
8409,22.097472,-59.63611,5.62,κ² Ind,
8410,22.079833,-0.90667,5.30,32 Aqr,
8411,22.101917,-39.54333,4.46,λ Gru,
8412,22.076222,32.94194,6.38,,
8413,22.094667,5.05861,4.84,ν Peg,
8414,22.096389,-0.31972,2.96,α Aqr,Sadalmelik
8415,22.086500,26.67389,5.78,,
8416,22.064694,63.11972,5.29,18 Cep,
8417,22.063167,64.62778,4.29,ξ Cep,Kurhah
8418,22.107278,-13.86972,4.27,ι Aqr,
8419,22.092972,28.96389,5.70,23 Peg,
8421,22.087889,46.74472,6.13,,
8422,22.097389,45.11222,6.44,,
8424,22.100556,45.01444,5.14,,
8425,22.137222,-46.96111,1.74,α Gru,Alnair
8426,22.083472,62.78556,5.27,20 Cep,
8427,22.097556,48.23167,6.27,,
8428,22.085806,62.28000,5.11,19 Cep,
8429,22.103444,45.24861,6.19,,
8430,22.116861,25.34500,3.76,ι Peg,
8431,22.139722,-32.98861,4.50,μ PsA,
8432,22.198694,-76.11611,6.15,,
8433,22.140556,-34.04389,4.99,υ PsA,
8434,22.103750,56.34306,6.39,,
8435,22.124611,19.47556,5.75,,
8436,22.125000,18.00056,6.35,,
8437,22.145194,-33.12556,6.37,,
8438,22.130639,21.70278,5.78,25 Peg,
8439,22.149722,-18.51972,5.81,35 Aqr,
8440,22.166111,-48.10722,6.43,,
8441,22.138111,25.54361,6.11,,
8442,22.119333,58.84083,6.32,,
8443,22.123750,53.30722,6.14,,
8444,22.165472,-34.01472,5.37,,
8445,22.137917,49.79639,6.42,,
8446,22.166694,-28.29250,6.44,,
8447,22.169111,-32.54833,4.92,τ PsA,
8448,22.144722,45.74194,6.11,,
8449,22.153778,33.17222,5.58,π¹ Peg,
8450,22.170000,6.19778,3.53,θ Peg,Biham
8451,22.172528,-3.89417,6.27,,
8452,22.177083,-11.56500,5.46,38 Aqr,
8453,22.176056,-4.26722,6.01,,
8454,22.166444,33.17833,4.29,π² Peg,
8455,22.171944,19.61694,6.18,,
8456,22.172833,14.63000,6.33,,
8457,22.184000,-21.23250,6.09,,
8458,22.177056,11.62444,5.78,,
8459,22.175056,20.97806,6.46,28 Peg,
8460,22.181000,30.55306,6.32,,
8461,22.197583,16.04056,5.95,,
8462,22.207167,-14.19389,6.03,39 Aqr,
8463,22.186083,50.82333,5.40,,
8464,22.215972,-26.32778,6.17,,
8465,22.180917,58.20111,3.35,ζ Cep,
8466,22.202222,24.95000,5.92,,
8467,22.212167,-4.72083,6.39,,
8468,22.163444,72.34111,4.79,24 Cep,
8469,22.191861,59.41444,5.04,λ Cep,
8470,22.229000,-25.18083,5.58,,
8471,22.297361,-77.51167,5.51,ψ Oct,
8472,22.196889,56.83944,5.24,,
8473,22.170917,72.11111,6.37,,
8474,22.177472,70.13278,5.50,,
8475,22.213278,34.60472,5.33,,
8476,22.199139,59.08472,6.30,,
8477,22.244056,-41.38167,6.23,,
8478,22.238556,-27.76694,5.43,λ PsA,
8479,22.200528,60.75944,5.35,,
8480,22.238333,-21.07417,5.32,41 Aqr,
8481,22.333750,-80.43972,5.10,ε Oct,
8482,22.227389,28.60833,5.89,,
8483,22.206194,63.29139,5.79,,
8484,22.259750,-44.45194,6.10,,
8485,22.231306,39.71500,4.49,,
8486,22.260250,-41.34667,4.79,μ¹ Gru,
8487,22.230361,45.44083,5.53,,
8488,22.274056,-41.62750,5.10,μ² Gru,
8489,22.245667,42.95389,5.71,,
8490,22.230417,63.16250,6.11,,
8491,22.266611,8.54944,6.21,,
8492,22.277056,-25.89833,6.15,,
8493,22.214694,73.30722,6.08,,
8494,22.250556,57.04361,4.19,ε Cep,
8495,22.276000,-1.59639,6.15,,
8496,22.280028,-12.83139,5.34,42 Aqr,
8497,22.283278,-23.14000,6.17,,
8498,22.266167,37.74889,4.13,1 Lac,
8499,22.280556,-7.78333,4.16,θ Aqr,Ancha
8500,22.281278,-9.04000,5.79,,
8501,22.304333,-53.62778,5.37,,
8502,22.308361,-60.25972,2.86,α Tuc,
8503,22.274917,27.80417,6.37,,
8504,22.285139,-5.38722,5.75,44 Aqr,
8505,22.527056,-85.96722,5.77,υ Oct,
8506,22.274028,57.22028,5.88,,
8507,22.301194,-0.23778,6.39,,
8508,22.316889,-13.30500,5.95,45 Aqr,
8509,22.343389,-57.51000,6.34,,
8510,22.315611,37.76944,6.17,,
8511,22.303528,62.80444,5.75,25 Cep,
8512,22.336639,-7.82111,5.37,ρ Aqr,
8513,22.341000,5.78944,5.37,30 Peg,
8514,22.348833,8.18667,6.17,,
8515,22.410222,-72.25556,5.29,ν Ind,
8516,22.359889,-21.59833,5.13,47 Aqr,
8517,22.350028,26.93528,6.47,,
8518,22.360944,-1.38722,3.84,γ Aqr,Sadachbia
8519,22.344333,50.98083,6.42,,
8520,22.358639,12.20528,5.01,31 Peg,
8522,22.355361,28.33056,4.81,32 Peg,
8523,22.350444,46.53667,4.57,2 Lac,
8524,22.385556,-45.92861,5.62,π² Gru,
8526,22.430833,-75.01556,6.04,,
8527,22.419583,-70.43167,5.78,,
8528,22.364139,42.07833,6.41,,
8529,22.391917,-24.76250,5.53,49 Aqr,
8530,22.392250,-7.19444,5.93,,
8531,22.415667,-57.79722,5.32,,
8532,22.394333,20.84833,6.04,33 Peg,
8533,22.401917,-4.83694,5.78,51 Aqr,
8534,22.407528,-13.52944,5.76,50 Aqr,
8535,22.383389,57.28444,6.16,,
8536,22.398389,38.57361,6.22,,
8537,22.383389,62.42000,6.04,,
8538,22.392667,52.22917,4.43,β Lac,
8539,22.421278,1.37750,4.66,π Aqr,
8540,22.455556,-64.96639,4.48,δ Tuc,
8541,22.408611,49.47639,4.57,4 Lac,
8542,22.436306,-23.68250,6.29,,
8543,22.427972,18.44444,6.26,,
8545,22.442889,-16.74250,6.35,53 Aqr,
8546,22.219611,86.10806,5.27,,
8547,22.477139,-67.48917,5.55,,
8548,22.443722,4.39361,5.75,34 Peg,
8549,22.446028,37.44389,6.46,,
8551,22.464306,4.69556,4.79,35 Peg,
8552,22.477556,-39.13194,5.47,ν Gru,
8553,22.457361,39.80972,6.14,,
8555,22.462833,31.84028,5.98,,
8556,22.487833,-43.49556,3.97,δ¹ Gru,
8557,22.433556,70.77083,5.47,,
8558,22.480472,-0.02028,4.59,ζ¹ Aqr,
8559,22.480583,-0.02000,4.42,ζ² Aqr,
8560,22.495972,-43.74944,4.11,δ² Gru,
8561,22.451472,65.13222,5.46,26 Cep,
8562,22.485556,9.12889,5.58,36 Peg,
8563,22.496111,-27.10722,5.95,,
8564,22.486167,26.76306,5.79,,
8565,22.500417,-12.91500,6.40,,
8566,22.499444,4.43167,5.48,37 Peg,
8567,22.504833,-14.58583,6.37,56 Aqr,
8568,22.472139,64.08556,6.29,,
8570,22.514917,-26.07361,6.43,ζ PsA,
8571,22.486194,58.41528,3.75,δ Cep,
8572,22.492167,47.70694,4.36,5 Lac,
8573,22.510778,-10.67806,4.82,σ Aqr,
8574,22.500500,32.57250,5.65,38 Peg,
8575,22.501806,49.35611,6.40,,
8576,22.525083,-32.34611,4.29,β PsA,
8577,22.590667,-78.77167,6.15,,
8578,22.445139,78.78583,5.83,ρ¹ Cep,
8579,22.508139,43.12333,4.51,6 Lac,
8580,22.521778,-2.91111,6.16,,
8581,22.521778,-6.55500,6.14,,
8582,22.550028,-61.98222,4.81,ν Tuc,
8583,22.528139,-10.90556,6.38,58 Aqr,
8584,22.526167,29.54278,6.35,,
8585,22.521528,50.28250,3.77,α Lac,
8586,22.543194,20.23000,6.42,39 Peg,
8587,22.546361,15.86333,6.32,,
8588,22.540667,39.77972,5.88,,
8589,22.538556,54.03750,6.35,,
8590,22.567472,-1.57417,5.89,60 Aqr,
8591,22.498028,78.82417,5.50,ρ² Cep,
8592,22.578222,-20.70833,5.20,υ Aqr,
8593,22.598028,-57.88361,6.23,,
8594,22.561278,56.62500,5.71,,
8596,22.593472,-23.99111,5.97,,
8597,22.589278,-0.11750,4.02,η Aqr,
8598,22.554722,70.37389,6.34,,
8599,22.537833,76.22639,5.68,,
8600,22.608139,-40.58278,6.28,σ¹ Gru,
8601,22.609833,-31.66389,5.82,,
8602,22.616333,-40.59111,5.86,σ² Gru,
8603,22.597861,39.63417,5.73,8 Lac,
8604,22.602194,35.57722,6.10,,
8605,22.610111,11.69694,6.40,,
8606,22.598167,50.07111,6.29,,
8607,22.597722,56.07000,6.38,,
8608,22.617972,12.57722,6.30,,
8609,22.613528,35.65250,6.30,,
8610,22.629278,-4.22806,5.03,κ Aqr,Situla
8612,22.639500,-7.89778,6.23,,
8613,22.622889,51.54528,4.63,9 Lac,
8614,22.645750,-28.74778,6.47,,
8615,22.596139,73.64306,5.08,31 Cep,
8616,22.647639,-33.08139,5.66,,
8617,22.638194,45.18306,6.40,,
8618,22.647944,19.52222,5.82,40 Peg,
8619,22.662222,-28.32528,6.31,,
8620,22.680250,-57.42222,5.97,,
8621,22.643861,56.79583,5.21,,
8622,22.654361,39.05028,4.88,10 Lac,
8623,22.672861,-30.65889,5.87,,
8624,22.663056,19.68111,6.21,41 Peg,
8625,22.620278,75.37167,5.79,,
8626,22.659528,37.59278,6.03,,
8627,22.644167,63.58444,5.19,30 Cep,
8628,22.677611,-27.04361,4.17,ε PsA,
8629,22.680000,-3.55417,6.31,,
8630,22.767583,-81.38167,4.15,β Oct,
8631,22.681306,14.54944,5.71,,
8632,22.675250,44.27639,4.46,11 Lac,
8633,22.671778,53.84611,5.93,,
8634,22.691028,10.83139,3.40,ζ Peg,Homam
8635,22.710250,-47.21056,5.98,,
8636,22.711139,-46.88472,2.10,β Gru,Tiaki
8637,22.706139,-29.36083,6.17,19 PsA,
8638,22.692056,30.96583,6.34,,
8639,22.711972,-44.24778,6.07,,
8640,22.691278,40.22556,5.25,12 Lac,
8641,22.695944,29.30750,4.79,ο Peg,
8642,22.699278,14.51639,5.90,,
8643,22.693361,41.54944,5.94,,
8644,22.725000,-41.41444,4.85,ρ Gru,
8645,22.717639,-8.31167,6.45,,
8646,22.737917,-60.49944,6.30,,
8647,22.720639,-6.96278,6.41,67 Aqr,
8648,22.705778,53.90889,6.12,,
8649,22.726472,-18.83028,4.69,66 Aqr,
8650,22.716694,30.22139,2.94,η Peg,Matar
8651,22.715417,37.80278,6.43,,
8652,22.717917,47.16861,6.39,,
8654,22.734778,39.46556,5.95,,
8655,22.760528,-53.50028,4.85,η Gru,
8656,22.734861,41.81917,5.08,13 Lac,
8657,22.761306,-46.54750,5.51,,
8659,22.774528,-49.68583,6.48,,
8660,22.757833,19.36667,6.25,45 Peg,
8663,22.839694,-80.12417,5.35,ξ Oct,
8665,22.778222,12.17278,4.19,ξ Peg,
8666,22.769500,44.54611,5.76,,
8667,22.775528,23.56556,3.95,λ Peg,
8668,22.788639,-34.16111,6.28,,
8669,22.805944,-61.68417,6.37,,
8670,22.792528,-19.61333,5.26,68 Aqr,
8672,22.821500,-70.34778,6.34,,
8673,22.795222,-14.05639,5.66,τ¹ Aqr,
8674,22.798944,-25.91194,6.30,,
8675,22.809250,-51.31694,3.49,ε Gru,
8676,22.808389,-10.55556,6.19,70 Aqr,
8677,22.789778,58.48278,6.36,,
8678,22.803028,37.41667,5.90,,
8679,22.826528,-13.59250,4.01,τ² Aqr,
8680,22.833083,-32.80528,6.33,,
8682,22.813278,54.41500,6.12,,
8683,22.812278,62.93833,6.06,,
8684,22.833389,24.60167,3.48,μ Peg,Sadalbari
8685,22.850611,-39.15694,5.42,,
8686,22.862472,-59.88139,6.46,,
8687,22.816861,68.57028,6.19,,
8688,22.829500,55.90278,5.43,,
8689,22.869417,-63.18861,6.12,,
8690,22.839389,41.95361,5.92,14 Lac,
8691,22.844194,19.14083,6.40,,
8692,22.836167,50.67694,6.21,,
8693,22.855806,-29.53611,5.97,21 PsA,
8694,22.828000,66.20056,3.52,ι Cep,
8695,22.875444,-32.87556,4.46,γ PsA,
8696,22.856333,61.69694,5.60,,
8697,22.873361,9.83556,5.16,σ Peg,
8698,22.876917,-7.57972,3.74,λ Aqr,
8699,22.867222,43.31250,4.94,15 Lac,
8700,22.893861,-48.59806,6.04,τ¹ Gru,
8701,22.910944,-70.07361,6.05,ρ Ind,
8702,22.791389,83.15389,4.74,,
8703,22.883972,16.84111,5.64,,
8704,22.891306,-11.61667,5.80,74 Aqr,
8705,22.881194,50.41194,6.46,,
8706,22.886472,40.16722,6.34,,
8707,22.884389,60.10111,6.01,,
8708,22.894472,44.74917,5.81,,
8709,22.910833,-15.82083,3.27,δ Aqr,Skat
8710,22.909472,-7.20472,6.19,78 Aqr,
8711,22.912639,-16.27194,5.56,77 Aqr,
8712,22.901944,40.37694,5.81,,
8713,22.920806,-36.38861,6.40,,
8714,22.909917,16.94167,6.12,,
8715,22.916528,1.06472,6.11,1 Psc,
8716,22.919722,-4.98778,5.72,,
8717,22.920472,8.81583,4.90,ρ Peg,
8718,22.917389,37.07694,5.91,,
8719,22.930944,-31.63306,6.10,,
8720,22.932472,-32.53972,4.21,δ PsA,
8721,22.940000,-31.56556,6.48,,
8722,22.946611,-47.96917,5.70,τ³ Gru,
8723,22.929028,36.35167,5.74,,
8725,22.939889,41.60389,5.59,16 Lac,
8726,22.940556,49.73361,4.95,,
8727,22.954778,-4.81000,6.31,,
8728,22.960861,-29.62222,1.16,α PsA,Fomalhaut
8729,22.957750,20.76889,5.49,51 Peg,Helvetios
8730,22.959111,3.81028,6.28,,
8731,22.951250,48.68417,5.43,,
8732,22.976389,-35.52306,6.13,,
8733,22.961306,39.30889,6.18,,
8734,22.970972,-2.39528,6.16,,
8735,22.973250,-1.41028,6.37,,
8736,22.850611,85.37361,5.90,,
8737,22.976417,9.35694,6.43,,
8738,22.978500,7.33972,6.33,,
8739,22.986611,11.72889,5.75,52 Peg,
8740,22.993278,-29.46222,5.51,,
8741,22.993250,-13.07083,6.07,,
8742,22.990944,0.96278,5.43,2 Psc,
8743,23.001611,-25.16417,5.65,,
8744,22.986194,52.65444,6.29,,
8745,22.985833,59.81472,6.43,,
8746,23.006833,-25.62667,6.29,,
8747,23.014667,-52.75417,4.12,ζ Gru,
8748,22.906889,84.34611,4.71,,
8749,23.018750,-50.95000,5.68,,
8750,23.010528,0.18583,6.21,3 Psc,
8751,23.011917,3.01167,5.83,,
8752,23.001417,56.94528,5.00,,
8754,23.022056,-28.85361,5.55,,
8755,23.009556,45.37500,6.50,,
8756,23.023056,-22.79083,6.28,,
8757,23.023222,-7.06111,6.21,81 Aqr,
8759,23.025472,-4.71139,5.94,,
8760,23.042778,-36.42083,6.47,,
8761,23.025194,57.10556,6.20,,
8762,23.032028,42.32611,3.62,ο And,
8763,23.042389,-6.57417,6.15,82 Aqr,
8764,23.045639,-20.87056,5.97,,
8766,23.043417,42.75778,5.10,2 And,
8767,23.058278,-34.74944,5.11,π PsA,
8768,23.045889,44.05889,6.39,,
8769,23.081167,-68.82028,5.52,,
8770,23.045500,55.23639,6.50,,
8771,23.066528,-41.47833,5.79,,
8773,23.064611,3.82000,4.53,β Psc,Fumalsamakah
8774,23.077667,-53.96500,5.37,κ Gru,
8775,23.062917,28.08278,2.42,β Peg,Scheat
8776,23.066944,6.61667,6.41,,
8778,23.056000,58.56472,6.43,,
8779,23.059139,67.20917,5.24,,
8780,23.069722,50.05222,4.65,3 And,
8781,23.079361,15.20528,2.49,α Peg,Markab
8782,23.086056,-7.69361,5.43,83 Aqr,
8783,23.086889,-17.07917,6.14,,
8784,23.085083,16.56306,6.44,,
8785,23.088222,1.30694,6.39,,
8786,23.139917,-79.48083,6.12,,
8787,23.114667,-43.52056,4.28,θ Gru,
8788,23.105056,18.51750,6.13,,
8789,23.111361,-23.74306,4.47,86 Aqr,
8790,23.114889,-38.89222,5.61,υ Gru,
8791,23.119306,-49.60667,6.33,,
8792,23.108861,19.91083,6.30,,
8793,23.120750,-50.68639,5.83,,
8794,23.143250,-73.58639,6.15,,
8795,23.116750,9.40944,4.52,55 Peg,
8796,23.118556,25.46833,4.76,56 Peg,
8797,23.110250,59.41972,4.85,1 Cas,
8798,23.124361,32.82583,6.02,,
8799,23.124639,21.13417,5.99,,
8801,23.119472,52.81639,6.11,,
8802,23.139167,-28.82333,5.60,,
8803,23.119556,59.72750,6.40,,
8804,23.127583,46.38722,5.33,4 And,
8805,23.129278,49.29583,5.70,5 And,
8807,23.144694,2.12778,5.40,5 Psc,
8808,23.129917,63.63333,6.26,,
8809,23.169917,-66.85750,6.47,,
8810,23.203333,-80.91278,6.41,,
8811,23.132556,64.22250,6.21,,
8812,23.157444,-21.17250,3.66,88 Aqr,
8813,23.162389,-28.08861,5.87,,
8814,23.165917,-42.86056,5.81,,
8815,23.158750,8.67722,5.12,57 Peg,
8816,23.163778,-14.51056,6.42,,
8817,23.165222,-22.45750,4.69,89 Aqr,
8818,23.169389,-40.59167,5.83,,
8819,23.131639,75.38750,4.41,π Cep,
8820,23.172667,-45.24667,3.90,ι Gru,
8821,23.167083,9.82194,5.39,58 Peg,
8822,23.162250,59.33306,5.70,2 Cas,
8824,23.178500,17.59444,5.71,,
8825,23.174222,43.54417,5.94,6 And,
8826,23.195611,8.72000,5.16,59 Peg,
8827,23.197000,26.84722,6.17,60 Peg,
8829,23.235167,-62.70000,6.12,,
8830,23.209167,49.40639,4.52,7 And,
8831,23.217778,29.44167,6.35,,
8832,23.221389,57.16833,5.56,,
8833,23.224028,11.06500,5.82,,
8834,23.238722,-6.04889,4.22,φ Aqr,
8835,23.249611,-41.10556,5.77,,
8836,23.244500,-10.68861,6.12,,
8837,23.237306,50.61778,6.31,,
8838,23.239361,29.77167,6.41,,
8839,23.243472,24.10306,6.36,,
8840,23.259528,-3.49639,5.55,,
8841,23.264861,-9.08778,4.21,ψ¹ Aqr,
8842,23.262861,28.24778,6.49,61 Peg,
8843,23.282694,-62.00111,5.66,,
8844,23.243694,74.23111,5.84,,
8846,23.277694,-44.48917,5.92,,
8847,23.280500,-41.19444,6.47,,
8848,23.290500,-58.23583,3.99,γ Tuc,
8849,23.318917,-79.47278,6.33,,
8850,23.280806,-7.72667,5.06,χ Aqr,
8851,23.260500,70.88806,5.56,,
8852,23.286083,3.28222,3.69,γ Psc,
8853,23.278417,53.21361,5.54,,
8855,23.305556,-67.47111,6.13,,
8856,23.294444,-11.71306,6.34,,
8857,23.287944,45.16417,6.43,,
8858,23.298389,-9.18250,4.39,ψ² Aqr,
8859,23.302750,-40.82444,5.53,φ Gru,
8860,23.295750,49.01528,4.85,8 And,
8861,23.298917,45.48889,6.48,,
8862,23.467694,-87.48222,5.49,τ Oct,
8863,23.313722,-32.53194,4.41,γ Scl,
8864,23.306500,41.77361,6.02,9 And,
8865,23.316028,-9.61083,4.98,ψ³ Aqr,
8866,23.318528,-13.45889,5.08,94 Aqr,
8867,23.288583,75.29917,6.38,,
8868,23.323333,-5.12444,5.55,96 Aqr,
8869,23.323361,-18.07528,5.93,,
8870,23.317333,45.13722,6.50,,
8871,23.328667,-33.70806,6.37,,
8872,23.310417,68.11167,4.75,ο Cep,
8873,23.324278,34.79333,6.32,,
8874,23.324944,48.62528,5.44,11 And,
8875,23.328222,48.38083,6.32,,
8876,23.331222,42.07806,5.79,10 And,
8877,23.347222,-50.30667,6.05,,
8878,23.339056,5.38139,5.05,7 Psc,
8879,23.344694,-5.90806,6.17,,
8880,23.343944,23.74028,4.60,τ Peg,Salm
8881,23.337306,61.97000,6.45,,
8882,23.347111,30.41500,5.59,63 Peg,
8883,23.354306,-26.98667,5.64,,
8884,23.345556,44.11639,6.13,,
8885,23.348139,38.18222,5.77,12 And,
8886,23.342944,62.21306,6.39,,
8887,23.365250,31.81250,5.32,64 Peg,
8889,23.382472,-60.05583,6.09,,
8890,23.377556,-15.03917,5.20,97 Aqr,
8891,23.377917,20.82861,6.29,65 Peg,
8892,23.382833,-20.10056,3.97,98 Aqr,
8893,23.384611,12.31389,5.08,66 Peg,
8894,23.375694,60.13361,5.56,,
8895,23.398417,-53.80833,6.15,,
8896,23.395944,-43.12444,6.10,,
8897,23.392194,0.29139,6.31,,
8898,23.403639,-51.89139,5.75,,
8900,23.402167,-18.68750,6.19,,
8901,23.422056,-56.84917,5.59,,
8903,23.414111,32.38500,5.57,67 Peg,
8904,23.413972,62.28278,4.98,4 Cas,
8905,23.423000,23.40417,4.40,υ Peg,Alkarab
8906,23.434111,-20.64194,4.39,99 Aqr,
8907,23.443500,-52.72167,5.52,ο Gru,
8908,23.452000,-66.58111,6.45,,
8909,23.454167,-58.47611,5.63,,
8910,23.452528,-50.15722,6.20,,
8911,23.448889,1.25556,4.94,κ Psc,
8912,23.454111,1.12250,6.25,9 Psc,
8913,23.452056,42.91194,5.75,13 And,
8914,23.466861,-35.54444,6.32,,
8915,23.461222,25.16722,5.98,69 Peg,
8916,23.466139,6.37889,4.28,θ Psc,
8917,23.468111,-11.44972,6.37,,
8918,23.454611,70.35972,5.60,,
8919,23.483611,-63.11083,5.68,,
8920,23.483556,-44.49778,6.43,,
8921,23.483500,-9.26611,6.18,,
8922,23.484889,23.04778,6.35,,
8923,23.485917,12.76056,4.55,70 Peg,
8924,23.492250,-4.53278,6.25,,
8925,23.502056,49.13306,6.17,,
8926,23.500556,58.54889,4.91,,
8927,23.511028,38.66194,6.05,,
8928,23.516972,-6.28833,6.39,,
8929,23.524167,-44.84361,6.02,,
8930,23.521500,39.23639,5.22,14 And,Veritate
8931,23.525417,-4.08722,6.49,,
8932,23.528361,-21.36944,6.29,100 Aqr,
8933,23.528639,28.40361,6.41,,
8934,23.532667,-1.08583,6.38,13 Psc,
8935,23.555417,-77.38528,5.81,,
8937,23.549528,-37.81833,4.37,β Scl,
8938,23.450222,87.30750,5.58,,
8939,23.554611,-20.91444,4.71,101 Aqr,
8940,23.557806,22.49889,5.32,71 Peg,
8941,23.561861,45.05806,6.24,,
8942,23.565417,20.84083,6.06,,
8943,23.565889,31.32528,4.98,72 Peg,
8944,23.569167,-1.24750,5.87,14 Psc,
8946,23.580389,-15.24583,5.96,,
8947,23.577083,40.23639,5.59,15 And,
8948,23.577278,33.49722,5.63,73 Peg,
8949,23.584611,-42.61500,4.71,ι Phe,
8950,23.579639,38.02389,6.18,,
8951,23.592250,-7.46444,6.39,,
8952,23.583056,71.64222,5.84,,
8953,23.598861,24.56111,6.45,,
8954,23.606472,2.10222,5.68,16 Psc,
8955,23.608472,32.90417,6.35,,
8957,23.640028,-76.87000,6.00,,
8958,23.627667,-13.06028,5.65,,
8959,23.630833,-45.49250,4.74,,
8960,23.627722,16.82556,6.26,74 Peg,
8961,23.626083,46.45806,3.82,λ And,
8962,23.625556,44.42917,5.80,,
8963,23.632444,18.40056,5.53,75 Peg,
8965,23.635611,43.26806,4.29,ι And,
8966,23.657778,-46.63778,6.09,θ Phe,
8967,23.652306,50.47167,5.30,18 And,
8968,23.663083,-14.22167,5.00,ω¹ Aqr,
8969,23.665833,5.62639,4.13,ι Psc,
8970,23.665306,9.67722,5.97,,
8971,23.652889,75.29278,5.95,,
8972,23.655861,74.00278,5.98,,
8974,23.655778,77.63250,3.21,γ Cep,Errai
8975,23.677278,-32.07306,5.31,μ Scl,
8976,23.673472,44.33389,4.14,κ And,
8977,23.677944,36.72083,6.23,,
8979,23.685806,-11.68056,5.89,,
8980,23.692917,-18.02722,5.34,103 Aqr,
8981,23.690806,49.51222,6.26,,
8982,23.696056,-17.81639,4.82,104 Aqr,
8983,23.699083,7.25056,5.89,,
8984,23.700778,1.78000,4.50,λ Psc,
8985,23.698472,57.26000,6.24,,
8987,23.707750,-15.44778,5.28,,
8988,23.712028,-14.54500,4.49,ω² Aqr,
8990,23.708750,61.67944,6.40,,
8991,23.722889,10.33139,5.06,77 Peg,
8992,23.730417,-15.28444,6.36,,
8993,23.733722,-45.08333,6.09,,
8994,23.740389,-70.49028,6.07,,
8995,23.744639,-78.79139,5.75,,
8996,23.736667,-64.40444,5.72,,
8997,23.733194,29.36167,4.93,78 Peg,
8998,23.736694,-18.27694,5.24,106 Aqr,
8999,23.741361,-26.24639,6.17,,
9001,23.767000,-40.18250,6.31,,
9002,23.766917,-18.67806,5.29,107 Aqr,
9003,23.767250,46.42028,4.95,ψ And,
9004,23.773194,3.48667,5.04,19 Psc,
9005,23.776861,66.78222,5.95,,
9006,23.787778,-50.22667,5.18,σ Phe,
9008,23.784306,58.65194,4.87,τ Cas,
9009,23.787750,-11.91083,5.73,,
9010,23.783861,57.45139,5.51,,
9011,23.792556,46.83250,6.07,,
9012,23.799028,-2.76167,5.49,20 Psc,
9013,23.798556,67.80694,5.04,,
9014,23.809028,-6.38056,6.07,,
9015,23.813694,2.21417,6.46,,
9016,23.815444,-28.13028,4.57,δ Scl,
9017,23.810833,64.87639,6.41,,
9018,23.813944,62.21444,5.43,6 Cas,
9019,23.814972,59.97889,6.34,,
9020,23.820000,58.96306,6.33,,
9021,23.825444,-15.86111,6.24,,
9022,23.824306,1.07611,5.77,21 Psc,
9024,23.828056,36.42528,5.90,,
9025,23.827611,28.84250,5.97,79 Peg,
9026,23.830444,-25.33139,6.42,,
9027,23.837417,-9.97417,5.94,,
9028,23.839528,51.62167,6.44,,
9029,23.842583,-14.40194,5.72,,
9030,23.855889,9.31333,5.79,80 Peg,
9031,23.855917,-18.90889,5.18,108 Aqr,
9032,23.868444,-82.01889,5.11,γ¹ Oct,
9033,23.866083,2.93028,5.55,22 Psc,
9035,23.873167,21.67083,6.11,,
9036,23.874806,19.12028,5.08,φ Peg,
9037,23.875000,-14.25111,5.87,,
9038,23.873639,75.54472,6.39,,
9039,23.876972,10.94750,5.30,82 Peg,
9040,23.880694,-8.99667,5.75,,
9041,23.882111,-3.15556,5.93,24 Psc,
9042,23.884667,2.09056,6.28,25 Psc,
9043,23.889111,-24.22917,6.24,,
9044,23.905944,-27.04222,6.35,,
9045,23.906389,57.49944,4.54,ρ Cas,
9046,23.910722,-40.30000,6.03,,
9047,23.912944,0.10917,5.61,,
9048,23.918833,7.07111,6.21,26 Psc,
9049,23.921278,-31.92167,6.10,,
9052,23.926028,57.41222,6.00,,
9053,23.926000,47.35583,6.00,,
9054,23.941639,-24.73722,6.31,,
9055,23.944861,22.64806,6.15,,
9057,23.951000,42.65833,5.97,,
9058,23.952306,-26.62361,6.26,,
9059,23.952361,55.70583,5.55,,
9060,23.955528,-62.95639,5.97,,
9061,23.959083,-82.17000,5.73,γ² Oct,
9062,23.959778,-64.29833,5.00,η Tuc,
9063,23.959306,60.02361,6.47,,
9064,23.962639,25.14139,4.66,ψ Peg,
9065,23.972556,-15.84750,6.26,1 Cet,
9066,23.973556,51.38861,4.80,,
9067,23.977889,-3.55611,4.86,27 Psc,
9069,23.982167,-52.74583,5.13,π Phe,
9071,23.983472,55.75500,4.88,σ Cas,
9072,23.988528,6.86333,4.01,ω Psc,
9073,23.991083,-29.48500,5.62,,
9076,23.998611,-65.57722,4.50,ε Tuc,
9077,0.005333,-44.29056,6.29,,
9078,0.006639,26.91833,6.46,,
9079,0.008583,59.55972,6.19,,
9080,0.012139,45.25333,6.38,,
9081,0.017917,-48.81000,5.71,τ Phe,
9082,0.022222,-50.33722,5.53,,
9083,0.022028,49.98167,6.22,,
9084,0.026583,-77.06583,4.78,θ Oct,
9085,0.026917,61.22306,5.55,,
9086,0.028833,42.36722,6.25,,
9087,0.030389,-3.02750,5.10,29 Psc,
9088,0.036167,27.08194,5.75,85 Peg,
9089,0.032667,-6.01417,4.41,30 Psc,
9091,0.038861,-29.72028,5.01,ζ Scl,
9092,0.040056,8.95694,6.32,31 Psc,
9093,0.041583,8.48556,5.63,32 Psc,
9094,0.043361,66.09889,5.86,,
9095,0.049333,-20.04611,6.25,,
9096,0.052139,-24.14528,6.44,,
9097,0.057139,63.64194,6.24,,
9098,0.062333,-17.33611,4.55,2 Cet,
9099,0.064417,66.71222,6.29,,
9100,0.070444,62.28778,5.88,9 Cas,
9101,0.072139,-16.52889,5.78,,
9102,0.072306,-29.26861,6.40,,
9103,0.075028,-10.50944,4.94,3 Cet,
9104,0.078333,67.16667,5.67,,
9105,0.076861,42.09222,6.01,,
9107,0.081611,34.65972,6.12,,
9108,0.078139,-71.43694,5.59,,
9109,0.082222,26.64889,6.25,,
9110,0.085056,61.31417,5.80,,
